{"features":[{"geometry":{"coordinates":[[[-122.88447311683606,48.49290319605414],[-122.87613935539326,48.50359349699134],[-122.88606048067602,48.51257778603787],[-122.90431521064677,48.51087081772074],[-122.91264463369563,48.50018037002996],[-122.90272366641001,48.49119703726137],[-122.88447311683606,48.49290319605414]]],"type":"Polygon"},"id":"8728d1000ffffff","properties":{"h3":"8728d1000ffffff","roles":["land"],"target":false},"type":"Feature"},{"geometry":{"coordinates":[[[-122.91264463369563,48.50018037002996],[-122.90431521064677,48.51087081772074],[-122.91423864299033,48.51985073295947],[-122.93249133605623,48.51813924443525],[-122.94081641660016,48.50744865161037],[-122.93089314782422,48.498469692294975],[-122.91264463369563,48.50018037002996]]],"type":"Polygon"},"id":"8728d1001ffffff","properties":{"h3":"8728d1001ffffff","roles":["land","water"],"target":true},"type":"Feature"},{"geometry":{"coordinates":[[[-122.85788259738787,48.50529594376723],[-122.84954278217225,48.51598348706841],[-122.85946406026653,48.52496873274123],[-122.8777250020093,48.52326547833827],[-122.88606048067602,48.51257778603787],[-122.87613935539326,48.50359349699134],[-122.85788259738787,48.50529594376723]]],"type":"Polygon"},"id":"8728d1002ffffff","properties":{"h3":"8728d1002ffffff","roles":[],"target":true},"type":"Feature"},{"geometry":{"coordinates":[[[-122.88606048067602,48.51257778603787],[-122.8777250020093,48.52326547833827],[-122.88764859273883,48.5322463498514],[-122.90590750499226,48.53053857264108],[-122.91423864299033,48.51985073295947],[-122.90431521064677,48.51087081772074],[-122.88606048067602,48.51257778603787]]],"type":"Polygon"},"id":"8728d1003ffffff","properties":{"h3":"8728d1003ffffff","roles":["land"],"target":false},"type":"Feature"},{"geometry":{"coordinates":[[[-122.88288650069279,48.473222581817524],[-122.87455445579386,48.48391549011658],[-122.88447311683606,48.49290319605414],[-122.90272366641001,48.49119703726137],[-122.91105137518797,48.480503982835145],[-122.9011328717545,48.47151723318051],[-122.88288650069279,48.473222581817524]]],"type":"Polygon"},"id":"8728d1004ffffff","properties":{"h3":"8728d1004ffffff","roles":["land"],"target":false},"type":"Feature"},{"geometry":{"coordinates":[[[-122.91105137518797,48.480503982835145],[-122.90272366641001,48.49119703726137],[-122.91264463369563,48.50018037002996],[-122.93089314782422,48.498469692294975],[-122.93921651637277,48.487776493361366],[-122.92929571226242,48.47879411652145],[-122.91105137518797,48.480503982835145]]],"type":"Polygon"},"id":"8728d1005ffffff","properties":{"h3":"8728d1005ffffff","roles":["land"],"target":false},"type":"Feature"},{"geometry":{"coordinates":[[[-122.85630187963862,48.485617128634864],[-122.8479637839191,48.49630728120014],[-122.85788259738787,48.50529594376723],[-122.87613935539326,48.50359349699134],[-122.88447311683606,48.49290319605414],[-122.87455445579386,48.48391549011658],[-122.85630187963862,48.485617128634864]]],"type":"Polygon"},"id":"8728d1006ffffff","properties":{"h3":"8728d1006ffffff","roles":[],"target":true},"type":"Feature"},{"geometry":{"coordinates":[[[-122.94241707070397,48.52711478558427],[-122.93409027748808,48.53780277102796],[-122.9440184792146,48.54677489337214],[-122.9622733058629,48.54505807456176],[-122.9705957501892,48.534369944976135],[-122.96066771799742,48.52539877819348],[-122.94241707070397,48.52711478558427]]],"type":"Polygon"},"id":"8728d1008ffffff","properties":{"h3":"8728d1008ffffff","roles":["water"],"target":true},"type":"Feature"},{"geometry":{"coordinates":[[[-122.9705957501892,48.534369944976135],[-122.9622733058629,48.54505807456176],[-122.97220380594413,48.55402582190728],[-122.99045657648207,48.55230448431688],[-122.99877466781773,48.54161621221049],[-122.98884434284541,48.53264942006559],[-122.9705957501892,48.534369944976135]]],"type":"Polygon"},"id":"8728d1009ffffff","properties":{"h3":"8728d1009ffffff","roles":["water"],"target":true},"type":"Feature"},{"geometry":{"coordinates":[[[-122.9158334036004,48.53951506970952],[-122.90750054997439,48.55020030011169],[-122.91742891605467,48.55917337837279],[-122.93568997264984,48.55746027016563],[-122.9440184792146,48.54677489337214],[-122.93409027748808,48.53780277102796],[-122.9158334036004,48.53951506970952]]],"type":"Polygon"},"id":"8728d100affffff","properties":{"h3":"8728d100affffff","roles":["water"],"target":true},"type":"Feature"},{"geometry":{"coordinates":[[[-122.9440184792146,48.54677489337214],[-122.93568997264984,48.55746027016563],[-122.94562064266307,48.566428973069826],[-122.96387965055048,48.564711343472354],[-122.97220380594413,48.55402582190728],[-122.9622733058629,48.54505807456176],[-122.9440184792146,48.54677489337214]]],"type":"Polygon"},"id":"8728d100bffffff","properties":{"h3":"8728d100bffffff","roles":["land","water"],"target":true},"type":"Feature"},{"geometry":{"coordinates":[[[-122.94081641660016,48.50744865161037],[-122.93249133605623,48.51813924443525],[-122.94241707070397,48.52711478558427],[-122.96066771799742,48.52539877819348],[-122.96898845193161,48.514708041855],[-122.95906288642188,48.505733456271734],[-122.94081641660016,48.50744865161037]]],"type":"Polygon"},"id":"8728d100cffffff","properties":{"h3":"8728d100cffffff","roles":["water"],"target":true},"type":"Feature"},{"geometry":{"coordinates":[[[-122.96898845193161,48.514708041855],[-122.96066771799742,48.52539877819348],[-122.9705957501892,48.534369944976135],[-122.98884434284541,48.53264942006559],[-122.99716072607127,48.52195854183506],[-122.98723286858778,48.5129883302576],[-122.96898845193161,48.514708041855]]],"type":"Polygon"},"id":"8728d100dffffff","properties":{"h3":"8728d100dffffff","roles":["land","water"],"target":true},"type":"Feature"},{"geometry":{"coordinates":[[[-122.91423864299033,48.51985073295947],[-122.90590750499226,48.53053857264108],[-122.9158334036004,48.53951506970952],[-122.93409027748808,48.53780277102796],[-122.94241707070397,48.52711478558427],[-122.93249133605623,48.51813924443525],[-122.91423864299033,48.51985073295947]]],"type":"Polygon"},"id":"8728d100effffff","properties":{"h3":"8728d100effffff","roles":["land","water"],"target":true},"type":"Feature"},{"geometry":{"coordinates":[[[-122.8030958850317,48.5103868025971],[-122.79474568438383,48.52107143125691],[-122.80466478712954,48.53006200811932],[-122.82293394973097,48.52836699885404],[-122.83127981981917,48.517682217334205],[-122.82136085911341,48.50869259779185],[-122.8030958850317,48.5103868025971]]],"type":"Polygon"},"id":"8728d1010ffffff","properties":{"h3":"8728d1010ffffff","roles":[],"target":true},"type":"Feature"},{"geometry":{"coordinates":[[[-122.83127981981917,48.517682217334205],[-122.82293394973097,48.52836699885404],[-122.83285537544367,48.537353201500636],[-122.85112252487264,48.53565366550549],[-122.85946406026653,48.52496873274123],[-122.84954278217225,48.51598348706841],[-122.83127981981917,48.517682217334205]]],"type":"Polygon"},"id":"8728d1011ffffff","properties":{"h3":"8728d1011ffffff","roles":[],"target":true},"type":"Feature"},{"geometry":{"coordinates":[[[-122.80466478712954,48.53006200811932],[-122.79631286107728,48.54074402371435],[-122.806234429208,48.54973118368123],[-122.82450778222163,48.5480353705848],[-122.83285537544367,48.537353201500636],[-122.82293394973097,48.52836699885404],[-122.80466478712954,48.53006200811932]]],"type":"Polygon"},"id":"8728d1013ffffff","properties":{"h3":"8728d1013ffffff","roles":[],"target":true},"type":"Feature"},{"geometry":{"coordinates":[[[-122.80152772239366,48.49070556902794],[-122.79317924646415,48.5013928094807],[-122.8030958850317,48.5103868025971],[-122.82136085911341,48.50869259779185],[-122.82970500675204,48.49800520510692],[-122.81978850984687,48.489012169311735],[-122.80152772239366,48.49070556902794]]],"type":"Polygon"},"id":"8728d1014ffffff","properties":{"h3":"8728d1014ffffff","roles":[],"target":true},"type":"Feature"},{"geometry":{"coordinates":[[[-122.82970500675204,48.49800520510692],[-122.82136085911341,48.50869259779185],[-122.83127981981917,48.517682217334205],[-122.84954278217225,48.51598348706841],[-122.85788259738787,48.50529594376723],[-122.8479637839191,48.49630728120014],[-122.82970500675204,48.49800520510692]]],"type":"Polygon"},"id":"8728d1015ffffff","properties":{"h3":"8728d1015ffffff","roles":[],"target":true},"type":"Feature"},{"geometry":{"coordinates":[[[-122.86104626879914,48.54463549364308],[-122.85270301254444,48.555317814601146],[-122.86262922351081,48.56429622456584],[-122.88089853839502,48.56259135679977],[-122.88923745355127,48.551908885584105],[-122.87931139616776,48.54293143224345],[-122.86104626879914,48.54463549364308]]],"type":"Polygon"},"id":"8728d1018ffffff","properties":{"h3":"8728d1018ffffff","roles":[],"target":true},"type":"Feature"},{"geometry":{"coordinates":[[[-122.88923745355127,48.551908885584105],[-122.88089853839502,48.56259135679977],[-122.89082706364049,48.57156539133229],[-122.90909434612172,48.56985599822874],[-122.91742891605467,48.55917337837279],[-122.90750054997439,48.55020030011169],[-122.88923745355127,48.551908885584105]]],"type":"Polygon"},"id":"8728d1019ffffff","properties":{"h3":"8728d1019ffffff","roles":["land","water"],"target":true},"type":"Feature"},{"geometry":{"coordinates":[[[-122.83443167414852,48.55701815569605],[-122.82608235710784,48.56769771107746],[-122.83600871645714,48.5766770780171],[-122.85428424571234,48.57497593245188],[-122.86262922351081,48.56429622456584],[-122.85270301254444,48.555317814601146],[-122.83443167414852,48.55701815569605]]],"type":"Polygon"},"id":"8728d101affffff","properties":{"h3":"8728d101affffff","roles":[],"target":true},"type":"Feature"},{"geometry":{"coordinates":[[[-122.86262922351081,48.56429622456584],[-122.85428424571234,48.57497593245188],[-122.86421292492709,48.58395092360939],[-122.88248642921783,48.58224525010705],[-122.89082706364049,48.57156539133229],[-122.88089853839502,48.56259135679977],[-122.86262922351081,48.56429622456584]]],"type":"Polygon"},"id":"8728d101bffffff","properties":{"h3":"8728d101bffffff","roles":[],"target":true},"type":"Feature"},{"geometry":{"coordinates":[[[-122.85946406026653,48.52496873274123],[-122.85112252487264,48.53565366550549],[-122.86104626879914,48.54463549364308],[-122.87931139616776,48.54293143224345],[-122.88764859273883,48.5322463498514],[-122.8777250020093,48.52326547833827],[-122.85946406026653,48.52496873274123]]],"type":"Polygon"},"id":"8728d101cffffff","properties":{"h3":"8728d101cffffff","roles":[],"target":true},"type":"Feature"},{"geometry":{"coordinates":[[[-122.88764859273883,48.5322463498514],[-122.87931139616776,48.54293143224345],[-122.88923745355127,48.551908885584105],[-122.90750054997439,48.55020030011169],[-122.9158334036004,48.53951506970952],[-122.90590750499226,48.53053857264108],[-122.88764859273883,48.5322463498514]]],"type":"Polygon"},"id":"8728d101dffffff","properties":{"h3":"8728d101dffffff","roles":["land","water"],"target":true},"type":"Feature"},{"geometry":{"coordinates":[[[-122.83285537544367,48.537353201500636],[-122.82450778222163,48.5480353705848],[-122.83443167414852,48.55701815569605],[-122.85270301254444,48.555317814601146],[-122.86104626879914,48.54463549364308],[-122.85112252487264,48.53565366550549],[-122.83285537544367,48.537353201500636]]],"type":"Polygon"},"id":"8728d101effffff","properties":{"h3":"8728d101effffff","roles":[],"target":true},"type":"Feature"},{"geometry":{"coordinates":[[[-122.90786710842285,48.44113314334052],[-122.8995428261533,48.4518314074025],[-122.9094588669395,48.46082157329605],[-122.92769902884176,48.459112519035806],[-122.93601897542771,48.44841411171609],[-122.92610309703366,48.439424901766024],[-122.90786710842285,48.44113314334052]]],"type":"Polygon"},"id":"8728d1020ffffff","properties":{"h3":"8728d1020ffffff","roles":["water"],"target":true},"type":"Feature"},{"geometry":{"coordinates":[[[-122.93601897542771,48.44841411171609],[-122.92769902884176,48.459112519035806],[-122.93761736949173,48.468098312755075],[-122.95585549001423,48.466384743419084],[-122.96417109681936,48.4556861944632],[-122.95425292412014,48.44670135633082],[-122.93601897542771,48.44841411171609]]],"type":"Polygon"},"id":"8728d1021ffffff","properties":{"h3":"8728d1021ffffff","roles":["land","water"],"target":true},"type":"Feature"},{"geometry":{"coordinates":[[[-122.88130063172044,48.45353594525232],[-122.87297030268569,48.46423145963472],[-122.88288650069279,48.473222581817524],[-122.9011328717545,48.47151723318051],[-122.9094588669395,48.46082157329605],[-122.8995428261533,48.4518314074025],[-122.88130063172044,48.45353594525232]]],"type":"Polygon"},"id":"8728d1022ffffff","properties":{"h3":"8728d1022ffffff","roles":["land"],"target":false},"type":"Feature"},{"geometry":{"coordinates":[[[-122.9094588669395,48.46082157329605],[-122.9011328717545,48.47151723318051],[-122.91105137518797,48.480503982835145],[-122.92929571226242,48.47879411652145],[-122.93761736949173,48.468098312755075],[-122.92769902884176,48.459112519035806],[-122.9094588669395,48.46082157329605]]],"type":"Polygon"},"id":"8728d1023ffffff","properties":{"h3":"8728d1023ffffff","roles":["land"],"target":false},"type":"Feature"},{"geometry":{"coordinates":[[[-122.90627609911117,48.421438694903294],[-122.89795352907984,48.43213956185859],[-122.90786710842285,48.44113314334052],[-122.92610309703366,48.439424901766024],[-122.9344213336516,48.42872389217592],[-122.92450791630996,48.419731266646956],[-122.90627609911117,48.421438694903294]]],"type":"Polygon"},"id":"8728d1024ffffff","properties":{"h3":"8728d1024ffffff","roles":[],"target":true},"type":"Feature"},{"geometry":{"coordinates":[[[-122.9344213336516,48.42872389217592],[-122.92610309703366,48.439424901766024],[-122.93601897542771,48.44841411171609],[-122.95425292412014,48.44670135633082],[-122.96256682323009,48.43600020572782],[-122.9526511123921,48.4270119513745],[-122.9344213336516,48.42872389217592]]],"type":"Polygon"},"id":"8728d1025ffffff","properties":{"h3":"8728d1025ffffff","roles":[],"target":true},"type":"Feature"},{"geometry":{"coordinates":[[[-122.87971550939386,48.43384328828957],[-122.87138689554398,48.444541407473324],[-122.88130063172044,48.45353594525232],[-122.8995428261533,48.4518314074025],[-122.90786710842285,48.44113314334052],[-122.89795352907984,48.43213956185859],[-122.87971550939386,48.43384328828957]]],"type":"Polygon"},"id":"8728d1026ffffff","properties":{"h3":"8728d1026ffffff","roles":[],"target":true},"type":"Feature"},{"geometry":{"coordinates":[[[-122.96577612577852,48.47536616468054],[-122.95745881060455,48.48606211070763],[-122.96738191063875,48.49504011445161],[-122.98562215317526,48.49332121680077],[-122.99393512220031,48.482625130135226],[-122.9840121960746,48.4736480816098],[-122.96577612577852,48.47536616468054]]],"type":"Polygon"},"id":"8728d1028ffffff","properties":{"h3":"8728d1028ffffff","roles":["water"],"target":true},"type":"Feature"},{"geometry":{"coordinates":[[[-122.99393512220031,48.482625130135226],[-122.98562215317526,48.49332121680077],[-122.99554754437685,48.50229484717285],[-123.01378572636824,48.50057143587418],[-123.02209434515702,48.48987521019344],[-123.01216913342628,48.48090253467705],[-122.99393512220031,48.482625130135226]]],"type":"Polygon"},"id":"8728d1029ffffff","properties":{"h3":"8728d1029ffffff","roles":["land","water"],"target":true},"type":"Feature"},{"geometry":{"coordinates":[[[-122.93921651637277,48.487776493361366],[-122.93089314782422,48.498469692294975],[-122.94081641660016,48.50744865161037],[-122.95906288642188,48.505733456271734],[-122.96738191063875,48.49504011445161],[-122.95745881060455,48.48606211070763],[-122.93921651637277,48.487776493361366]]],"type":"Polygon"},"id":"8728d102affffff","properties":{"h3":"8728d102affffff","roles":["water"],"target":true},"type":"Feature"},{"geometry":{"coordinates":[[[-122.96738191063875,48.49504011445161],[-122.95906288642188,48.505733456271734],[-122.96898845193161,48.514708041855],[-122.98723286858778,48.5129883302576],[-122.99554754437685,48.50229484717285],[-122.98562215317526,48.49332121680077],[-122.96738191063875,48.49504011445161]]],"type":"Polygon"},"id":"8728d102bffffff","properties":{"h3":"8728d102bffffff","roles":["water"],"target":true},"type":"Feature"},{"geometry":{"coordinates":[[[-122.96417109681936,48.4556861944632],[-122.95585549001423,48.466384743419084],[-122.96577612577852,48.47536616468054],[-122.9840121960746,48.4736480816098],[-122.99232345900786,48.462949392640375],[-122.98240299675295,48.45396892660623],[-122.96417109681936,48.4556861944632]]],"type":"Polygon"},"id":"8728d102cffffff","properties":{"h3":"8728d102cffffff","roles":["land","water"],"target":true},"type":"Feature"},{"geometry":{"coordinates":[[[-122.99232345900786,48.462949392640375],[-122.9840121960746,48.4736480816098],[-122.99393512220031,48.482625130135226],[-123.01216913342628,48.48090253467705],[-123.02047604840291,48.47020370731769],[-123.010553301345,48.46122761365707],[-122.99232345900786,48.462949392640375]]],"type":"Polygon"},"id":"8728d102dffffff","properties":{"h3":"8728d102dffffff","roles":["land","water"],"target":true},"type":"Feature"},{"geometry":{"coordinates":[[[-122.93761736949173,48.468098312755075],[-122.92929571226242,48.47879411652145],[-122.93921651637277,48.487776493361366],[-122.95745881060455,48.48606211070763],[-122.96577612577852,48.47536616468054],[-122.95585549001423,48.466384743419084],[-122.93761736949173,48.468098312755075]]],"type":"Polygon"},"id":"8728d102effffff","properties":{"h3":"8728d102effffff","roles":["land","water"],"target":true},"type":"Feature"},{"geometry":{"coordinates":[[[-122.82655760620064,48.45863310414461],[-122.81821690140977,48.46932571533407],[-122.82813093571983,48.47832216673578],[-122.84638552958948,48.47662504981785],[-122.85472190649473,48.46593228926473],[-122.8448080186601,48.45693679484552],[-122.82655760620064,48.45863310414461]]],"type":"Polygon"},"id":"8728d1030ffffff","properties":{"h3":"8728d1030ffffff","roles":[],"target":true},"type":"Feature"},{"geometry":{"coordinates":[[[-122.85472190649473,48.46593228926473],[-122.84638552958948,48.47662504981785],[-122.85630187963862,48.485617128634864],[-122.87455445579386,48.48391549011658],[-122.88288650069279,48.473222581817524],[-122.87297030268569,48.46423145963472],[-122.85472190649473,48.46593228926473]]],"type":"Polygon"},"id":"8728d1031ffffff","properties":{"h3":"8728d1031ffffff","roles":[],"target":true},"type":"Feature"},{"geometry":{"coordinates":[[[-122.7999602986952,48.47101830933207],[-122.7916135467983,48.481708160302446],[-122.80152772239366,48.49070556902794],[-122.81978850984687,48.489012169311735],[-122.82813093571983,48.47832216673578],[-122.81821690140977,48.46932571533407],[-122.7999602986952,48.47101830933207]]],"type":"Polygon"},"id":"8728d1032ffffff","properties":{"h3":"8728d1032ffffff","roles":[],"target":true},"type":"Feature"},{"geometry":{"coordinates":[[[-122.82813093571983,48.47832216673578],[-122.81978850984687,48.489012169311735],[-122.82970500675204,48.49800520510692],[-122.8479637839191,48.49630728120014],[-122.85630187963862,48.485617128634864],[-122.84638552958948,48.47662504981785],[-122.82813093571983,48.47832216673578]]],"type":"Polygon"},"id":"8728d1033ffffff","properties":{"h3":"8728d1033ffffff","roles":[],"target":true},"type":"Feature"},{"geometry":{"coordinates":[[[-123.08167884514185,48.5436567110738],[-123.07337553857059,48.55434800524086],[-123.0833127132686,48.56330167189693],[-123.10155299878292,48.56156309050199],[-123.10985193831362,48.5508716609394],[-123.09991496060381,48.54191894801647],[-123.08167884514185,48.5436567110738]]],"type":"Polygon"},"id":"8728d1040ffffff","properties":{"h3":"8728d1040ffffff","roles":["land"],"target":false},"type":"Feature"},{"geometry":{"coordinates":[[[-123.10985193831362,48.5508716609394],[-123.10155299878292,48.56156309050199],[-123.11149244717288,48.570512381487454],[-123.12973063376765,48.56876928940152],[-123.13802520219033,48.55807772607013],[-123.12808595635818,48.549129388442346],[-123.10985193831362,48.5508716609394]]],"type":"Polygon"},"id":"8728d1041ffffff","properties":{"h3":"8728d1041ffffff","roles":["land"],"target":false},"type":"Feature"},{"geometry":{"coordinates":[[[-123.05513316298745,48.556082074566504],[-123.04682378991184,48.566770626846626],[-123.05676115644071,48.575725247602726],[-123.07500770544975,48.57399036182799],[-123.0833127132686,48.56330167189693],[-123.07337553857059,48.55434800524086],[-123.05513316298745,48.556082074566504]]],"type":"Polygon"},"id":"8728d1042ffffff","properties":{"h3":"8728d1042ffffff","roles":["land","water"],"target":true},"type":"Feature"},{"geometry":{"coordinates":[[[-123.0833127132686,48.56330167189693],[-123.07500770544975,48.57399036182799],[-123.08494735124425,48.58294060654068],[-123.10319180868707,48.5812012074441],[-123.11149244717288,48.570512381487454],[-123.10155299878292,48.56156309050199],[-123.0833127132686,48.56330167189693]]],"type":"Polygon"},"id":"8728d1043ffffff","properties":{"h3":"8728d1043ffffff","roles":["land"],"target":false},"type":"Feature"},{"geometry":{"coordinates":[[[-123.08004574632294,48.52400572596617],[-123.07174414033145,48.53469962310307],[-123.08167884514185,48.5436567110738],[-123.09991496060381,48.54191894801647],[-123.1082122018454,48.531224916112855],[-123.09827769360739,48.522268781882616],[-123.08004574632294,48.52400572596617]]],"type":"Polygon"},"id":"8728d1044ffffff","properties":{"h3":"8728d1044ffffff","roles":["land"],"target":false},"type":"Feature"},{"geometry":{"coordinates":[[[-123.1082122018454,48.531224916112855],[-123.09991496060381,48.54191894801647],[-123.10985193831362,48.5508716609394],[-123.12808595635818,48.549129388442346],[-123.13637882878493,48.53843522339908],[-123.12644205321313,48.52948346384152],[-123.1082122018454,48.531224916112855]]],"type":"Polygon"},"id":"8728d1045ffffff","properties":{"h3":"8728d1045ffffff","roles":["land"],"target":false},"type":"Feature"},{"geometry":{"coordinates":[[[-123.05350593629677,48.53643287534429],[-123.04519826675862,48.54712403249016],[-123.05513316298745,48.556082074566504],[-123.07337553857059,48.55434800524086],[-123.08167884514185,48.5436567110738],[-123.07174414033145,48.53469962310307],[-123.05350593629677,48.53643287534429]]],"type":"Polygon"},"id":"8728d1046ffffff","properties":{"h3":"8728d1046ffffff","roles":["land"],"target":false},"type":"Feature"},{"geometry":{"coordinates":[[[-123.13967235106884,48.57771420447134],[-123.131376085986,48.588403164827206],[-123.14132027596574,48.59734465671422],[-123.15956052370836,48.59559623512108],[-123.16785241132452,48.58490714199342],[-123.15790842989615,48.57596660307904],[-123.13967235106884,48.57771420447134]]],"type":"Polygon"},"id":"8728d1048ffffff","properties":{"h3":"8728d1048ffffff","roles":["land"],"target":false},"type":"Feature"},{"geometry":{"coordinates":[[[-123.16785241132452,48.58490714199342],[-123.15956052370836,48.59559623512108],[-123.16950697860095,48.604533350236366],[-123.18774510821544,48.602780419481064],[-123.19603261430755,48.59209119521001],[-123.18608637353942,48.58315503268563],[-123.16785241132452,48.58490714199342]]],"type":"Polygon"},"id":"8728d1049ffffff","properties":{"h3":"8728d1049ffffff","roles":["land","water"],"target":true},"type":"Feature"},{"geometry":{"coordinates":[[[-123.11313372896629,48.59014707586532],[-123.10483139085898,48.60083329695462],[-123.11477578423754,48.60977574218814],[-123.1330223135581,48.60803101283439],[-123.14132027596574,48.59734465671422],[-123.131376085986,48.588403164827206],[-123.11313372896629,48.59014707586532]]],"type":"Polygon"},"id":"8728d104affffff","properties":{"h3":"8728d104affffff","roles":["land"],"target":false},"type":"Feature"},{"geometry":{"coordinates":[[[-123.14132027596574,48.59734465671422],[-123.1330223135581,48.60803101283439],[-123.14296897742678,48.61696908091705],[-123.16121339595925,48.61521983976034],[-123.16950697860095,48.604533350236366],[-123.15956052370836,48.59559623512108],[-123.14132027596574,48.59734465671422]]],"type":"Polygon"},"id":"8728d104bffffff","properties":{"h3":"8728d104bffffff","roles":["land","water"],"target":true},"type":"Feature"},{"geometry":{"coordinates":[[[-123.13802520219033,48.55807772607013],[-123.12973063376765,48.56876928940152],[-123.13967235106884,48.57771420447134],[-123.15790842989615,48.57596660307904],[-123.16619862314961,48.565274907606586],[-123.15625711397561,48.556330945516024],[-123.13802520219033,48.55807772607013]]],"type":"Polygon"},"id":"8728d104cffffff","properties":{"h3":"8728d104cffffff","roles":["land"],"target":false},"type":"Feature"},{"geometry":{"coordinates":[[[-123.16619862314961,48.565274907606586],[-123.15790842989615,48.57596660307904],[-123.16785241132452,48.58490714199342],[-123.18608637353942,48.58315503268563],[-123.19437218756876,48.572463206700846],[-123.1844284198367,48.563523620384366],[-123.16619862314961,48.565274907606586]]],"type":"Polygon"},"id":"8728d104dffffff","properties":{"h3":"8728d104dffffff","roles":["land","water"],"target":true},"type":"Feature"},{"geometry":{"coordinates":[[[-123.11149244717288,48.570512381487454],[-123.10319180868707,48.5812012074441],[-123.11313372896629,48.59014707586532],[-123.131376085986,48.588403164827206],[-123.13967235106884,48.57771420447134],[-123.12973063376765,48.56876928940152],[-123.11149244717288,48.570512381487454]]],"type":"Polygon"},"id":"8728d104effffff","properties":{"h3":"8728d104effffff","roles":["land"],"target":false},"type":"Feature"},{"geometry":{"coordinates":[[[-123.00038937015098,48.56126785639464],[-122.99206957003211,48.57195352111041],[-123.00200483360615,48.580913472489826],[-123.02025971744969,48.5791868041701],[-123.02857515819626,48.56850099792553],[-123.01864007571038,48.55954200137931],[-123.00038937015098,48.56126785639464]]],"type":"Polygon"},"id":"8728d1050ffffff","properties":{"h3":"8728d1050ffffff","roles":["water"],"target":true},"type":"Feature"},{"geometry":{"coordinates":[[[-123.02857515819626,48.56850099792553],[-123.02025971744969,48.5791868041701],[-123.03019727064469,48.58814237939218],[-123.04845007915765,48.58641119375317],[-123.05676115644071,48.575725247602726],[-123.04682378991184,48.566770626846626],[-123.02857515819626,48.56850099792553]]],"type":"Polygon"},"id":"8728d1051ffffff","properties":{"h3":"8728d1051ffffff","roles":["water"],"target":true},"type":"Feature"},{"geometry":{"coordinates":[[[-122.9738126197295,48.57367567074754],[-122.96548675259295,48.58435858302779],[-122.97542219207881,48.593319489602834],[-122.9936833240303,48.591596528551996],[-123.00200483360615,48.580913472489826],[-122.99206957003211,48.57195352111041],[-122.9738126197295,48.57367567074754]]],"type":"Polygon"},"id":"8728d1052ffffff","properties":{"h3":"8728d1052ffffff","roles":["land","water"],"target":true},"type":"Feature"},{"geometry":{"coordinates":[[[-123.00200483360615,48.580913472489826],[-122.9936833240303,48.591596528551996],[-123.00362105871908,48.60055305860513],[-123.0218801227295,48.59882557761473],[-123.03019727064469,48.58814237939218],[-123.02025971744969,48.5791868041701],[-123.00200483360615,48.580913472489826]]],"type":"Polygon"},"id":"8728d1053ffffff","properties":{"h3":"8728d1053ffffff","roles":["land","water"],"target":true},"type":"Feature"},{"geometry":{"coordinates":[[[-122.99877466781773,48.54161621221049],[-122.99045657648207,48.55230448431688],[-123.00038937015098,48.56126785639464],[-123.01864007571038,48.55954200137931],[-123.02695380996037,48.54885358837442],[-123.01702119697458,48.53989117113338],[-122.99877466781773,48.54161621221049]]],"type":"Polygon"},"id":"8728d1054ffffff","properties":{"h3":"8728d1054ffffff","roles":["land","water"],"target":true},"type":"Feature"},{"geometry":{"coordinates":[[[-123.02695380996037,48.54885358837442],[-123.01864007571038,48.55954200137931],[-123.02857515819626,48.56850099792553],[-123.04682378991184,48.566770626846626],[-123.05513316298745,48.556082074566504],[-123.04519826675862,48.54712403249016],[-123.02695380996037,48.54885358837442]]],"type":"Polygon"},"id":"8728d1055ffffff","properties":{"h3":"8728d1055ffffff","roles":["land","water"],"target":true},"type":"Feature"},{"geometry":{"coordinates":[[[-122.97220380594413,48.55402582190728],[-122.96387965055048,48.564711343472354],[-122.9738126197295,48.57367567074754],[-122.99206957003211,48.57195352111041],[-123.00038937015098,48.56126785639464],[-122.99045657648207,48.55230448431688],[-122.97220380594413,48.55402582190728]]],"type":"Polygon"},"id":"8728d1056ffffff","properties":{"h3":"8728d1056ffffff","roles":["land","water"],"target":true},"type":"Feature"},{"geometry":{"coordinates":[[[-123.05838991719597,48.59536239256167],[-123.05007713503527,48.606045731321984],[-123.06001944579326,48.61499350755885],[-123.07827434729164,48.613256990791385],[-123.08658275961037,48.60257351311692],[-123.07664064150971,48.59362669097304],[-123.05838991719597,48.59536239256167]]],"type":"Polygon"},"id":"8728d1058ffffff","properties":{"h3":"8728d1058ffffff","roles":["water"],"target":true},"type":"Feature"},{"geometry":{"coordinates":[[[-123.08658275961037,48.60257351311692],[-123.07827434729164,48.613256990791385],[-123.08821893890901,48.62220038974442],[-123.10647174584203,48.620459357152114],[-123.11477578423754,48.60977574218814],[-123.10483139085898,48.60083329695462],[-123.08658275961037,48.60257351311692]]],"type":"Polygon"},"id":"8728d1059ffffff","properties":{"h3":"8728d1059ffffff","roles":["land","water"],"target":true},"type":"Feature"},{"geometry":{"coordinates":[[[-123.03182014784348,48.60777773088671],[-123.02350129208729,48.618458319828974],[-123.03344379033095,48.62740705052828],[-123.05170495808424,48.625674237672044],[-123.06001944579326,48.61499350755885],[-123.05007713503527,48.606045731321984],[-123.03182014784348,48.60777773088671]]],"type":"Polygon"},"id":"8728d105affffff","properties":{"h3":"8728d105affffff","roles":["water"],"target":true},"type":"Feature"},{"geometry":{"coordinates":[[[-123.06001944579326,48.61499350755885],[-123.05170495808424,48.625674237672044],[-123.06164974277296,48.63461859071663],[-123.07990882333718,48.632881259405245],[-123.08821893890901,48.62220038974442],[-123.07827434729164,48.613256990791385],[-123.06001944579326,48.61499350755885]]],"type":"Polygon"},"id":"8728d105bffffff","properties":{"h3":"8728d105bffffff","roles":["water"],"target":true},"type":"Feature"},{"geometry":{"coordinates":[[[-123.05676115644071,48.575725247602726],[-123.04845007915765,48.58641119375317],[-123.05838991719597,48.59536239256167],[-123.07664064150971,48.59362669097304],[-123.08494735124425,48.58294060654068],[-123.07500770544975,48.57399036182799],[-123.05676115644071,48.575725247602726]]],"type":"Polygon"},"id":"8728d105cffffff","properties":{"h3":"8728d105cffffff","roles":["land","water"],"target":true},"type":"Feature"},{"geometry":{"coordinates":[[[-123.08494735124425,48.58294060654068],[-123.07664064150971,48.59362669097304],[-123.08658275961037,48.60257351311692],[-123.10483139085898,48.60083329695462],[-123.11313372896629,48.59014707586532],[-123.10319180868707,48.5812012074441],[-123.08494735124425,48.58294060654068]]],"type":"Polygon"},"id":"8728d105dffffff","properties":{"h3":"8728d105dffffff","roles":["land","water"],"target":true},"type":"Feature"},{"geometry":{"coordinates":[[[-123.03019727064469,48.58814237939218],[-123.0218801227295,48.59882557761473],[-123.03182014784348,48.60777773088671],[-123.05007713503527,48.606045731321984],[-123.05838991719597,48.59536239256167],[-123.04845007915765,48.58641119375317],[-123.03019727064469,48.58814237939218]]],"type":"Polygon"},"id":"8728d105effffff","properties":{"h3":"8728d105effffff","roles":["water"],"target":true},"type":"Feature"},{"geometry":{"coordinates":[[[-123.10493504391171,48.49191336122514],[-123.09664119725183,48.50261259400226],[-123.10657323722548,48.511572148906325],[-123.12479892378856,48.509831517497695],[-123.1330884062147,48.49913215283545],[-123.12315656754109,48.490173551316325],[-123.10493504391171,48.49191336122514]]],"type":"Polygon"},"id":"8728d1060ffffff","properties":{"h3":"8728d1060ffffff","roles":["land"],"target":false},"type":"Feature"},{"geometry":{"coordinates":[[[-123.1330884062147,48.49913215283545],[-123.12479892378856,48.509831517497695],[-123.13473323030779,48.51878669835347],[-123.15295681362376,48.517041561388474],[-123.1612419277625,48.50634206646982],[-123.15130782810095,48.4973878386216],[-123.1330884062147,48.49913215283545]]],"type":"Polygon"},"id":"8728d1061ffffff","properties":{"h3":"8728d1061ffffff","roles":["land","water"],"target":true},"type":"Feature"},{"geometry":{"coordinates":[[[-123.07841341627132,48.504348718475725],[-123.07011351019223,48.51504521731287],[-123.08004574632294,48.52400572596617],[-123.09827769360739,48.522268781882616],[-123.10657323722548,48.511572148906325],[-123.09664119725183,48.50261259400226],[-123.07841341627132,48.504348718475725]]],"type":"Polygon"},"id":"8728d1062ffffff","properties":{"h3":"8728d1062ffffff","roles":["land"],"target":false},"type":"Feature"},{"geometry":{"coordinates":[[[-123.10657323722548,48.511572148906325],[-123.09827769360739,48.522268781882616],[-123.1082122018454,48.531224916112855],[-123.12644205321313,48.52948346384152],[-123.13473323030779,48.51878669835347],[-123.12479892378856,48.509831517497695],[-123.10657323722548,48.511572148906325]]],"type":"Polygon"},"id":"8728d1063ffffff","properties":{"h3":"8728d1063ffffff","roles":["land"],"target":false},"type":"Feature"},{"geometry":{"coordinates":[[[-123.10329762136239,48.472248554981455],[-123.09500547099582,48.48295038628407],[-123.10493504391171,48.49191336122514],[-123.12315656754109,48.490173551316325],[-123.13144435596183,48.47947158875393],[-123.12151498392782,48.47050956720968],[-123.10329762136239,48.472248554981455]]],"type":"Polygon"},"id":"8728d1064ffffff","properties":{"h3":"8728d1064ffffff","roles":["land","water"],"target":true},"type":"Feature"},{"geometry":{"coordinates":[[[-123.13144435596183,48.47947158875393],[-123.12315656754109,48.490173551316325],[-123.1330884062147,48.49913215283545],[-123.15130782810095,48.4973878386216],[-123.15959125052461,48.48668574642855],[-123.14965961828665,48.477728097929194],[-123.13144435596183,48.47947158875393]]],"type":"Polygon"},"id":"8728d1065ffffff","properties":{"h3":"8728d1065ffffff","roles":["land","water"],"target":true},"type":"Feature"},{"geometry":{"coordinates":[[[-123.07678185444688,48.48468569051106],[-123.06848364761315,48.49538478977529],[-123.07841341627132,48.504348718475725],[-123.09664119725183,48.50261259400226],[-123.10493504391171,48.49191336122514],[-123.09500547099582,48.48295038628407],[-123.07678185444688,48.48468569051106]]],"type":"Polygon"},"id":"8728d1066ffffff","properties":{"h3":"8728d1066ffffff","roles":["land"],"target":false},"type":"Feature"},{"geometry":{"coordinates":[[[-123.16289338191524,48.52599236794928],[-123.15460657540015,48.53668926432069],[-123.16454561352883,48.54563664896116],[-123.1827712465587,48.54388618446273],[-123.19105367844433,48.53318915883737],[-123.18111485315728,48.52424272681296],[-123.16289338191524,48.52599236794928]]],"type":"Polygon"},"id":"8728d1068ffffff","properties":{"h3":"8728d1068ffffff","roles":["land","water"],"target":true},"type":"Feature"},{"geometry":{"coordinates":[[[-123.19105367844433,48.53318915883737],[-123.1827712465587,48.54388618446273],[-123.19271254246401,48.55282919394702],[-123.21093605307863,48.55107422542177],[-123.2192141062911,48.54037707217293],[-123.20927302878857,48.53143501492104],[-123.19105367844433,48.53318915883737]]],"type":"Polygon"},"id":"8728d1069ffffff","properties":{"h3":"8728d1069ffffff","roles":["water"],"target":true},"type":"Feature"},{"geometry":{"coordinates":[[[-123.13637882878493,48.53843522339908],[-123.12808595635818,48.549129388442346],[-123.13802520219033,48.55807772607013],[-123.15625711397561,48.556330945516024],[-123.16454561352883,48.54563664896116],[-123.15460657540015,48.53668926432069],[-123.13637882878493,48.53843522339908]]],"type":"Polygon"},"id":"8728d106affffff","properties":{"h3":"8728d106affffff","roles":["land"],"target":false},"type":"Feature"},{"geometry":{"coordinates":[[[-123.16454561352883,48.54563664896116],[-123.15625711397561,48.556330945516024],[-123.16619862314961,48.565274907606586],[-123.1844284198367,48.563523620384366],[-123.19271254246401,48.55282919394702],[-123.1827712465587,48.54388618446273],[-123.16454561352883,48.54563664896116]]],"type":"Polygon"},"id":"8728d106bffffff","properties":{"h3":"8728d106bffffff","roles":["land","water"],"target":true},"type":"Feature"},{"geometry":{"coordinates":[[[-123.1612419277625,48.50634206646982],[-123.15295681362376,48.517041561388474],[-123.16289338191524,48.52599236794928],[-123.18111485315728,48.52424272681296],[-123.18939559496114,48.51354310326769],[-123.17945923908478,48.504593249334086],[-123.1612419277625,48.50634206646982]]],"type":"Polygon"},"id":"8728d106cffffff","properties":{"h3":"8728d106cffffff","roles":["water"],"target":true},"type":"Feature"},{"geometry":{"coordinates":[[[-123.18939559496114,48.51354310326769],[-123.18111485315728,48.52424272681296],[-123.19105367844433,48.53318915883737],[-123.20927302878857,48.53143501492104],[-123.21754939421645,48.52073526437992],[-123.20761078690172,48.51178978459939],[-123.18939559496114,48.51354310326769]]],"type":"Polygon"},"id":"8728d106dffffff","properties":{"h3":"8728d106dffffff","roles":["water"],"target":true},"type":"Feature"},{"geometry":{"coordinates":[[[-123.13473323030779,48.51878669835347],[-123.12644205321313,48.52948346384152],[-123.13637882878493,48.53843522339908],[-123.15460657540015,48.53668926432069],[-123.16289338191524,48.52599236794928],[-123.15295681362376,48.517041561388474],[-123.13473323030779,48.51878669835347]]],"type":"Polygon"},"id":"8728d106effffff","properties":{"h3":"8728d106effffff","roles":["land","water"],"target":true},"type":"Feature"},{"geometry":{"coordinates":[[[-123.02371340397734,48.50954069260366],[-123.01540308070587,48.5202343153301],[-123.02533322539968,48.52920015263335],[-123.04357350915951,48.52747141257838],[-123.05187947582971,48.51677765183419],[-123.04194951657644,48.50781276901272],[-123.02371340397734,48.50954069260366]]],"type":"Polygon"},"id":"8728d1070ffffff","properties":{"h3":"8728d1070ffffff","roles":["land"],"target":false},"type":"Feature"},{"geometry":{"coordinates":[[[-123.05187947582971,48.51677765183419],[-123.04357350915951,48.52747141257838],[-123.05350593629677,48.53643287534429],[-123.07174414033145,48.53469962310307],[-123.08004574632294,48.52400572596617],[-123.07011351019223,48.51504521731287],[-123.05187947582971,48.51677765183419]]],"type":"Polygon"},"id":"8728d1071ffffff","properties":{"h3":"8728d1071ffffff","roles":["land"],"target":false},"type":"Feature"},{"geometry":{"coordinates":[[[-122.99716072607127,48.52195854183506],[-122.98884434284541,48.53264942006559],[-122.99877466781773,48.54161621221049],[-123.01702119697458,48.53989117113338],[-123.02533322539968,48.52920015263335],[-123.01540308070587,48.5202343153301],[-122.99716072607127,48.52195854183506]]],"type":"Polygon"},"id":"8728d1072ffffff","properties":{"h3":"8728d1072ffffff","roles":["land","water"],"target":true},"type":"Feature"},{"geometry":{"coordinates":[[[-123.02533322539968,48.52920015263335],[-123.01702119697458,48.53989117113338],[-123.02695380996037,48.54885358837442],[-123.04519826675862,48.54712403249016],[-123.05350593629677,48.53643287534429],[-123.04357350915951,48.52747141257838],[-123.02533322539968,48.52920015263335]]],"type":"Polygon"},"id":"8728d1073ffffff","properties":{"h3":"8728d1073ffffff","roles":["land"],"target":false},"type":"Feature"},{"geometry":{"coordinates":[[[-123.02209434515702,48.48987521019344],[-123.01378572636824,48.50057143587418],[-123.02371340397734,48.50954069260366],[-123.04194951657644,48.50781276901272],[-123.05025378104781,48.49711640594113],[-123.0403262884718,48.488148103701484],[-123.02209434515702,48.48987521019344]]],"type":"Polygon"},"id":"8728d1074ffffff","properties":{"h3":"8728d1074ffffff","roles":["land","water"],"target":true},"type":"Feature"},{"geometry":{"coordinates":[[[-123.05025378104781,48.49711640594113],[-123.04194951657644,48.50781276901272],[-123.05187947582971,48.51677765183419],[-123.07011351019223,48.51504521731287],[-123.07841341627132,48.504348718475725],[-123.06848364761315,48.49538478977529],[-123.05025378104781,48.49711640594113]]],"type":"Polygon"},"id":"8728d1075ffffff","properties":{"h3":"8728d1075ffffff","roles":["land"],"target":false},"type":"Feature"},{"geometry":{"coordinates":[[[-122.99554754437685,48.50229484717285],[-122.98723286858778,48.5129883302576],[-122.99716072607127,48.52195854183506],[-123.01540308070587,48.5202343153301],[-123.02371340397734,48.50954069260366],[-123.01378572636824,48.50057143587418],[-122.99554754437685,48.50229484717285]]],"type":"Polygon"},"id":"8728d1076ffffff","properties":{"h3":"8728d1076ffffff","roles":["land","water"],"target":true},"type":"Feature"},{"geometry":{"coordinates":[[[-122.80780481178837,48.569394327376294],[-122.79944943286756,48.58007111304023],[-122.80937593539242,48.589051437304796],[-122.82765767491277,48.58735401843216],[-122.83600871645714,48.5766770780171],[-122.82608235710784,48.56769771107746],[-122.80780481178837,48.569394327376294]]],"type":"Polygon"},"id":"8728d10a9ffffff","properties":{"h3":"8728d10a9ffffff","roles":[],"target":true},"type":"Feature"},{"geometry":{"coordinates":[[[-122.806234429208,48.54973118368123],[-122.79788077706489,48.56041058494315],[-122.80780481178837,48.569394327376294],[-122.82608235710784,48.56769771107746],[-122.83443167414852,48.55701815569605],[-122.82450778222163,48.5480353705848],[-122.806234429208,48.54973118368123]]],"type":"Polygon"},"id":"8728d10adffffff","properties":{"h3":"8728d10adffffff","roles":[],"target":true},"type":"Feature"},{"geometry":{"coordinates":[[[-122.8956003948483,48.630498709735],[-122.88725459853553,48.641170723634424],[-122.89719300732658,48.65013107664444],[-122.91547705294875,48.648418459323075],[-122.92381849490783,48.637746294250064],[-122.91388024684642,48.628786897522346],[-122.8956003948483,48.630498709735]]],"type":"Polygon"},"id":"8728d10c0ffffff","properties":{"h3":"8728d10c0ffffff","roles":["land","water"],"target":true},"type":"Feature"},{"geometry":{"coordinates":[[[-122.92381849490783,48.637746294250064],[-122.91547705294875,48.648418459323075],[-122.925417774533,48.65737443410819],[-122.94369977299527,48.65565728774499],[-122.95203685647172,48.64498497311543],[-122.94209630121523,48.636029954255626],[-122.92381849490783,48.637746294250064]]],"type":"Polygon"},"id":"8728d10c1ffffff","properties":{"h3":"8728d10c1ffffff","roles":["land"],"target":false},"type":"Feature"},{"geometry":{"coordinates":[[[-122.8689685146666,48.642878810566245],[-122.86061664385582,48.653548053575705],[-122.87055520816679,48.66250936322849],[-122.88884548901878,48.66080047307952],[-122.89719300732658,48.65013107664444],[-122.88725459853553,48.641170723634424],[-122.8689685146666,48.642878810566245]]],"type":"Polygon"},"id":"8728d10c2ffffff","properties":{"h3":"8728d10c2ffffff","roles":[],"target":true},"type":"Feature"},{"geometry":{"coordinates":[[[-122.89719300732658,48.65013107664444],[-122.88884548901878,48.66080047307952],[-122.89878637172507,48.669757404153124],[-122.91707461286592,48.6680439823533],[-122.925417774533,48.65737443410819],[-122.91547705294875,48.648418459323075],[-122.89719300732658,48.65013107664444]]],"type":"Polygon"},"id":"8728d10c3ffffff","properties":{"h3":"8728d10c3ffffff","roles":[],"target":true},"type":"Feature"},{"geometry":{"coordinates":[[[-122.89400853376057,48.6108603052944],[-122.88566445876005,48.62153493540755],[-122.8956003948483,48.630498709735],[-122.91388024684642,48.628786897522346],[-122.92221996977845,48.61811211687084],[-122.91228419402802,48.60914929882085],[-122.89400853376057,48.6108603052944]]],"type":"Polygon"},"id":"8728d10c4ffffff","properties":{"h3":"8728d10c4ffffff","roles":["land"],"target":false},"type":"Feature"},{"geometry":{"coordinates":[[[-122.92221996977845,48.61811211687084],[-122.91388024684642,48.628786897522346],[-122.92381849490783,48.637746294250064],[-122.94209630121523,48.636029954255626],[-122.9504316679524,48.625355024683124],[-122.94049358582296,48.616396583876224],[-122.92221996977845,48.61811211687084]]],"type":"Polygon"},"id":"8728d10c5ffffff","properties":{"h3":"8728d10c5ffffff","roles":["land"],"target":false},"type":"Feature"},{"geometry":{"coordinates":[[[-122.86738256997822,48.62324221849263],[-122.85903242344685,48.63391407960257],[-122.8689685146666,48.642878810566245],[-122.88725459853553,48.641170723634424],[-122.8956003948483,48.630498709735],[-122.88566445876005,48.62153493540755],[-122.86738256997822,48.62324221849263]]],"type":"Polygon"},"id":"8728d10c6ffffff","properties":{"h3":"8728d10c6ffffff","roles":[],"target":true},"type":"Feature"},{"geometry":{"coordinates":[[[-122.95364280259108,48.664608884039275],[-122.9453040016962,48.675278582477766],[-122.9552495068445,48.684226755591425],[-122.97353364180788,48.68250427454518],[-122.98186807780532,48.67183442753106],[-122.97192274498303,48.66288720998829],[-122.95364280259108,48.664608884039275]]],"type":"Polygon"},"id":"8728d10c8ffffff","properties":{"h3":"8728d10c8ffffff","roles":[],"target":true},"type":"Feature"},{"geometry":{"coordinates":[[[-122.98186807780532,48.67183442753106],[-122.97353364180788,48.68250427454518],[-122.9834814509959,48.69144806828867],[-123.00176351949848,48.68972105965955],[-123.01009358647944,48.67905106568858],[-123.00014595521924,48.670108227152696],[-122.98186807780532,48.67183442753106]]],"type":"Polygon"},"id":"8728d10c9ffffff","properties":{"h3":"8728d10c9ffffff","roles":[],"target":true},"type":"Feature"},{"geometry":{"coordinates":[[[-122.9270178091858,48.67699653457876],[-122.91867292712931,48.687663464750095],[-122.92861859939852,48.696612593802165],[-122.94690898785156,48.694893836594176],[-122.9552495068445,48.684226755591425],[-122.9453040016962,48.675278582477766],[-122.9270178091858,48.67699653457876]]],"type":"Polygon"},"id":"8728d10caffffff","properties":{"h3":"8728d10caffffff","roles":[],"target":true},"type":"Feature"},{"geometry":{"coordinates":[[[-122.9552495068445,48.684226755591425],[-122.94690898785156,48.694893836594176],[-122.95685696976636,48.70383858591543],[-122.97514529919434,48.70211529850545],[-122.9834814509959,48.69144806828867],[-122.97353364180788,48.68250427454518],[-122.9552495068445,48.684226755591425]]],"type":"Polygon"},"id":"8728d10cbffffff","properties":{"h3":"8728d10cbffffff","roles":[],"target":true},"type":"Feature"},{"geometry":{"coordinates":[[[-122.98025546585417,48.652214747420246],[-122.97192274498303,48.66288720998829],[-122.98186807780532,48.67183442753106],[-123.00014595521924,48.670108227152696],[-123.00847430936861,48.6594356182653],[-122.99852915406993,48.650489355924925],[-122.98025546585417,48.652214747420246]]],"type":"Polygon"},"id":"8728d10cdffffff","properties":{"h3":"8728d10cdffffff","roles":[],"target":true},"type":"Feature"},{"geometry":{"coordinates":[[[-122.84074431024712,48.63561763480343],[-122.83238809107722,48.64628672277272],[-122.84232433221476,48.65525241073048],[-122.86061664385582,48.653548053575705],[-122.8689685146666,48.642878810566245],[-122.85903242344685,48.63391407960257],[-122.84074431024712,48.63561763480343]]],"type":"Polygon"},"id":"8728d10d5ffffff","properties":{"h3":"8728d10d5ffffff","roles":[],"target":true},"type":"Feature"},{"geometry":{"coordinates":[[[-122.87214265100678,48.682133874613335],[-122.86378732958208,48.69279787768006],[-122.87373084371508,48.7017523428616],[-122.8920295242263,48.700041848166556],[-122.9003804885739,48.6893776903982],[-122.8904371307391,48.68042418187669],[-122.87214265100678,48.682133874613335]]],"type":"Polygon"},"id":"8728d10d8ffffff","properties":{"h3":"8728d10d8ffffff","roles":[],"target":true},"type":"Feature"},{"geometry":{"coordinates":[[[-122.9003804885739,48.6893776903982],[-122.8920295242263,48.700041848166556],[-122.90197535840377,48.7089919335237],[-122.92027199627094,48.70727690465725],[-122.92861859939852,48.696612593802165],[-122.91867292712931,48.687663464750095],[-122.9003804885739,48.6893776903982]]],"type":"Polygon"},"id":"8728d10d9ffffff","properties":{"h3":"8728d10d9ffffff","roles":[],"target":true},"type":"Feature"},{"geometry":{"coordinates":[[[-122.87055520816679,48.66250936322849],[-122.86220161239164,48.67317598688904],[-122.87214265100678,48.682133874613335],[-122.8904371307391,48.68042418187669],[-122.89878637172507,48.669757404153124],[-122.88884548901878,48.66080047307952],[-122.87055520816679,48.66250936322849]]],"type":"Polygon"},"id":"8728d10dcffffff","properties":{"h3":"8728d10dcffffff","roles":[],"target":true},"type":"Feature"},{"geometry":{"coordinates":[[[-122.89878637172507,48.669757404153124],[-122.8904371307391,48.68042418187669],[-122.9003804885739,48.6893776903982],[-122.91867292712931,48.687663464750095],[-122.9270178091858,48.67699653457876],[-122.91707461286592,48.6680439823533],[-122.89878637172507,48.669757404153124]]],"type":"Polygon"},"id":"8728d10ddffffff","properties":{"h3":"8728d10ddffffff","roles":[],"target":true},"type":"Feature"},{"geometry":{"coordinates":[[[-122.91902518088244,48.57882565704875],[-122.9106888939631,48.589505665095196],[-122.92062219861361,48.598471903843716],[-122.93889162628595,48.596757178480175],[-122.9472235615808,48.586077022780074],[-122.93729042207214,48.57711173994765],[-122.91902518088244,48.57882565704875]]],"type":"Polygon"},"id":"8728d10e0ffffff","properties":{"h3":"8728d10e0ffffff","roles":["land","water"],"target":true},"type":"Feature"},{"geometry":{"coordinates":[[[-122.9472235615808,48.586077022780074],[-122.93889162628595,48.596757178480175],[-122.94882723649977,48.6057190406124],[-122.96709461252348,48.60399979133748],[-122.97542219207881,48.593319489602834],[-122.96548675259295,48.58435858302779],[-122.9472235615808,48.586077022780074]]],"type":"Polygon"},"id":"8728d10e1ffffff","properties":{"h3":"8728d10e1ffffff","roles":["land","water"],"target":true},"type":"Feature"},{"geometry":{"coordinates":[[[-122.89241742353417,48.59121586519909],[-122.8840750691636,48.601893110271824],[-122.89400853376057,48.6108603052944],[-122.91228419402802,48.60914929882085],[-122.92062219861361,48.598471903843716],[-122.9106888939631,48.589505665095196],[-122.89241742353417,48.59121586519909]]],"type":"Polygon"},"id":"8728d10e2ffffff","properties":{"h3":"8728d10e2ffffff","roles":["land"],"target":false},"type":"Feature"},{"geometry":{"coordinates":[[[-122.92062219861361,48.598471903843716],[-122.91228419402802,48.60914929882085],[-122.92221996977845,48.61811211687084],[-122.94049358582296,48.616396583876224],[-122.94882723649977,48.6057190406124],[-122.93889162628595,48.596757178480175],[-122.92062219861361,48.598471903843716]]],"type":"Polygon"},"id":"8728d10e3ffffff","properties":{"h3":"8728d10e3ffffff","roles":["land","water"],"target":true},"type":"Feature"},{"geometry":{"coordinates":[[[-122.91742891605467,48.55917337837279],[-122.90909434612172,48.56985599822874],[-122.91902518088244,48.57882565704875],[-122.93729042207214,48.57711173994765],[-122.94562064266307,48.566428973069826],[-122.93568997264984,48.55746027016563],[-122.91742891605467,48.55917337837279]]],"type":"Polygon"},"id":"8728d10e4ffffff","properties":{"h3":"8728d10e4ffffff","roles":["land","water"],"target":true},"type":"Feature"},{"geometry":{"coordinates":[[[-122.94562064266307,48.566428973069826],[-122.93729042207214,48.57711173994765],[-122.9472235615808,48.586077022780074],[-122.96548675259295,48.58435858302779],[-122.9738126197295,48.57367567074754],[-122.96387965055048,48.564711343472354],[-122.94562064266307,48.566428973069826]]],"type":"Polygon"},"id":"8728d10e5ffffff","properties":{"h3":"8728d10e5ffffff","roles":["land","water"],"target":true},"type":"Feature"},{"geometry":{"coordinates":[[[-122.89082706364049,48.57156539133229],[-122.88248642921783,48.58224525010705],[-122.89241742353417,48.59121586519909],[-122.9106888939631,48.589505665095196],[-122.91902518088244,48.57882565704875],[-122.90909434612172,48.56985599822874],[-122.89082706364049,48.57156539133229]]],"type":"Polygon"},"id":"8728d10e6ffffff","properties":{"h3":"8728d10e6ffffff","roles":["land","water"],"target":true},"type":"Feature"},{"geometry":{"coordinates":[[[-122.97703252352622,48.61295727658589],[-122.96870323087578,48.623634966517656],[-122.9786436146063,48.632589029816224],[-122.99691311551312,48.63086444783644],[-123.0052380460259,48.620186612856536],[-122.99529783901204,48.611233504754196],[-122.97703252352622,48.61295727658589]]],"type":"Polygon"},"id":"8728d10e8ffffff","properties":{"h3":"8728d10e8ffffff","roles":["land","water"],"target":true},"type":"Feature"},{"geometry":{"coordinates":[[[-123.0052380460259,48.620186612856536],[-122.99691311551312,48.63086444783644],[-123.00685579606333,48.63981413336674],[-123.02512322606096,48.63808502893544],[-123.03344379033095,48.62740705052828],[-123.02350129208729,48.618458319828974],[-123.0052380460259,48.620186612856536]]],"type":"Polygon"},"id":"8728d10e9ffffff","properties":{"h3":"8728d10e9ffffff","roles":["land","water"],"target":true},"type":"Feature"},{"geometry":{"coordinates":[[[-122.9504316679524,48.625355024683124],[-122.94209630121523,48.636029954255626],[-122.95203685647172,48.64498497311543],[-122.97031260818406,48.64326410669131],[-122.9786436146063,48.632589029816224],[-122.96870323087578,48.623634966517656],[-122.9504316679524,48.625355024683124]]],"type":"Polygon"},"id":"8728d10eaffffff","properties":{"h3":"8728d10eaffffff","roles":["land","water"],"target":true},"type":"Feature"},{"geometry":{"coordinates":[[[-122.9786436146063,48.632589029816224],[-122.97031260818406,48.64326410669131],[-122.98025546585417,48.652214747420246],[-122.99852915406993,48.650489355924925],[-123.00685579606333,48.63981413336674],[-122.99691311551312,48.63086444783644],[-122.9786436146063,48.632589029816224]]],"type":"Polygon"},"id":"8728d10ebffffff","properties":{"h3":"8728d10ebffffff","roles":["land","water"],"target":true},"type":"Feature"},{"geometry":{"coordinates":[[[-122.97542219207881,48.593319489602834],[-122.96709461252348,48.60399979133748],[-122.97703252352622,48.61295727658589],[-122.99529783901204,48.611233504754196],[-123.00362105871908,48.60055305860513],[-122.9936833240303,48.591596528551996],[-122.97542219207881,48.593319489602834]]],"type":"Polygon"},"id":"8728d10ecffffff","properties":{"h3":"8728d10ecffffff","roles":["land","water"],"target":true},"type":"Feature"},{"geometry":{"coordinates":[[[-123.00362105871908,48.60055305860513],[-122.99529783901204,48.611233504754196],[-123.0052380460259,48.620186612856536],[-123.02350129208729,48.618458319828974],[-123.03182014784348,48.60777773088671],[-123.0218801227295,48.59882557761473],[-123.00362105871908,48.60055305860513]]],"type":"Polygon"},"id":"8728d10edffffff","properties":{"h3":"8728d10edffffff","roles":["land","water"],"target":true},"type":"Feature"},{"geometry":{"coordinates":[[[-122.94882723649977,48.6057190406124],[-122.94049358582296,48.616396583876224],[-122.9504316679524,48.625355024683124],[-122.96870323087578,48.623634966517656],[-122.97703252352622,48.61295727658589],[-122.96709461252348,48.60399979133748],[-122.94882723649977,48.6057190406124]]],"type":"Polygon"},"id":"8728d10eeffffff","properties":{"h3":"8728d10eeffffff","roles":["land","water"],"target":true},"type":"Feature"},{"geometry":{"coordinates":[[[-122.83758650289342,48.596329966567325],[-122.82923373615988,48.60700429075593],[-122.83916503398179,48.615976819457025],[-122.85744895063765,48.61427406683898],[-122.86579737357405,48.60359958888048],[-122.8558662249015,48.59462801716109],[-122.83758650289342,48.596329966567325]]],"type":"Polygon"},"id":"8728d10f0ffffff","properties":{"h3":"8728d10f0ffffff","roles":[],"target":true},"type":"Feature"},{"geometry":{"coordinates":[[[-122.86579737357405,48.60359958888048],[-122.85744895063765,48.61427406683898],[-122.86738256997822,48.62324221849263],[-122.88566445876005,48.62153493540755],[-122.89400853376057,48.6108603052944],[-122.8840750691636,48.601893110271824],[-122.86579737357405,48.60359958888048]]],"type":"Polygon"},"id":"8728d10f1ffffff","properties":{"h3":"8728d10f1ffffff","roles":[],"target":true},"type":"Feature"},{"geometry":{"coordinates":[[[-122.81094780054244,48.60870251157387],[-122.80258896600415,48.6193740622612],[-122.81252040776114,48.62834754829747],[-122.8308105413732,48.62664852616257],[-122.83916503398179,48.615976819457025],[-122.82923373615988,48.60700429075593],[-122.81094780054244,48.60870251157387]]],"type":"Polygon"},"id":"8728d10f2ffffff","properties":{"h3":"8728d10f2ffffff","roles":[],"target":true},"type":"Feature"},{"geometry":{"coordinates":[[[-122.83916503398179,48.615976819457025],[-122.8308105413732,48.62664852616257],[-122.84074431024712,48.63561763480343],[-122.85903242344685,48.63391407960257],[-122.86738256997822,48.62324221849263],[-122.85744895063765,48.61427406683898],[-122.83916503398179,48.615976819457025]]],"type":"Polygon"},"id":"8728d10f3ffffff","properties":{"h3":"8728d10f3ffffff","roles":[],"target":true},"type":"Feature"},{"geometry":{"coordinates":[[[-122.83600871645714,48.5766770780171],[-122.82765767491277,48.58735401843216],[-122.83758650289342,48.596329966567325],[-122.8558662249015,48.59462801716109],[-122.86421292492709,48.58395092360939],[-122.85428424571234,48.57497593245188],[-122.83600871645714,48.5766770780171]]],"type":"Polygon"},"id":"8728d10f4ffffff","properties":{"h3":"8728d10f4ffffff","roles":[],"target":true},"type":"Feature"},{"geometry":{"coordinates":[[[-122.86421292492709,48.58395092360939],[-122.8558662249015,48.59462801716109],[-122.86579737357405,48.60359958888048],[-122.8840750691636,48.601893110271824],[-122.89241742353417,48.59121586519909],[-122.88248642921783,48.58224525010705],[-122.86421292492709,48.58395092360939]]],"type":"Polygon"},"id":"8728d10f5ffffff","properties":{"h3":"8728d10f5ffffff","roles":[],"target":true},"type":"Feature"},{"geometry":{"coordinates":[[[-122.80937593539242,48.589051437304796],[-122.8010188290067,48.599725606109395],[-122.81094780054244,48.60870251157387],[-122.82923373615988,48.60700429075593],[-122.83758650289342,48.596329966567325],[-122.82765767491277,48.58735401843216],[-122.80937593539242,48.589051437304796]]],"type":"Polygon"},"id":"8728d10f6ffffff","properties":{"h3":"8728d10f6ffffff","roles":[],"target":true},"type":"Feature"},{"geometry":{"coordinates":[[[-122.93122830484977,48.38932540535217],[-122.92291348614306,48.40003161562029],[-122.93282444363494,48.40902765607289],[-122.95105005430041,48.407316530488536],[-122.95936054003946,48.396610180450224],[-122.9494497493157,48.38761509561828],[-122.93122830484977,48.38932540535217]]],"type":"Polygon"},"id":"8728d1108ffffff","properties":{"h3":"8728d1108ffffff","roles":[],"target":true},"type":"Feature"},{"geometry":{"coordinates":[[[-122.95936054003946,48.396610180450224],[-122.95105005430041,48.407316530488536],[-122.96096330448017,48.416308200409524],[-122.97918686931773,48.414592564881644],[-122.9874930180057,48.40388607669682],[-122.97757994014093,48.3948953620379],[-122.95936054003946,48.396610180450224]]],"type":"Polygon"},"id":"8728d1109ffffff","properties":{"h3":"8728d1109ffffff","roles":[],"target":true},"type":"Feature"},{"geometry":{"coordinates":[[[-122.90468583847804,48.40173822992592],[-122.8963649800082,48.412441698486845],[-122.90627609911117,48.421438694903294],[-122.92450791630996,48.419731266646956],[-122.93282444363494,48.40902765607289],[-122.92291348614306,48.40003161562029],[-122.90468583847804,48.40173822992592]]],"type":"Polygon"},"id":"8728d110affffff","properties":{"h3":"8728d110affffff","roles":[],"target":true},"type":"Feature"},{"geometry":{"coordinates":[[[-122.93282444363494,48.40902765607289],[-122.92450791630996,48.419731266646956],[-122.9344213336516,48.42872389217592],[-122.9526511123921,48.4270119513745],[-122.96096330448017,48.416308200409524],[-122.95105005430041,48.407316530488536],[-122.93282444363494,48.40902765607289]]],"type":"Polygon"},"id":"8728d110bffffff","properties":{"h3":"8728d110bffffff","roles":[],"target":true},"type":"Feature"},{"geometry":{"coordinates":[[[-122.84998644946137,48.4068416450368],[-122.84165522491188,48.417542221860906],[-122.85156419192899,48.426544545527946],[-122.86980423384428,48.4248453355669],[-122.87813113318818,48.41414461286729],[-122.86822231706279,48.40514324585675],[-122.84998644946137,48.4068416450368]]],"type":"Polygon"},"id":"8728d1118ffffff","properties":{"h3":"8728d1118ffffff","roles":[],"target":true},"type":"Feature"},{"geometry":{"coordinates":[[[-122.87813113318818,48.41414461286729],[-122.86980423384428,48.4248453355669],[-122.87971550939386,48.43384328828957],[-122.89795352907984,48.43213956185859],[-122.90627609911117,48.421438694903294],[-122.8963649800082,48.412441698486845],[-122.87813113318818,48.41414461286729]]],"type":"Polygon"},"id":"8728d1119ffffff","properties":{"h3":"8728d1119ffffff","roles":[],"target":true},"type":"Feature"},{"geometry":{"coordinates":[[[-122.87654750257919,48.39443992093023],[-122.86822231706279,48.40514324585675],[-122.87813113318818,48.41414461286729],[-122.8963649800082,48.412441698486845],[-122.90468583847804,48.40173822992592],[-122.89477717841284,48.39273781923218],[-122.87654750257919,48.39443992093023]]],"type":"Polygon"},"id":"8728d111dffffff","properties":{"h3":"8728d111dffffff","roles":[],"target":true},"type":"Feature"},{"geometry":{"coordinates":[[[-123.07026327863765,48.405973412319476],[-123.06197186212249,48.41668290049142],[-123.07189177294379,48.42566050295923],[-123.0901029074198,48.42392766329158],[-123.09838997289225,48.413218044099224],[-123.08847025615916,48.404241395445304],[-123.07026327863765,48.405973412319476]]],"type":"Polygon"},"id":"8728d1140ffffff","properties":{"h3":"8728d1140ffffff","roles":[],"target":true},"type":"Feature"},{"geometry":{"coordinates":[[[-123.09838997289225,48.413218044099224],[-123.0901029074198,48.42392766329158],[-123.1000250863931,48.43290089448927],[-123.11823413243478,48.43116355290384],[-123.12651684281454,48.42045380432022],[-123.1165948634717,48.41148152656334],[-123.09838997289225,48.413218044099224]]],"type":"Polygon"},"id":"8728d1141ffffff","properties":{"h3":"8728d1141ffffff","roles":[],"target":true},"type":"Feature"},{"geometry":{"coordinates":[[[-123.04375864802051,48.4184112368766],[-123.0354611856602,48.42911799647933],[-123.04538128543619,48.438096553115734],[-123.06359865984767,48.43636739583133],[-123.07189177294379,48.42566050295923],[-123.06197186212249,48.41668290049142],[-123.04375864802051,48.4184112368766]]],"type":"Polygon"},"id":"8728d1142ffffff","properties":{"h3":"8728d1142ffffff","roles":[],"target":true},"type":"Feature"},{"geometry":{"coordinates":[[[-123.07189177294379,48.42566050295923],[-123.06359865984767,48.43636739583133],[-123.07352103332191,48.445341580827204],[-123.09173632661981,48.44360791900299],[-123.1000250863931,48.43290089448927],[-123.0901029074198,48.42392766329158],[-123.07189177294379,48.42566050295923]]],"type":"Polygon"},"id":"8728d1143ffffff","properties":{"h3":"8728d1143ffffff","roles":[],"target":true},"type":"Feature"},{"geometry":{"coordinates":[[[-123.09675562799426,48.39352918286359],[-123.08847025615916,48.404241395445304],[-123.09838997289225,48.413218044099224],[-123.1165948634717,48.41148152656334],[-123.124875882495,48.400769185210635],[-123.11495636497627,48.39179349001502],[-123.09675562799426,48.39352918286359]]],"type":"Polygon"},"id":"8728d1145ffffff","properties":{"h3":"8728d1145ffffff","roles":[],"target":true},"type":"Feature"},{"geometry":{"coordinates":[[[-123.04213677360532,48.39871990788158],[-123.03384101010356,48.40942926340503],[-123.04375864802051,48.4184112368766],[-123.06197186212249,48.41668290049142],[-123.07026327863765,48.405973412319476],[-123.06034582926652,48.3969923930319],[-123.04213677360532,48.39871990788158]]],"type":"Polygon"},"id":"8728d1146ffffff","properties":{"h3":"8728d1146ffffff","roles":[],"target":true},"type":"Feature"},{"geometry":{"coordinates":[[[-123.12815857480426,48.440132412570314],[-123.11987417240633,48.450839567096864],[-123.12980107900594,48.459805008024695],[-123.1480121836364,48.45806234122711],[-123.15629222461277,48.4473550583175],[-123.14636552360616,48.43839057043806],[-123.12815857480426,48.440132412570314]]],"type":"Polygon"},"id":"8728d1148ffffff","properties":{"h3":"8728d1148ffffff","roles":[],"target":true},"type":"Feature"},{"geometry":{"coordinates":[[[-123.15629222461277,48.4473550583175],[-123.1480121836364,48.45806234122711],[-123.15794134965638,48.46702340973799],[-123.17615034673864,48.465276242519366],[-123.18442602225358,48.45456883285747],[-123.17449706737229,48.4456087170157],[-123.15629222461277,48.4473550583175]]],"type":"Polygon"},"id":"8728d1149ffffff","properties":{"h3":"8728d1149ffffff","roles":["water"],"target":true},"type":"Feature"},{"geometry":{"coordinates":[[[-123.10166096903639,48.452577732094234],[-123.09337051429858,48.46328216064354],[-123.10329762136239,48.472248554981455],[-123.12151498392782,48.47050956720968],[-123.12980107900594,48.459805008024695],[-123.11987417240633,48.450839567096864],[-123.10166096903639,48.452577732094234]]],"type":"Polygon"},"id":"8728d114affffff","properties":{"h3":"8728d114affffff","roles":["water"],"target":true},"type":"Feature"},{"geometry":{"coordinates":[[[-123.12980107900594,48.459805008024695],[-123.12151498392782,48.47050956720968],[-123.13144435596183,48.47947158875393],[-123.14965961828665,48.477728097929194],[-123.15794134965638,48.46702340973799],[-123.1480121836364,48.45806234122711],[-123.12980107900594,48.459805008024695]]],"type":"Polygon"},"id":"8728d114bffffff","properties":{"h3":"8728d114bffffff","roles":["water"],"target":true},"type":"Feature"},{"geometry":{"coordinates":[[[-123.12651684281454,48.42045380432022],[-123.11823413243478,48.43116355290384],[-123.12815857480426,48.440132412570314],[-123.14636552360616,48.43839057043806],[-123.15464387484954,48.4276806940933],[-123.14471963765254,48.41871278749162],[-123.12651684281454,48.42045380432022]]],"type":"Polygon"},"id":"8728d114cffffff","properties":{"h3":"8728d114cffffff","roles":[],"target":true},"type":"Feature"},{"geometry":{"coordinates":[[[-123.15464387484954,48.4276806940933],[-123.14636552360616,48.43839057043806],[-123.15629222461277,48.4473550583175],[-123.17449706737229,48.4456087170157],[-123.18277105544176,48.4348987145409],[-123.17284456514945,48.4259351793473],[-123.15464387484954,48.4276806940933]]],"type":"Polygon"},"id":"8728d114dffffff","properties":{"h3":"8728d114dffffff","roles":[],"target":true},"type":"Feature"},{"geometry":{"coordinates":[[[-123.1000250863931,48.43290089448927],[-123.09173632661981,48.44360791900299],[-123.10166096903639,48.452577732094234],[-123.11987417240633,48.450839567096864],[-123.12815857480426,48.440132412570314],[-123.11823413243478,48.43116355290384],[-123.1000250863931,48.43290089448927]]],"type":"Polygon"},"id":"8728d114effffff","properties":{"h3":"8728d114effffff","roles":[],"target":true},"type":"Feature"},{"geometry":{"coordinates":[[[-122.98910240744307,48.42357986398587],[-122.98079455467791,48.43428375371844],[-122.99071255426638,48.44326763661329],[-123.00893822958994,48.44154667473936],[-123.01724173895238,48.430842647863564],[-123.00732391762716,48.421859719855924],[-122.98910240744307,48.42357986398587]]],"type":"Polygon"},"id":"8728d1150ffffff","properties":{"h3":"8728d1150ffffff","roles":[],"target":true},"type":"Feature"},{"geometry":{"coordinates":[[[-123.01724173895238,48.430842647863564],[-123.00893822958994,48.44154667473936],[-123.01885851317964,48.45052618589818],[-123.03708212355,48.448800715509456],[-123.04538128543619,48.438096553115734],[-123.0354611856602,48.42911799647933],[-123.01724173895238,48.430842647863564]]],"type":"Polygon"},"id":"8728d1151ffffff","properties":{"h3":"8728d1151ffffff","roles":[],"target":true},"type":"Feature"},{"geometry":{"coordinates":[[[-122.96256682323009,48.43600020572782],[-122.95425292412014,48.44670135633082],[-122.96417109681936,48.4556861944632],[-122.98240299675295,48.45396892660623],[-122.99071255426638,48.44326763661329],[-122.98079455467791,48.43428375371844],[-122.96256682323009,48.43600020572782]]],"type":"Polygon"},"id":"8728d1152ffffff","properties":{"h3":"8728d1152ffffff","roles":[],"target":true},"type":"Feature"},{"geometry":{"coordinates":[[[-122.99071255426638,48.44326763661329],[-122.98240299675295,48.45396892660623],[-122.99232345900786,48.462949392640375],[-123.010553301345,48.46122761365707],[-123.01885851317964,48.45052618589818],[-123.00893822958994,48.44154667473936],[-122.99071255426638,48.44326763661329]]],"type":"Polygon"},"id":"8728d1153ffffff","properties":{"h3":"8728d1153ffffff","roles":["land","water"],"target":true},"type":"Feature"},{"geometry":{"coordinates":[[[-122.9874930180057,48.40388607669682],[-122.97918686931773,48.414592564881644],[-122.98910240744307,48.42357986398587],[-123.00732391762716,48.421859719855924],[-123.01562572518687,48.41115309514929],[-123.00571036492317,48.402166750945604],[-122.9874930180057,48.40388607669682]]],"type":"Polygon"},"id":"8728d1154ffffff","properties":{"h3":"8728d1154ffffff","roles":[],"target":true},"type":"Feature"},{"geometry":{"coordinates":[[[-123.01562572518687,48.41115309514929],[-123.00732391762716,48.421859719855924],[-123.01724173895238,48.430842647863564],[-123.0354611856602,48.42911799647933],[-123.04375864802051,48.4184112368766],[-123.03384101010356,48.40942926340503],[-123.01562572518687,48.41115309514929]]],"type":"Polygon"},"id":"8728d1155ffffff","properties":{"h3":"8728d1155ffffff","roles":[],"target":true},"type":"Feature"},{"geometry":{"coordinates":[[[-122.96096330448017,48.416308200409524],[-122.9526511123921,48.4270119513745],[-122.96256682323009,48.43600020572782],[-122.98079455467791,48.43428375371844],[-122.98910240744307,48.42357986398587],[-122.97918686931773,48.414592564881644],[-122.96096330448017,48.416308200409524]]],"type":"Polygon"},"id":"8728d1156ffffff","properties":{"h3":"8728d1156ffffff","roles":[],"target":true},"type":"Feature"},{"geometry":{"coordinates":[[[-123.04700468638826,48.4577758546599],[-123.0387038243085,48.46847741855975],[-123.04862885141314,48.477449139576834],[-123.06685455205509,48.47571834240226],[-123.07515106031008,48.46501664398748],[-123.06522622297933,48.456045877112395],[-123.04700468638826,48.4577758546599]]],"type":"Polygon"},"id":"8728d1158ffffff","properties":{"h3":"8728d1158ffffff","roles":["land","water"],"target":true},"type":"Feature"},{"geometry":{"coordinates":[[[-123.07515106031008,48.46501664398748],[-123.06685455205509,48.47571834240226],[-123.07678185444688,48.48468569051106],[-123.09500547099582,48.48295038628407],[-123.10329762136239,48.472248554981455],[-123.09337051429858,48.46328216064354],[-123.07515106031008,48.46501664398748]]],"type":"Polygon"},"id":"8728d1159ffffff","properties":{"h3":"8728d1159ffffff","roles":["land","water"],"target":true},"type":"Feature"},{"geometry":{"coordinates":[[[-123.02047604840291,48.47020370731769],[-123.01216913342628,48.48090253467705],[-123.02209434515702,48.48987521019344],[-123.0403262884718,48.488148103701484],[-123.04862885141314,48.477449139576834],[-123.0387038243085,48.46847741855975],[-123.02047604840291,48.47020370731769]]],"type":"Polygon"},"id":"8728d115affffff","properties":{"h3":"8728d115affffff","roles":["land"],"target":false},"type":"Feature"},{"geometry":{"coordinates":[[[-123.04862885141314,48.477449139576834],[-123.0403262884718,48.488148103701484],[-123.05025378104781,48.49711640594113],[-123.06848364761315,48.49538478977529],[-123.07678185444688,48.48468569051106],[-123.06685455205509,48.47571834240226],[-123.04862885141314,48.477449139576834]]],"type":"Polygon"},"id":"8728d115bffffff","properties":{"h3":"8728d115bffffff","roles":["land","water"],"target":true},"type":"Feature"},{"geometry":{"coordinates":[[[-123.04538128543619,48.438096553115734],[-123.03708212355,48.448800715509456],[-123.04700468638826,48.4577758546599],[-123.06522622297933,48.456045877112395],[-123.07352103332191,48.445341580827204],[-123.06359865984767,48.43636739583133],[-123.04538128543619,48.438096553115734]]],"type":"Polygon"},"id":"8728d115cffffff","properties":{"h3":"8728d115cffffff","roles":[],"target":true},"type":"Feature"},{"geometry":{"coordinates":[[[-123.07352103332191,48.445341580827204],[-123.06522622297933,48.456045877112395],[-123.07515106031008,48.46501664398748],[-123.09337051429858,48.46328216064354],[-123.10166096903639,48.452577732094234],[-123.09173632661981,48.44360791900299],[-123.07352103332191,48.445341580827204]]],"type":"Polygon"},"id":"8728d115dffffff","properties":{"h3":"8728d115dffffff","roles":["water"],"target":true},"type":"Feature"},{"geometry":{"coordinates":[[[-123.01885851317964,48.45052618589818],[-123.010553301345,48.46122761365707],[-123.02047604840291,48.47020370731769],[-123.0387038243085,48.46847741855975],[-123.04700468638826,48.4577758546599],[-123.03708212355,48.448800715509456],[-123.01885851317964,48.45052618589818]]],"type":"Polygon"},"id":"8728d115effffff","properties":{"h3":"8728d115effffff","roles":["land","water"],"target":true},"type":"Feature"},{"geometry":{"coordinates":[[[-123.15134949898918,48.388313934972686],[-123.14307452523242,48.399028994324176],[-123.15299629982279,48.4080003189984],[-123.17119283952505,48.40625563144738],[-123.17946345467783,48.3955404472066],[-123.16954188995453,48.38657007525588],[-123.15134949898918,48.388313934972686]]],"type":"Polygon"},"id":"8728d1168ffffff","properties":{"h3":"8728d1168ffffff","roles":[],"target":true},"type":"Feature"},{"geometry":{"coordinates":[[[-123.17946345467783,48.3955404472066],[-123.17119283952505,48.40625563144738],[-123.18111686643171,48.415222585345035],[-123.19931129431114,48.41347340250905],[-123.20757754683369,48.40275809501176],[-123.19765373532793,48.39379209345638],[-123.17946345467783,48.3955404472066]]],"type":"Polygon"},"id":"8728d1169ffffff","properties":{"h3":"8728d1169ffffff","roles":[],"target":true},"type":"Feature"},{"geometry":{"coordinates":[[[-123.124875882495,48.400769185210635],[-123.1165948634717,48.41148152656334],[-123.12651684281454,48.42045380432022],[-123.14471963765254,48.41871278749162],[-123.15299629982279,48.4080003189984],[-123.14307452523242,48.399028994324176],[-123.124875882495,48.400769185210635]]],"type":"Polygon"},"id":"8728d116affffff","properties":{"h3":"8728d116affffff","roles":[],"target":true},"type":"Feature"},{"geometry":{"coordinates":[[[-123.15299629982279,48.4080003189984],[-123.14471963765254,48.41871278749162],[-123.15464387484954,48.4276806940933],[-123.17284456514945,48.4259351793473],[-123.18111686643171,48.415222585345035],[-123.17119283952505,48.40625563144738],[-123.15299629982279,48.4080003189984]]],"type":"Polygon"},"id":"8728d116bffffff","properties":{"h3":"8728d116bffffff","roles":[],"target":true},"type":"Feature"},{"geometry":{"coordinates":[[[-123.01401047134915,48.39145752969774],[-123.00571036492317,48.402166750945604],[-123.01562572518687,48.41115309514929],[-123.03384101010356,48.40942926340503],[-123.04213677360532,48.39871990788158],[-123.03222159634498,48.389734518228984],[-123.01401047134915,48.39145752969774]]],"type":"Polygon"},"id":"8728d1173ffffff","properties":{"h3":"8728d1173ffffff","roles":[],"target":true},"type":"Feature"},{"geometry":{"coordinates":[[[-123.23088906279646,48.67770104861981],[-123.22259917664158,48.68837998554628],[-123.23256005920622,48.69729464020306],[-123.25081060213718,48.69552940597826],[-123.2590960894347,48.684850338628785],[-123.24913543388924,48.67593663577378],[-123.23088906279646,48.67770104861981]]],"type":"Polygon"},"id":"8728d1234ffffff","properties":{"h3":"8728d1234ffffff","roles":[],"target":true},"type":"Feature"},{"geometry":{"coordinates":[[[-123.20434649176343,48.69014070844899],[-123.19605051543425,48.70081690535596],[-123.20601161986443,48.709732512203175],[-123.224268479991,48.70797096979981],[-123.23256005920622,48.69729464020306],[-123.22259917664158,48.68837998554628],[-123.20434649176343,48.69014070844899]]],"type":"Polygon"},"id":"8728d1236ffffff","properties":{"h3":"8728d1236ffffff","roles":[],"target":true},"type":"Feature"},{"geometry":{"coordinates":[[[-123.27889360535171,48.59397482102422],[-123.27062095326089,48.60466702876334],[-123.2805739432906,48.61359006076277],[-123.29879935066471,48.6118199338272],[-123.3070676073749,48.60112760210089],[-123.29711485331568,48.59220552114422],[-123.27889360535171,48.59397482102422]]],"type":"Polygon"},"id":"8728d1300ffffff","properties":{"h3":"8728d1300ffffff","roles":[],"target":true},"type":"Feature"},{"geometry":{"coordinates":[[[-123.25239339392395,48.606432653409584],[-123.24411466302685,48.61712213507814],[-123.25406788389881,48.62604611850551],[-123.27229960605182,48.62427966868342],[-123.2805739432906,48.61359006076277],[-123.27062095326089,48.60466702876334],[-123.25239339392395,48.606432653409584]]],"type":"Polygon"},"id":"8728d1302ffffff","properties":{"h3":"8728d1302ffffff","roles":[],"target":true},"type":"Feature"},{"geometry":{"coordinates":[[[-123.2805739432906,48.61359006076277],[-123.27229960605182,48.62427966868342],[-123.2822550726527,48.63319927444139],[-123.30048464130287,48.63142832109105],[-123.30875458085129,48.62073858855079],[-123.29879935066471,48.6118199338272],[-123.2805739432906,48.61359006076277]]],"type":"Polygon"},"id":"8728d1303ffffff","properties":{"h3":"8728d1303ffffff","roles":[],"target":true},"type":"Feature"},{"geometry":{"coordinates":[[[-123.27721405828002,48.574353557098334],[-123.26894309068187,48.58504836339855],[-123.27889360535171,48.59397482102422],[-123.29711485331568,48.59220552114422],[-123.30538142784137,48.58151059148793],[-123.29543114869881,48.5725850849148],[-123.27721405828002,48.574353557098334]]],"type":"Polygon"},"id":"8728d1304ffffff","properties":{"h3":"8728d1304ffffff","roles":[],"target":true},"type":"Feature"},{"geometry":{"coordinates":[[[-123.25071969229352,48.58681316222881],[-123.24244264885179,48.59750524434793],[-123.25239339392395,48.606432653409584],[-123.27062095326089,48.60466702876334],[-123.27889360535171,48.59397482102422],[-123.26894309068187,48.58504836339855],[-123.25071969229352,48.58681316222881]]],"type":"Polygon"},"id":"8728d1306ffffff","properties":{"h3":"8728d1306ffffff","roles":[],"target":true},"type":"Feature"},{"geometry":{"coordinates":[[[-123.19769382322993,48.611713157592334],[-123.18940462441392,48.622399778892046],[-123.19935581488586,48.63132909197254],[-123.2175959852735,48.62957083140054],[-123.22588079621015,48.61888407995419],[-123.2159298258681,48.60995571907398],[-123.19769382322993,48.611713157592334]]],"type":"Polygon"},"id":"8728d1310ffffff","properties":{"h3":"8728d1310ffffff","roles":["water"],"target":true},"type":"Feature"},{"geometry":{"coordinates":[[[-123.22588079621015,48.61888407995419],[-123.2175959852735,48.62957083140054],[-123.22754943185184,48.63849576664019],[-123.24578746488872,48.6367329984684],[-123.25406788389881,48.62604611850551],[-123.24411466302685,48.61712213507814],[-123.22588079621015,48.61888407995419]]],"type":"Polygon"},"id":"8728d1311ffffff","properties":{"h3":"8728d1311ffffff","roles":[],"target":true},"type":"Feature"},{"geometry":{"coordinates":[[[-123.17116232552681,48.62415353045692],[-123.16286704719634,48.634837415121766],[-123.17281845265053,48.64376768078339],[-123.19106492268465,48.6420131090467],[-123.19935581488586,48.63132909197254],[-123.18940462441392,48.622399778892046],[-123.17116232552681,48.62415353045692]]],"type":"Polygon"},"id":"8728d1312ffffff","properties":{"h3":"8728d1312ffffff","roles":["water"],"target":true},"type":"Feature"},{"geometry":{"coordinates":[[[-123.19935581488586,48.63132909197254],[-123.19106492268465,48.6420131090467],[-123.20101858982595,48.6509389964821],[-123.21926292983598,48.64917991449492],[-123.22754943185184,48.63849576664019],[-123.2175959852735,48.62957083140054],[-123.19935581488586,48.63132909197254]]],"type":"Polygon"},"id":"8728d1313ffffff","properties":{"h3":"8728d1313ffffff","roles":["water"],"target":true},"type":"Feature"},{"geometry":{"coordinates":[[[-123.19603261430755,48.59209119521001],[-123.18774510821544,48.602780419481064],[-123.19769382322993,48.611713157592334],[-123.2159298258681,48.60995571907398],[-123.2242129463851,48.59926636528892],[-123.2142644510679,48.59033457938389],[-123.19603261430755,48.59209119521001]]],"type":"Polygon"},"id":"8728d1314ffffff","properties":{"h3":"8728d1314ffffff","roles":["water"],"target":true},"type":"Feature"},{"geometry":{"coordinates":[[[-123.2242129463851,48.59926636528892],[-123.2159298258681,48.60995571907398],[-123.22588079621015,48.61888407995419],[-123.24411466302685,48.61712213507814],[-123.25239339392395,48.606432653409584],[-123.24244264885179,48.59750524434793],[-123.2242129463851,48.59926636528892]]],"type":"Polygon"},"id":"8728d1315ffffff","properties":{"h3":"8728d1315ffffff","roles":[],"target":true},"type":"Feature"},{"geometry":{"coordinates":[[[-123.16950697860095,48.604533350236366],[-123.16121339595925,48.61521983976034],[-123.17116232552681,48.62415353045692],[-123.18940462441392,48.622399778892046],[-123.19769382322993,48.611713157592334],[-123.18774510821544,48.602780419481064],[-123.16950697860095,48.604533350236366]]],"type":"Polygon"},"id":"8728d1316ffffff","properties":{"h3":"8728d1316ffffff","roles":["water"],"target":true},"type":"Feature"},{"geometry":{"coordinates":[[[-123.25574316277226,48.64565355564769],[-123.24746105499142,48.65633783265317],[-123.25741923109912,48.66525496297391],[-123.27565928449181,48.663486864719786],[-123.28393699399423,48.65280246019432],[-123.27397904961013,48.64388628128965],[-123.25574316277226,48.64565355564769]]],"type":"Polygon"},"id":"8728d1318ffffff","properties":{"h3":"8728d1318ffffff","roles":[],"target":true},"type":"Feature"},{"geometry":{"coordinates":[[[-123.22921885386289,48.65810142348159],[-123.22093066010773,48.6687829664952],[-123.23088906279646,48.67770104861981],[-123.24913543388924,48.67593663577378],[-123.25741923109912,48.66525496297391],[-123.24746105499142,48.65633783265317],[-123.22921885386289,48.65810142348159]]],"type":"Polygon"},"id":"8728d131affffff","properties":{"h3":"8728d131affffff","roles":[],"target":true},"type":"Feature"},{"geometry":{"coordinates":[[[-123.25741923109912,48.66525496297391],[-123.24913543388924,48.67593663577378],[-123.2590960894347,48.684850338628785],[-123.27734031125344,48.68308141711821],[-123.28561970787216,48.672399616162565],[-123.27565928449181,48.663486864719786],[-123.25741923109912,48.66525496297391]]],"type":"Polygon"},"id":"8728d131bffffff","properties":{"h3":"8728d131bffffff","roles":[],"target":true},"type":"Feature"},{"geometry":{"coordinates":[[[-123.25406788389881,48.62604611850551],[-123.24578746488872,48.6367329984684],[-123.25574316277226,48.64565355564769],[-123.27397904961013,48.64388628128965],[-123.2822550726527,48.63319927444139],[-123.27229960605182,48.62427966868342],[-123.25406788389881,48.62604611850551]]],"type":"Polygon"},"id":"8728d131cffffff","properties":{"h3":"8728d131cffffff","roles":[],"target":true},"type":"Feature"},{"geometry":{"coordinates":[[[-123.2822550726527,48.63319927444139],[-123.27397904961013,48.64388628128965],[-123.28393699399423,48.65280246019432],[-123.30217072578786,48.651030681069855],[-123.31044234882836,48.64034354896831],[-123.30048464130287,48.63142832109105],[-123.2822550726527,48.63319927444139]]],"type":"Polygon"},"id":"8728d131dffffff","properties":{"h3":"8728d131dffffff","roles":[],"target":true},"type":"Feature"},{"geometry":{"coordinates":[[[-123.22754943185184,48.63849576664019],[-123.21926292983598,48.64917991449492],[-123.22921885386289,48.65810142348159],[-123.24746105499142,48.65633783265317],[-123.25574316277226,48.64565355564769],[-123.24578746488872,48.6367329984684],[-123.22754943185184,48.63849576664019]]],"type":"Polygon"},"id":"8728d131effffff","properties":{"h3":"8728d131effffff","roles":[],"target":true},"type":"Feature"},{"geometry":{"coordinates":[[[-123.27553530152035,48.55472627086444],[-123.26726601775978,48.56542367446493],[-123.27721405828002,48.574353557098334],[-123.29543114869881,48.5725850849148],[-123.30369604169317,48.56188755858815],[-123.29374823625746,48.55295862701843],[-123.27553530152035,48.55472627086444]]],"type":"Polygon"},"id":"8728d1322ffffff","properties":{"h3":"8728d1322ffffff","roles":[],"target":true},"type":"Feature"},{"geometry":{"coordinates":[[[-123.27385733451777,48.535092964208665],[-123.26558973394012,48.545792963845145],[-123.27553530152035,48.55472627086444],[-123.29374823625746,48.55295862701843],[-123.30201144837346,48.54225850528444],[-123.29206611543566,48.533326149341384],[-123.27385733451777,48.535092964208665]]],"type":"Polygon"},"id":"8728d1326ffffff","properties":{"h3":"8728d1326ffffff","roles":[],"target":true},"type":"Feature"},{"geometry":{"coordinates":[[[-123.22087960197695,48.560012859515986],[-123.21259986032166,48.570707414205735],[-123.22254588182459,48.57964262451655],[-123.24077142181021,48.577882328150025],[-123.24904677845372,48.56718764683896],[-123.23910098134928,48.558253388363454],[-123.22087960197695,48.560012859515986]]],"type":"Polygon"},"id":"8728d1330ffffff","properties":{"h3":"8728d1330ffffff","roles":[],"target":true},"type":"Feature"},{"geometry":{"coordinates":[[[-123.24904677845372,48.56718764683896],[-123.24077142181021,48.577882328150025],[-123.25071969229352,48.58681316222881],[-123.26894309068187,48.58504836339855],[-123.27721405828002,48.574353557098334],[-123.26726601775978,48.56542367446493],[-123.24904677845372,48.56718764683896]]],"type":"Polygon"},"id":"8728d1331ffffff","properties":{"h3":"8728d1331ffffff","roles":[],"target":true},"type":"Feature"},{"geometry":{"coordinates":[[[-123.19437218756876,48.572463206700846],[-123.18608637353942,48.58315503268563],[-123.19603261430755,48.59209119521001],[-123.2142644510679,48.59033457938389],[-123.22254588182459,48.57964262451655],[-123.21259986032166,48.570707414205735],[-123.19437218756876,48.572463206700846]]],"type":"Polygon"},"id":"8728d1332ffffff","properties":{"h3":"8728d1332ffffff","roles":["water"],"target":true},"type":"Feature"},{"geometry":{"coordinates":[[[-123.22254588182459,48.57964262451655],[-123.2142644510679,48.59033457938389],[-123.2242129463851,48.59926636528892],[-123.24244264885179,48.59750524434793],[-123.25071969229352,48.58681316222881],[-123.24077142181021,48.577882328150025],[-123.22254588182459,48.57964262451655]]],"type":"Polygon"},"id":"8728d1333ffffff","properties":{"h3":"8728d1333ffffff","roles":[],"target":true},"type":"Feature"},{"geometry":{"coordinates":[[[-123.2192141062911,48.54037707217293],[-123.21093605307863,48.55107422542177],[-123.22087960197695,48.560012859515986],[-123.23910098134928,48.558253388363454],[-123.24737465185132,48.547556109122574],[-123.2374313269166,48.53861842687414],[-123.2192141062911,48.54037707217293]]],"type":"Polygon"},"id":"8728d1334ffffff","properties":{"h3":"8728d1334ffffff","roles":[],"target":true},"type":"Feature"},{"geometry":{"coordinates":[[[-123.24737465185132,48.547556109122574],[-123.23910098134928,48.558253388363454],[-123.24904677845372,48.56718764683896],[-123.26726601775978,48.56542367446493],[-123.27553530152035,48.55472627086444],[-123.26558973394012,48.545792963845145],[-123.24737465185132,48.547556109122574]]],"type":"Polygon"},"id":"8728d1335ffffff","properties":{"h3":"8728d1335ffffff","roles":[],"target":true},"type":"Feature"},{"geometry":{"coordinates":[[[-123.19271254246401,48.55282919394702],[-123.1844284198367,48.563523620384366],[-123.19437218756876,48.572463206700846],[-123.21259986032166,48.570707414205735],[-123.22087960197695,48.560012859515986],[-123.21093605307863,48.55107422542177],[-123.19271254246401,48.55282919394702]]],"type":"Polygon"},"id":"8728d1336ffffff","properties":{"h3":"8728d1336ffffff","roles":["water"],"target":true},"type":"Feature"},{"geometry":{"coordinates":[[[-123.09313210782877,48.68104482122341],[-123.0848168784807,48.69171785934359],[-123.09477137628862,48.70064755937893],[-123.11304090476973,48.6989032674213],[-123.12135175099296,48.688230089468775],[-123.11139745309879,48.6793013431542],[-123.09313210782877,48.68104482122341]]],"type":"Polygon"},"id":"8728d1380ffffff","properties":{"h3":"8728d1380ffffff","roles":[],"target":true},"type":"Feature"},{"geometry":{"coordinates":[[[-123.12135175099296,48.688230089468775],[-123.11304090476973,48.6989032674213],[-123.12299768182669,48.70782858748072],[-123.14126510083365,48.70607977609236],[-123.14957155984702,48.69540645993184],[-123.13961498830085,48.686482093215325],[-123.12135175099296,48.688230089468775]]],"type":"Polygon"},"id":"8728d1381ffffff","properties":{"h3":"8728d1381ffffff","roles":[],"target":true},"type":"Feature"},{"geometry":{"coordinates":[[[-123.06654524941895,48.69345763047857],[-123.05822393280275,48.704127913502674],[-123.06817862534315,48.713058567637816],[-123.08645444100823,48.7113179844972],[-123.09477137628862,48.70064755937893],[-123.0848168784807,48.69171785934359],[-123.06654524941895,48.69345763047857]]],"type":"Polygon"},"id":"8728d1382ffffff","properties":{"h3":"8728d1382ffffff","roles":[],"target":true},"type":"Feature"},{"geometry":{"coordinates":[[[-123.09149361247489,48.66143604566195],[-123.08318008838877,48.67211169554217],[-123.09313210782877,48.68104482122341],[-123.11139745309879,48.6793013431542],[-123.11970659636312,48.66862555407921],[-123.1097547764173,48.65969338211632],[-123.09149361247489,48.66143604566195]]],"type":"Polygon"},"id":"8728d1384ffffff","properties":{"h3":"8728d1384ffffff","roles":[],"target":true},"type":"Feature"},{"geometry":{"coordinates":[[[-123.11970659636312,48.66862555407921],[-123.11139745309879,48.6793013431542],[-123.12135175099296,48.688230089468775],[-123.13961498830085,48.686482093215325],[-123.14791974666092,48.675806166570275],[-123.1379656538541,48.666878373596546],[-123.11970659636312,48.66862555407921]]],"type":"Polygon"},"id":"8728d1385ffffff","properties":{"h3":"8728d1385ffffff","roles":[],"target":true},"type":"Feature"},{"geometry":{"coordinates":[[[-123.06491264404407,48.67385065403717],[-123.05659303566252,48.684523550701684],[-123.06654524941895,48.69345763047857],[-123.0848168784807,48.69171785934359],[-123.09313210782877,48.68104482122341],[-123.08318008838877,48.67211169554217],[-123.06491264404407,48.67385065403717]]],"type":"Polygon"},"id":"8728d1386ffffff","properties":{"h3":"8728d1386ffffff","roles":[],"target":true},"type":"Feature"},{"geometry":{"coordinates":[[[-123.14957155984702,48.69540645993184],[-123.14126510083365,48.70607977609236],[-123.15122415233402,48.715000715946736],[-123.16948945297626,48.71324738652587],[-123.17779152070099,48.70257393378278],[-123.16783268030835,48.69365394689045],[-123.14957155984702,48.69540645993184]]],"type":"Polygon"},"id":"8728d138cffffff","properties":{"h3":"8728d138cffffff","roles":[],"target":true},"type":"Feature"},{"geometry":{"coordinates":[[[-123.01009358647944,48.67905106568858],[-123.00176351949848,48.68972105965955],[-123.01171362793403,48.69866047377969],[-123.0299936210647,48.69692893893633],[-123.03831931491652,48.68625879962836],[-123.02836939001045,48.67732034034954],[-123.01009358647944,48.67905106568858]]],"type":"Polygon"},"id":"8728d1394ffffff","properties":{"h3":"8728d1394ffffff","roles":[],"target":true},"type":"Feature"},{"geometry":{"coordinates":[[[-123.03831931491652,48.68625879962836],[-123.0299936210647,48.69692893893633],[-123.03994602395224,48.705863973185274],[-123.05822393280275,48.704127913502674],[-123.06654524941895,48.69345763047857],[-123.05659303566252,48.684523550701684],[-123.03831931491652,48.68625879962836]]],"type":"Polygon"},"id":"8728d1395ffffff","properties":{"h3":"8728d1395ffffff","roles":[],"target":true},"type":"Feature"},{"geometry":{"coordinates":[[[-122.9834814509959,48.69144806828867],[-122.97514529919434,48.70211529850545],[-122.9850955859625,48.71105566783972],[-123.00338184744538,48.709327851592064],[-123.01171362793403,48.69866047377969],[-123.00176351949848,48.68972105965955],[-122.9834814509959,48.69144806828867]]],"type":"Polygon"},"id":"8728d1396ffffff","properties":{"h3":"8728d1396ffffff","roles":[],"target":true},"type":"Feature"},{"geometry":{"coordinates":[[[-123.1164186135309,48.62939837857779],[-123.10811287418002,48.64007938616196],[-123.11806221739104,48.64901498316297],[-123.13631709694594,48.64726861908709],[-123.1446184559984,48.63658747520495],[-123.13466931702943,48.62765283154483],[-123.1164186135309,48.62939837857779]]],"type":"Polygon"},"id":"8728d13a0ffffff","properties":{"h3":"8728d13a0ffffff","roles":["land","water"],"target":true},"type":"Feature"},{"geometry":{"coordinates":[[[-123.1446184559984,48.63658747520495],[-123.13631709694594,48.64726861908709],[-123.14626871222731,48.65619983770979],[-123.16452147796777,48.654448959337095],[-123.17281845265053,48.64376768078339],[-123.16286704719634,48.634837415121766],[-123.1446184559984,48.63658747520495]]],"type":"Polygon"},"id":"8728d13a1ffffff","properties":{"h3":"8728d13a1ffffff","roles":["water"],"target":true},"type":"Feature"},{"geometry":{"coordinates":[[[-123.08985588968287,48.64182123454864],[-123.08154407018866,48.65249949494358],[-123.09149361247489,48.66143604566195],[-123.1097547764173,48.65969338211632],[-123.11806221739104,48.64901498316297],[-123.10811287418002,48.64007938616196],[-123.08985588968287,48.64182123454864]]],"type":"Polygon"},"id":"8728d13a2ffffff","properties":{"h3":"8728d13a2ffffff","roles":[],"target":true},"type":"Feature"},{"geometry":{"coordinates":[[[-123.11806221739104,48.64901498316297],[-123.1097547764173,48.65969338211632],[-123.11970659636312,48.66862555407921],[-123.1379656538541,48.666878373596546],[-123.14626871222731,48.65619983770979],[-123.13631709694594,48.64726861908709],[-123.11806221739104,48.64901498316297]]],"type":"Polygon"},"id":"8728d13a3ffffff","properties":{"h3":"8728d13a3ffffff","roles":[],"target":true},"type":"Feature"},{"geometry":{"coordinates":[[[-123.11477578423754,48.60977574218814],[-123.10647174584203,48.620459357152114],[-123.1164186135309,48.62939837857779],[-123.13466931702943,48.62765283154483],[-123.14296897742678,48.61696908091705],[-123.1330223135581,48.60803101283439],[-123.11477578423754,48.60977574218814]]],"type":"Polygon"},"id":"8728d13a4ffffff","properties":{"h3":"8728d13a4ffffff","roles":["land","water"],"target":true},"type":"Feature"},{"geometry":{"coordinates":[[[-123.14296897742678,48.61696908091705],[-123.13466931702943,48.62765283154483],[-123.1446184559984,48.63658747520495],[-123.16286704719634,48.634837415121766],[-123.17116232552681,48.62415353045692],[-123.16121339595925,48.61521983976034],[-123.14296897742678,48.61696908091705]]],"type":"Polygon"},"id":"8728d13a5ffffff","properties":{"h3":"8728d13a5ffffff","roles":["water"],"target":true},"type":"Feature"},{"geometry":{"coordinates":[[[-123.08821893890901,48.62220038974442],[-123.07990882333718,48.632881259405245],[-123.08985588968287,48.64182123454864],[-123.10811287418002,48.64007938616196],[-123.1164186135309,48.62939837857779],[-123.10647174584203,48.620459357152114],[-123.08821893890901,48.62220038974442]]],"type":"Polygon"},"id":"8728d13a6ffffff","properties":{"h3":"8728d13a6ffffff","roles":["water"],"target":true},"type":"Feature"},{"geometry":{"coordinates":[[[-123.1744753605211,48.6633757993508],[-123.16617668882208,48.67405447054488],[-123.17613304968795,48.68297788430105],[-123.19438786764385,48.68122167413356],[-123.20268214860133,48.67054286925923],[-123.19272600357773,48.66162040807998],[-123.1744753605211,48.6633757993508]]],"type":"Polygon"},"id":"8728d13a8ffffff","properties":{"h3":"8728d13a8ffffff","roles":[],"target":true},"type":"Feature"},{"geometry":{"coordinates":[[[-123.20268214860133,48.67054286925923],[-123.19438786764385,48.68122167413356],[-123.20434649176343,48.69014070844899],[-123.22259917664158,48.68837998554628],[-123.23088906279646,48.67770104861981],[-123.22093066010773,48.6687829664952],[-123.20268214860133,48.67054286925923]]],"type":"Polygon"},"id":"8728d13a9ffffff","properties":{"h3":"8728d13a9ffffff","roles":[],"target":true},"type":"Feature"},{"geometry":{"coordinates":[[[-123.14791974666092,48.675806166570275],[-123.13961498830085,48.686482093215325],[-123.14957155984702,48.69540645993184],[-123.16783268030835,48.69365394689045],[-123.17613304968795,48.68297788430105],[-123.16617668882208,48.67405447054488],[-123.14791974666092,48.675806166570275]]],"type":"Polygon"},"id":"8728d13aaffffff","properties":{"h3":"8728d13aaffffff","roles":[],"target":true},"type":"Feature"},{"geometry":{"coordinates":[[[-123.17613304968795,48.68297788430105],[-123.16783268030835,48.69365394689045],[-123.17779152070099,48.70257393378278],[-123.19605051543425,48.70081690535596],[-123.20434649176343,48.69014070844899],[-123.19438786764385,48.68122167413356],[-123.17613304968795,48.68297788430105]]],"type":"Polygon"},"id":"8728d13abffffff","properties":{"h3":"8728d13abffffff","roles":[],"target":true},"type":"Feature"},{"geometry":{"coordinates":[[[-123.17281845265053,48.64376768078339],[-123.16452147796777,48.654448959337095],[-123.1744753605211,48.6633757993508],[-123.19272600357773,48.66162040807998],[-123.20101858982595,48.6509389964821],[-123.19106492268465,48.6420131090467],[-123.17281845265053,48.64376768078339]]],"type":"Polygon"},"id":"8728d13acffffff","properties":{"h3":"8728d13acffffff","roles":[],"target":true},"type":"Feature"},{"geometry":{"coordinates":[[[-123.20101858982595,48.6509389964821],[-123.19272600357773,48.66162040807998],[-123.20268214860133,48.67054286925923],[-123.22093066010773,48.6687829664952],[-123.22921885386289,48.65810142348159],[-123.21926292983598,48.64917991449492],[-123.20101858982595,48.6509389964821]]],"type":"Polygon"},"id":"8728d13adffffff","properties":{"h3":"8728d13adffffff","roles":[],"target":true},"type":"Feature"},{"geometry":{"coordinates":[[[-123.14626871222731,48.65619983770979],[-123.1379656538541,48.666878373596546],[-123.14791974666092,48.675806166570275],[-123.16617668882208,48.67405447054488],[-123.1744753605211,48.6633757993508],[-123.16452147796777,48.654448959337095],[-123.14626871222731,48.65619983770979]]],"type":"Polygon"},"id":"8728d13aeffffff","properties":{"h3":"8728d13aeffffff","roles":[],"target":true},"type":"Feature"},{"geometry":{"coordinates":[[[-123.03506819864599,48.64703033644277],[-123.02674592518902,48.65770570306357],[-123.03669337332786,48.666647586762956],[-123.05496290785698,48.6649131492259],[-123.0632808086761,48.65423764016408],[-123.05333354884459,48.64529671092915],[-123.03506819864599,48.64703033644277]]],"type":"Polygon"},"id":"8728d13b0ffffff","properties":{"h3":"8728d13b0ffffff","roles":[],"target":true},"type":"Feature"},{"geometry":{"coordinates":[[[-123.0632808086761,48.65423764016408],[-123.05496290785698,48.6649131492259],[-123.06491264404407,48.67385065403717],[-123.08318008838877,48.67211169554217],[-123.09149361247489,48.66143604566195],[-123.08154407018866,48.65249949494358],[-123.0632808086761,48.65423764016408]]],"type":"Polygon"},"id":"8728d13b1ffffff","properties":{"h3":"8728d13b1ffffff","roles":[],"target":true},"type":"Feature"},{"geometry":{"coordinates":[[[-123.00847430936861,48.6594356182653],[-123.00014595521924,48.670108227152696],[-123.01009358647944,48.67905106568858],[-123.02836939001045,48.67732034034954],[-123.03669337332786,48.666647586762956],[-123.02674592518902,48.65770570306357],[-123.00847430936861,48.6594356182653]]],"type":"Polygon"},"id":"8728d13b2ffffff","properties":{"h3":"8728d13b2ffffff","roles":[],"target":true},"type":"Feature"},{"geometry":{"coordinates":[[[-123.03669337332786,48.666647586762956],[-123.02836939001045,48.67732034034954],[-123.03831931491652,48.68625879962836],[-123.05659303566252,48.684523550701684],[-123.06491264404407,48.67385065403717],[-123.05496290785698,48.6649131492259],[-123.03669337332786,48.666647586762956]]],"type":"Polygon"},"id":"8728d13b3ffffff","properties":{"h3":"8728d13b3ffffff","roles":[],"target":true},"type":"Feature"},{"geometry":{"coordinates":[[[-123.03344379033095,48.62740705052828],[-123.02512322606096,48.63808502893544],[-123.03506819864599,48.64703033644277],[-123.05333354884459,48.64529671092915],[-123.06164974277296,48.63461859071663],[-123.05170495808424,48.625674237672044],[-123.03344379033095,48.62740705052828]]],"type":"Polygon"},"id":"8728d13b4ffffff","properties":{"h3":"8728d13b4ffffff","roles":["water"],"target":true},"type":"Feature"},{"geometry":{"coordinates":[[[-123.06164974277296,48.63461859071663],[-123.05333354884459,48.64529671092915],[-123.0632808086761,48.65423764016408],[-123.08154407018866,48.65249949494358],[-123.08985588968287,48.64182123454864],[-123.07990882333718,48.632881259405245],[-123.06164974277296,48.63461859071663]]],"type":"Polygon"},"id":"8728d13b5ffffff","properties":{"h3":"8728d13b5ffffff","roles":["water"],"target":true},"type":"Feature"},{"geometry":{"coordinates":[[[-123.00685579606333,48.63981413336674],[-122.99852915406993,48.650489355924925],[-123.00847430936861,48.6594356182653],[-123.02674592518902,48.65770570306357],[-123.03506819864599,48.64703033644277],[-123.02512322606096,48.63808502893544],[-123.00685579606333,48.63981413336674]]],"type":"Polygon"},"id":"8728d13b6ffffff","properties":{"h3":"8728d13b6ffffff","roles":["land","water"],"target":true},"type":"Feature"},{"geometry":{"coordinates":[[[-123.26715335300071,48.45649957132749],[-123.25889247861525,48.46720994239554],[-123.2688281665125,48.476156940673434],[-123.28702449713467,48.47439261659089],[-123.29528099225897,48.4636821259273],[-123.28534553724089,48.45473607878985],[-123.26715335300071,48.45649957132749]]],"type":"Polygon"},"id":"8728d1a80ffffff","properties":{"h3":"8728d1a80ffffff","roles":[],"target":true},"type":"Feature"},{"geometry":{"coordinates":[[[-123.2406940067695,48.46896977288002],[-123.23242707427241,48.47967743115008],[-123.24236298994418,48.48862538094133],[-123.26056561155923,48.48686472079738],[-123.2688281665125,48.476156940673434],[-123.25889247861525,48.46720994239554],[-123.2406940067695,48.46896977288002]]],"type":"Polygon"},"id":"8728d1a82ffffff","properties":{"h3":"8728d1a82ffffff","roles":[],"target":true},"type":"Feature"},{"geometry":{"coordinates":[[[-123.2688281665125,48.476156940673434],[-123.26056561155923,48.48686472079738],[-123.27050376756738,48.49580829721002],[-123.288704246429,48.494043142224335],[-123.29696241982364,48.483335241881264],[-123.28702449713467,48.47439261659089],[-123.2688281665125,48.476156940673434]]],"type":"Polygon"},"id":"8728d1a83ffffff","properties":{"h3":"8728d1a83ffffff","roles":[],"target":true},"type":"Feature"},{"geometry":{"coordinates":[[[-123.26547932647975,48.4368361910924],[-123.25722013200917,48.447549151822926],[-123.26715335300071,48.45649957132749],[-123.28534553724089,48.45473607878985],[-123.29360035474596,48.444022999086165],[-123.28366736619417,48.43507353074153],[-123.26547932647975,48.4368361910924]]],"type":"Polygon"},"id":"8728d1a84ffffff","properties":{"h3":"8728d1a84ffffff","roles":[],"target":true},"type":"Feature"},{"geometry":{"coordinates":[[[-123.23902580807382,48.449308152006836],[-123.23076055843957,48.46001840184427],[-123.2406940067695,48.46896977288002],[-123.25889247861525,48.46720994239554],[-123.26715335300071,48.45649957132749],[-123.25722013200917,48.447549151822926],[-123.23902580807382,48.449308152006836]]],"type":"Polygon"},"id":"8728d1a86ffffff","properties":{"h3":"8728d1a86ffffff","roles":[],"target":true},"type":"Feature"},{"geometry":{"coordinates":[[[-123.18608176741301,48.47423293836497],[-123.17780440379413,48.48493775393199],[-123.18773829146652,48.49389102914045],[-123.20594932686892,48.492138536359484],[-123.21422231870073,48.48143359504814],[-123.2042886481414,48.47248127211078],[-123.18608176741301,48.47423293836497]]],"type":"Polygon"},"id":"8728d1a90ffffff","properties":{"h3":"8728d1a90ffffff","roles":["water"],"target":true},"type":"Feature"},{"geometry":{"coordinates":[[[-123.21422231870073,48.48143359504814],[-123.20594932686892,48.492138536359484],[-123.21588546520285,48.501087438036286],[-123.23409437392924,48.49933044636458],[-123.24236298994418,48.48862538094133],[-123.23242707427241,48.47967743115008],[-123.21422231870073,48.48143359504814]]],"type":"Polygon"},"id":"8728d1a91ffffff","properties":{"h3":"8728d1a91ffffff","roles":[],"target":true},"type":"Feature"},{"geometry":{"coordinates":[[[-123.15959125052461,48.48668574642855],[-123.15130782810095,48.4973878386216],[-123.1612419277625,48.50634206646982],[-123.17945923908478,48.504593249334086],[-123.18773829146652,48.49389102914045],[-123.17780440379413,48.48493775393199],[-123.15959125052461,48.48668574642855]]],"type":"Polygon"},"id":"8728d1a92ffffff","properties":{"h3":"8728d1a92ffffff","roles":["water"],"target":true},"type":"Feature"},{"geometry":{"coordinates":[[[-123.18773829146652,48.49389102914045],[-123.17945923908478,48.504593249334086],[-123.18939559496114,48.51354310326769],[-123.20761078690172,48.51178978459939],[-123.21588546520285,48.501087438036286],[-123.20594932686892,48.492138536359484],[-123.18773829146652,48.49389102914045]]],"type":"Polygon"},"id":"8728d1a93ffffff","properties":{"h3":"8728d1a93ffffff","roles":["water"],"target":true},"type":"Feature"},{"geometry":{"coordinates":[[[-123.18442602225358,48.45456883285747],[-123.17615034673864,48.465276242519366],[-123.18608176741301,48.47423293836497],[-123.2042886481414,48.47248127211078],[-123.2125599541611,48.46177373732842],[-123.20262875017094,48.45281799376962],[-123.18442602225358,48.45456883285747]]],"type":"Polygon"},"id":"8728d1a94ffffff","properties":{"h3":"8728d1a94ffffff","roles":["water"],"target":true},"type":"Feature"},{"geometry":{"coordinates":[[[-123.2125599541611,48.46177373732842],[-123.2042886481414,48.47248127211078],[-123.21422231870073,48.48143359504814],[-123.23242707427241,48.47967743115008],[-123.2406940067695,48.46896977288002],[-123.23076055843957,48.46001840184427],[-123.2125599541611,48.46177373732842]]],"type":"Polygon"},"id":"8728d1a95ffffff","properties":{"h3":"8728d1a95ffffff","roles":[],"target":true},"type":"Feature"},{"geometry":{"coordinates":[[[-123.15794134965638,48.46702340973799],[-123.14965961828665,48.477728097929194],[-123.15959125052461,48.48668574642855],[-123.17780440379413,48.48493775393199],[-123.18608176741301,48.47423293836497],[-123.17615034673864,48.465276242519366],[-123.15794134965638,48.46702340973799]]],"type":"Polygon"},"id":"8728d1a96ffffff","properties":{"h3":"8728d1a96ffffff","roles":["water"],"target":true},"type":"Feature"},{"geometry":{"coordinates":[[[-123.24403275814849,48.50827497427423],[-123.23576245796039,48.51897744557469],[-123.24570331193364,48.527918550968955],[-123.26391423866903,48.526156233428644],[-123.27218015671802,48.51545363902395],[-123.26223953139299,48.506513485111704],[-123.24403275814849,48.50827497427423]]],"type":"Polygon"},"id":"8728d1a98ffffff","properties":{"h3":"8728d1a98ffffff","roles":[],"target":true},"type":"Feature"},{"geometry":{"coordinates":[[[-123.27218015671802,48.51545363902395],[-123.26391423866903,48.526156233428644],[-123.27385733451777,48.535092964208665],[-123.29206611543566,48.533326149341384],[-123.30032764732579,48.52262343346658],[-123.29038478567784,48.51368765377674],[-123.27218015671802,48.51545363902395]]],"type":"Polygon"},"id":"8728d1a99ffffff","properties":{"h3":"8728d1a99ffffff","roles":[],"target":true},"type":"Feature"},{"geometry":{"coordinates":[[[-123.21754939421645,48.52073526437992],[-123.20927302878857,48.53143501492104],[-123.2192141062911,48.54037707217293],[-123.2374313269166,48.53861842687414],[-123.24570331193364,48.527918550968955],[-123.23576245796039,48.51897744557469],[-123.21754939421645,48.52073526437992]]],"type":"Polygon"},"id":"8728d1a9affffff","properties":{"h3":"8728d1a9affffff","roles":[],"target":true},"type":"Feature"},{"geometry":{"coordinates":[[[-123.24570331193364,48.527918550968955],[-123.2374313269166,48.53861842687414],[-123.24737465185132,48.547556109122574],[-123.26558973394012,48.545792963845145],[-123.27385733451777,48.535092964208665],[-123.26391423866903,48.526156233428644],[-123.24570331193364,48.527918550968955]]],"type":"Polygon"},"id":"8728d1a9bffffff","properties":{"h3":"8728d1a9bffffff","roles":[],"target":true},"type":"Feature"},{"geometry":{"coordinates":[[[-123.24236298994418,48.48862538094133],[-123.23409437392924,48.49933044636458],[-123.24403275814849,48.50827497427423],[-123.26223953139299,48.506513485111704],[-123.27050376756738,48.49580829721002],[-123.26056561155923,48.48686472079738],[-123.24236298994418,48.48862538094133]]],"type":"Polygon"},"id":"8728d1a9cffffff","properties":{"h3":"8728d1a9cffffff","roles":[],"target":true},"type":"Feature"},{"geometry":{"coordinates":[[[-123.27050376756738,48.49580829721002],[-123.26223953139299,48.506513485111704],[-123.27218015671802,48.51545363902395],[-123.29038478567784,48.51368765377674],[-123.2986446379943,48.502982345031064],[-123.288704246429,48.494043142224335],[-123.27050376756738,48.49580829721002]]],"type":"Polygon"},"id":"8728d1a9dffffff","properties":{"h3":"8728d1a9dffffff","roles":[],"target":true},"type":"Feature"},{"geometry":{"coordinates":[[[-123.21588546520285,48.501087438036286],[-123.20761078690172,48.51178978459939],[-123.21754939421645,48.52073526437992],[-123.23576245796039,48.51897744557469],[-123.24403275814849,48.50827497427423],[-123.23409437392924,48.49933044636458],[-123.21588546520285,48.501087438036286]]],"type":"Polygon"},"id":"8728d1a9effffff","properties":{"h3":"8728d1a9effffff","roles":[],"target":true},"type":"Feature"},{"geometry":{"coordinates":[[[-123.26380608639786,48.417166801895135],[-123.25554857118965,48.42788235100298],[-123.26547932647975,48.4368361910924],[-123.28366736619417,48.43507353074153],[-123.29192050673078,48.424357863281585],[-123.28198998344155,48.41540497437304],[-123.26380608639786,48.417166801895135]]],"type":"Polygon"},"id":"8728d1aa2ffffff","properties":{"h3":"8728d1aa2ffffff","roles":[],"target":true},"type":"Feature"},{"geometry":{"coordinates":[[[-123.20923756877536,48.42243598538023],[-123.20096963240995,48.43314870325904],[-123.21089837103533,48.442107866796924],[-123.22909482588096,48.44035336036702],[-123.23735839330706,48.42964052024513],[-123.22742987604728,48.42068230864512],[-123.20923756877536,48.42243598538023]]],"type":"Polygon"},"id":"8728d1ab0ffffff","properties":{"h3":"8728d1ab0ffffff","roles":[],"target":true},"type":"Feature"},{"geometry":{"coordinates":[[[-123.23735839330706,48.42964052024513],[-123.22909482588096,48.44035336036702],[-123.23902580807382,48.449308152006836],[-123.25722013200917,48.447549151822926],[-123.26547932647975,48.4368361910924],[-123.25554857118965,48.42788235100298],[-123.23735839330706,48.42964052024513]]],"type":"Polygon"},"id":"8728d1ab1ffffff","properties":{"h3":"8728d1ab1ffffff","roles":[],"target":true},"type":"Feature"},{"geometry":{"coordinates":[[[-123.18277105544176,48.4348987145409],[-123.17449706737229,48.4456087170157],[-123.18442602225358,48.45456883285747],[-123.20262875017094,48.45281799376962],[-123.21089837103533,48.442107866796924],[-123.20096963240995,48.43314870325904],[-123.18277105544176,48.4348987145409]]],"type":"Polygon"},"id":"8728d1ab2ffffff","properties":{"h3":"8728d1ab2ffffff","roles":[],"target":true},"type":"Feature"},{"geometry":{"coordinates":[[[-123.21089837103533,48.442107866796924],[-123.20262875017094,48.45281799376962],[-123.2125599541611,48.46177373732842],[-123.23076055843957,48.46001840184427],[-123.23902580807382,48.449308152006836],[-123.22909482588096,48.44035336036702],[-123.21089837103533,48.442107866796924]]],"type":"Polygon"},"id":"8728d1ab3ffffff","properties":{"h3":"8728d1ab3ffffff","roles":[],"target":true},"type":"Feature"},{"geometry":{"coordinates":[[[-123.20757754683369,48.40275809501176],[-123.19931129431114,48.41347340250905],[-123.20923756877536,48.42243598538023],[-123.22742987604728,48.42068230864512],[-123.23569176191954,48.40996687952515],[-123.2257657083898,48.401005248612066],[-123.20757754683369,48.40275809501176]]],"type":"Polygon"},"id":"8728d1ab4ffffff","properties":{"h3":"8728d1ab4ffffff","roles":[],"target":true},"type":"Feature"},{"geometry":{"coordinates":[[[-123.23569176191954,48.40996687952515],[-123.22742987604728,48.42068230864512],[-123.23735839330706,48.42964052024513],[-123.25554857118965,48.42788235100298],[-123.26380608639786,48.417166801895135],[-123.25387779560586,48.408209541866064],[-123.23569176191954,48.40996687952515]]],"type":"Polygon"},"id":"8728d1ab5ffffff","properties":{"h3":"8728d1ab5ffffff","roles":[],"target":true},"type":"Feature"},{"geometry":{"coordinates":[[[-123.18111686643171,48.415222585345035],[-123.17284456514945,48.4259351793473],[-123.18277105544176,48.4348987145409],[-123.20096963240995,48.43314870325904],[-123.20923756877536,48.42243598538023],[-123.19931129431114,48.41347340250905],[-123.18111686643171,48.415222585345035]]],"type":"Polygon"},"id":"8728d1ab6ffffff","properties":{"h3":"8728d1ab6ffffff","roles":[],"target":true},"type":"Feature"}],"type":"FeatureCollection"}
