{"features":[{"geometry":{"coordinates":[-122.94648001352063,48.54653855797882],"type":"Point"},"id":"land:8728d1008ffffff:164:247","properties":{"kind":"raster_water_pixel_center","pixel_area_m2":10000.0,"source_type":"land","target_h3":"8728d1008ffffff"},"type":"Feature"},{"geometry":{"coordinates":[-122.94512507779362,48.54653792017157],"type":"Point"},"id":"land:8728d1008ffffff:164:248","properties":{"kind":"raster_water_pixel_center","pixel_area_m2":10000.0,"source_type":"land","target_h3":"8728d1008ffffff"},"type":"Feature"},{"geometry":{"coordinates":[-122.94377014211454,48.546537266419165],"type":"Point"},"id":"land:8728d1008ffffff:164:249","properties":{"kind":"raster_water_pixel_center","pixel_area_m2":10000.0,"source_type":"land","target_h3":"8728d1008ffffff"},"type":"Feature"},{"geometry":{"coordinates":[-122.95596534532265,48.5456429435625],"type":"Point"},"id":"land:8728d1008ffffff:165:240","properties":{"kind":"raster_water_pixel_center","pixel_area_m2":10000.0,"source_type":"land","target_h3":"8728d1008ffffff"},"type":"Feature"},{"geometry":{"coordinates":[-122.95461043330744,48.545642417387974],"type":"Point"},"id":"land:8728d1008ffffff:165:241","properties":{"kind":"raster_water_pixel_center","pixel_area_m2":10000.0,"source_type":"land","target_h3":"8728d1008ffffff"},"type":"Feature"},{"geometry":{"coordinates":[-122.9532555213319,48.54564187526877],"type":"Point"},"id":"land:8728d1008ffffff:165:242","properties":{"kind":"raster_water_pixel_center","pixel_area_m2":10000.0,"source_type":"land","target_h3":"8728d1008ffffff"},"type":"Feature"},{"geometry":{"coordinates":[-122.95190060939721,48.5456413172049],"type":"Point"},"id":"land:8728d1008ffffff:165:243","properties":{"kind":"raster_water_pixel_center","pixel_area_m2":10000.0,"source_type":"land","target_h3":"8728d1008ffffff"},"type":"Feature"},{"geometry":{"coordinates":[-122.9505456975046,48.54564074319636],"type":"Point"},"id":"land:8728d1008ffffff:165:244","properties":{"kind":"raster_water_pixel_center","pixel_area_m2":10000.0,"source_type":"land","target_h3":"8728d1008ffffff"},"type":"Feature"},{"geometry":{"coordinates":[-122.94919078565519,48.54564015324315],"type":"Point"},"id":"land:8728d1008ffffff:165:245","properties":{"kind":"raster_water_pixel_center","pixel_area_m2":10000.0,"source_type":"land","target_h3":"8728d1008ffffff"},"type":"Feature"},{"geometry":{"coordinates":[-122.9478358738502,48.54563954734528],"type":"Point"},"id":"land:8728d1008ffffff:165:246","properties":{"kind":"raster_water_pixel_center","pixel_area_m2":10000.0,"source_type":"land","target_h3":"8728d1008ffffff"},"type":"Feature"},{"geometry":{"coordinates":[-122.94648096209077,48.54563892550274],"type":"Point"},"id":"land:8728d1008ffffff:165:247","properties":{"kind":"raster_water_pixel_center","pixel_area_m2":10000.0,"source_type":"land","target_h3":"8728d1008ffffff"},"type":"Feature"},{"geometry":{"coordinates":[-122.94512605037818,48.54563828771555],"type":"Point"},"id":"land:8728d1008ffffff:165:248","properties":{"kind":"raster_water_pixel_center","pixel_area_m2":10000.0,"source_type":"land","target_h3":"8728d1008ffffff"},"type":"Feature"},{"geometry":{"coordinates":[-122.94377113871352,48.545637633983695],"type":"Point"},"id":"land:8728d1008ffffff:165:249","properties":{"kind":"raster_water_pixel_center","pixel_area_m2":10000.0,"source_type":"land","target_h3":"8728d1008ffffff"},"type":"Feature"},{"geometry":{"coordinates":[-122.9613856781344,48.54474525600909],"type":"Point"},"id":"land:8728d1008ffffff:166:236","properties":{"kind":"raster_water_pixel_center","pixel_area_m2":10000.0,"source_type":"land","target_h3":"8728d1008ffffff"},"type":"Feature"},{"geometry":{"coordinates":[-122.9600307899856,48.54474479362777],"type":"Point"},"id":"land:8728d1008ffffff:166:237","properties":{"kind":"raster_water_pixel_center","pixel_area_m2":10000.0,"source_type":"land","target_h3":"8728d1008ffffff"},"type":"Feature"},{"geometry":{"coordinates":[-122.95867590187171,48.54474431530229],"type":"Point"},"id":"land:8728d1008ffffff:166:238","properties":{"kind":"raster_water_pixel_center","pixel_area_m2":10000.0,"source_type":"land","target_h3":"8728d1008ffffff"},"type":"Feature"},{"geometry":{"coordinates":[-122.95732101379394,48.54474382103263],"type":"Point"},"id":"land:8728d1008ffffff:166:239","properties":{"kind":"raster_water_pixel_center","pixel_area_m2":10000.0,"source_type":"land","target_h3":"8728d1008ffffff"},"type":"Feature"},{"geometry":{"coordinates":[-122.95596612575348,48.54474331081881],"type":"Point"},"id":"land:8728d1008ffffff:166:240","properties":{"kind":"raster_water_pixel_center","pixel_area_m2":10000.0,"source_type":"land","target_h3":"8728d1008ffffff"},"type":"Feature"},{"geometry":{"coordinates":[-122.9546112377515,48.54474278466082],"type":"Point"},"id":"land:8728d1008ffffff:166:241","properties":{"kind":"raster_water_pixel_center","pixel_area_m2":10000.0,"source_type":"land","target_h3":"8728d1008ffffff"},"type":"Feature"},{"geometry":{"coordinates":[-122.9532563497892,48.544742242558655],"type":"Point"},"id":"land:8728d1008ffffff:166:242","properties":{"kind":"raster_water_pixel_center","pixel_area_m2":10000.0,"source_type":"land","target_h3":"8728d1008ffffff"},"type":"Feature"},{"geometry":{"coordinates":[-122.95190146186775,48.54474168451233],"type":"Point"},"id":"land:8728d1008ffffff:166:243","properties":{"kind":"raster_water_pixel_center","pixel_area_m2":10000.0,"source_type":"land","target_h3":"8728d1008ffffff"},"type":"Feature"},{"geometry":{"coordinates":[-122.95054657398835,48.54474111052184],"type":"Point"},"id":"land:8728d1008ffffff:166:244","properties":{"kind":"raster_water_pixel_center","pixel_area_m2":10000.0,"source_type":"land","target_h3":"8728d1008ffffff"},"type":"Feature"},{"geometry":{"coordinates":[-122.94919168615215,48.544740520587176],"type":"Point"},"id":"land:8728d1008ffffff:166:245","properties":{"kind":"raster_water_pixel_center","pixel_area_m2":10000.0,"source_type":"land","target_h3":"8728d1008ffffff"},"type":"Feature"},{"geometry":{"coordinates":[-122.94783679836037,48.54473991470835],"type":"Point"},"id":"land:8728d1008ffffff:166:246","properties":{"kind":"raster_water_pixel_center","pixel_area_m2":10000.0,"source_type":"land","target_h3":"8728d1008ffffff"},"type":"Feature"},{"geometry":{"coordinates":[-122.94648191061417,48.54473929288537],"type":"Point"},"id":"land:8728d1008ffffff:166:247","properties":{"kind":"raster_water_pixel_center","pixel_area_m2":10000.0,"source_type":"land","target_h3":"8728d1008ffffff"},"type":"Feature"},{"geometry":{"coordinates":[-122.94512702291476,48.54473865511822],"type":"Point"},"id":"land:8728d1008ffffff:166:248","properties":{"kind":"raster_water_pixel_center","pixel_area_m2":10000.0,"source_type":"land","target_h3":"8728d1008ffffff"},"type":"Feature"},{"geometry":{"coordinates":[-122.9437721352633,48.544738001406905],"type":"Point"},"id":"land:8728d1008ffffff:166:249","properties":{"kind":"raster_water_pixel_center","pixel_area_m2":10000.0,"source_type":"land","target_h3":"8728d1008ffffff"},"type":"Feature"},{"geometry":{"coordinates":[-122.94241724766101,48.54473733175145],"type":"Point"},"id":"land:8728d1008ffffff:166:250","properties":{"kind":"raster_water_pixel_center","pixel_area_m2":10000.0,"source_type":"land","target_h3":"8728d1008ffffff"},"type":"Feature"},{"geometry":{"coordinates":[-122.96274122664909,48.543846069486044],"type":"Point"},"id":"land:8728d1008ffffff:167:235","properties":{"kind":"raster_water_pixel_center","pixel_area_m2":10000.0,"source_type":"land","target_h3":"8728d1008ffffff"},"type":"Feature"},{"geometry":{"coordinates":[-122.96138636247855,48.54384562306295],"type":"Point"},"id":"land:8728d1008ffffff:167:236","properties":{"kind":"raster_water_pixel_center","pixel_area_m2":10000.0,"source_type":"land","target_h3":"8728d1008ffffff"},"type":"Feature"},{"geometry":{"coordinates":[-122.9600314983418,48.54384516069618],"type":"Point"},"id":"land:8728d1008ffffff:167:237","properties":{"kind":"raster_water_pixel_center","pixel_area_m2":10000.0,"source_type":"land","target_h3":"8728d1008ffffff"},"type":"Feature"},{"geometry":{"coordinates":[-122.95867663423998,48.543844682385725],"type":"Point"},"id":"land:8728d1008ffffff:167:238","properties":{"kind":"raster_water_pixel_center","pixel_area_m2":10000.0,"source_type":"land","target_h3":"8728d1008ffffff"},"type":"Feature"},{"geometry":{"coordinates":[-122.95732177017425,48.54384418813162],"type":"Point"},"id":"land:8728d1008ffffff:167:239","properties":{"kind":"raster_water_pixel_center","pixel_area_m2":10000.0,"source_type":"land","target_h3":"8728d1008ffffff"},"type":"Feature"},{"geometry":{"coordinates":[-122.95596690614585,48.54384367793382],"type":"Point"},"id":"land:8728d1008ffffff:167:240","properties":{"kind":"raster_water_pixel_center","pixel_area_m2":10000.0,"source_type":"land","target_h3":"8728d1008ffffff"},"type":"Feature"},{"geometry":{"coordinates":[-122.95461204215592,48.543843151792366],"type":"Point"},"id":"land:8728d1008ffffff:167:241","properties":{"kind":"raster_water_pixel_center","pixel_area_m2":10000.0,"source_type":"land","target_h3":"8728d1008ffffff"},"type":"Feature"},{"geometry":{"coordinates":[-122.95325717820565,48.543842609707255],"type":"Point"},"id":"land:8728d1008ffffff:167:242","properties":{"kind":"raster_water_pixel_center","pixel_area_m2":10000.0,"source_type":"land","target_h3":"8728d1008ffffff"},"type":"Feature"},{"geometry":{"coordinates":[-122.95190231429623,48.54384205167847],"type":"Point"},"id":"land:8728d1008ffffff:167:243","properties":{"kind":"raster_water_pixel_center","pixel_area_m2":10000.0,"source_type":"land","target_h3":"8728d1008ffffff"},"type":"Feature"},{"geometry":{"coordinates":[-122.95054745042887,48.54384147770602],"type":"Point"},"id":"land:8728d1008ffffff:167:244","properties":{"kind":"raster_water_pixel_center","pixel_area_m2":10000.0,"source_type":"land","target_h3":"8728d1008ffffff"},"type":"Feature"},{"geometry":{"coordinates":[-122.94919258660471,48.54384088778989],"type":"Point"},"id":"land:8728d1008ffffff:167:245","properties":{"kind":"raster_water_pixel_center","pixel_area_m2":10000.0,"source_type":"land","target_h3":"8728d1008ffffff"},"type":"Feature"},{"geometry":{"coordinates":[-122.94783772282496,48.543840281930116],"type":"Point"},"id":"land:8728d1008ffffff:167:246","properties":{"kind":"raster_water_pixel_center","pixel_area_m2":10000.0,"source_type":"land","target_h3":"8728d1008ffffff"},"type":"Feature"},{"geometry":{"coordinates":[-122.94648285909079,48.54383966012667],"type":"Point"},"id":"land:8728d1008ffffff:167:247","properties":{"kind":"raster_water_pixel_center","pixel_area_m2":10000.0,"source_type":"land","target_h3":"8728d1008ffffff"},"type":"Feature"},{"geometry":{"coordinates":[-122.9451279954034,48.54383902237958],"type":"Point"},"id":"land:8728d1008ffffff:167:248","properties":{"kind":"raster_water_pixel_center","pixel_area_m2":10000.0,"source_type":"land","target_h3":"8728d1008ffffff"},"type":"Feature"},{"geometry":{"coordinates":[-122.94377313176396,48.543838368688824],"type":"Point"},"id":"land:8728d1008ffffff:167:249","properties":{"kind":"raster_water_pixel_center","pixel_area_m2":10000.0,"source_type":"land","target_h3":"8728d1008ffffff"},"type":"Feature"},{"geometry":{"coordinates":[-122.94241826817368,48.54383769905441],"type":"Point"},"id":"land:8728d1008ffffff:167:250","properties":{"kind":"raster_water_pixel_center","pixel_area_m2":10000.0,"source_type":"land","target_h3":"8728d1008ffffff"},"type":"Feature"},{"geometry":{"coordinates":[-122.94106340463372,48.54383701347634],"type":"Point"},"id":"land:8728d1008ffffff:167:251","properties":{"kind":"raster_water_pixel_center","pixel_area_m2":10000.0,"source_type":"land","target_h3":"8728d1008ffffff"},"type":"Feature"},{"geometry":{"coordinates":[-122.96274188694859,48.54294643638458],"type":"Point"},"id":"land:8728d1008ffffff:168:235","properties":{"kind":"raster_water_pixel_center","pixel_area_m2":10000.0,"source_type":"land","target_h3":"8728d1008ffffff"},"type":"Feature"},{"geometry":{"coordinates":[-122.96138704678896,48.542945989975514],"type":"Point"},"id":"land:8728d1008ffffff:168:236","properties":{"kind":"raster_water_pixel_center","pixel_area_m2":10000.0,"source_type":"land","target_h3":"8728d1008ffffff"},"type":"Feature"},{"geometry":{"coordinates":[-122.96003220666306,48.54294552762328],"type":"Point"},"id":"land:8728d1008ffffff:168:237","properties":{"kind":"raster_water_pixel_center","pixel_area_m2":10000.0,"source_type":"land","target_h3":"8728d1008ffffff"},"type":"Feature"},{"geometry":{"coordinates":[-122.9586773665721,48.542945049327855],"type":"Point"},"id":"land:8728d1008ffffff:168:238","properties":{"kind":"raster_water_pixel_center","pixel_area_m2":10000.0,"source_type":"land","target_h3":"8728d1008ffffff"},"type":"Feature"},{"geometry":{"coordinates":[-122.95732252651725,48.542944555089285],"type":"Point"},"id":"land:8728d1008ffffff:168:239","properties":{"kind":"raster_water_pixel_center","pixel_area_m2":10000.0,"source_type":"land","target_h3":"8728d1008ffffff"},"type":"Feature"},{"geometry":{"coordinates":[-122.95596768649972,48.542944044907536],"type":"Point"},"id":"land:8728d1008ffffff:168:240","properties":{"kind":"raster_water_pixel_center","pixel_area_m2":10000.0,"source_type":"land","target_h3":"8728d1008ffffff"},"type":"Feature"},{"geometry":{"coordinates":[-122.95461284652063,48.54294351878263],"type":"Point"},"id":"land:8728d1008ffffff:168:241","properties":{"kind":"raster_water_pixel_center","pixel_area_m2":10000.0,"source_type":"land","target_h3":"8728d1008ffffff"},"type":"Feature"},{"geometry":{"coordinates":[-122.95325800658122,48.54294297671454],"type":"Point"},"id":"land:8728d1008ffffff:168:242","properties":{"kind":"raster_water_pixel_center","pixel_area_m2":10000.0,"source_type":"land","target_h3":"8728d1008ffffff"},"type":"Feature"},{"geometry":{"coordinates":[-122.95190316668267,48.5429424187033],"type":"Point"},"id":"land:8728d1008ffffff:168:243","properties":{"kind":"raster_water_pixel_center","pixel_area_m2":10000.0,"source_type":"land","target_h3":"8728d1008ffffff"},"type":"Feature"},{"geometry":{"coordinates":[-122.95054832682615,48.542941844748896],"type":"Point"},"id":"land:8728d1008ffffff:168:244","properties":{"kind":"raster_water_pixel_center","pixel_area_m2":10000.0,"source_type":"land","target_h3":"8728d1008ffffff"},"type":"Feature"},{"geometry":{"coordinates":[-122.94919348701285,48.542941254851314],"type":"Point"},"id":"land:8728d1008ffffff:168:245","properties":{"kind":"raster_water_pixel_center","pixel_area_m2":10000.0,"source_type":"land","target_h3":"8728d1008ffffff"},"type":"Feature"},{"geometry":{"coordinates":[-122.94783864724396,48.54294064901058],"type":"Point"},"id":"land:8728d1008ffffff:168:246","properties":{"kind":"raster_water_pixel_center","pixel_area_m2":10000.0,"source_type":"land","target_h3":"8728d1008ffffff"},"type":"Feature"},{"geometry":{"coordinates":[-122.94648380752065,48.542940027226685],"type":"Point"},"id":"land:8728d1008ffffff:168:247","properties":{"kind":"raster_water_pixel_center","pixel_area_m2":10000.0,"source_type":"land","target_h3":"8728d1008ffffff"},"type":"Feature"},{"geometry":{"coordinates":[-122.9451289678441,48.54293938949964],"type":"Point"},"id":"land:8728d1008ffffff:168:248","properties":{"kind":"raster_water_pixel_center","pixel_area_m2":10000.0,"source_type":"land","target_h3":"8728d1008ffffff"},"type":"Feature"},{"geometry":{"coordinates":[-122.94377412821548,48.54293873582942],"type":"Point"},"id":"land:8728d1008ffffff:168:249","properties":{"kind":"raster_water_pixel_center","pixel_area_m2":10000.0,"source_type":"land","target_h3":"8728d1008ffffff"},"type":"Feature"},{"geometry":{"coordinates":[-122.94241928863603,48.54293806621606],"type":"Point"},"id":"land:8728d1008ffffff:168:250","properties":{"kind":"raster_water_pixel_center","pixel_area_m2":10000.0,"source_type":"land","target_h3":"8728d1008ffffff"},"type":"Feature"},{"geometry":{"coordinates":[-122.94106444910692,48.542937380659545],"type":"Point"},"id":"land:8728d1008ffffff:168:251","properties":{"kind":"raster_water_pixel_center","pixel_area_m2":10000.0,"source_type":"land","target_h3":"8728d1008ffffff"},"type":"Feature"},{"geometry":{"coordinates":[-122.9640973633981,48.542047233594175],"type":"Point"},"id":"land:8728d1008ffffff:169:234","properties":{"kind":"raster_water_pixel_center","pixel_area_m2":10000.0,"source_type":"land","target_h3":"8728d1008ffffff"},"type":"Feature"},{"geometry":{"coordinates":[-122.96274254721557,48.54204680314181],"type":"Point"},"id":"land:8728d1008ffffff:169:235","properties":{"kind":"raster_water_pixel_center","pixel_area_m2":10000.0,"source_type":"land","target_h3":"8728d1008ffffff"},"type":"Feature"},{"geometry":{"coordinates":[-122.96138773106563,48.54204635674677],"type":"Point"},"id":"land:8728d1008ffffff:169:236","properties":{"kind":"raster_water_pixel_center","pixel_area_m2":10000.0,"source_type":"land","target_h3":"8728d1008ffffff"},"type":"Feature"},{"geometry":{"coordinates":[-122.96003291494941,48.542045894409064],"type":"Point"},"id":"land:8728d1008ffffff:169:237","properties":{"kind":"raster_water_pixel_center","pixel_area_m2":10000.0,"source_type":"land","target_h3":"8728d1008ffffff"},"type":"Feature"},{"geometry":{"coordinates":[-122.95867809886812,48.5420454161287],"type":"Point"},"id":"land:8728d1008ffffff:169:238","properties":{"kind":"raster_water_pixel_center","pixel_area_m2":10000.0,"source_type":"land","target_h3":"8728d1008ffffff"},"type":"Feature"},{"geometry":{"coordinates":[-122.95732328282297,48.542044921905664],"type":"Point"},"id":"land:8728d1008ffffff:169:239","properties":{"kind":"raster_water_pixel_center","pixel_area_m2":10000.0,"source_type":"land","target_h3":"8728d1008ffffff"},"type":"Feature"},{"geometry":{"coordinates":[-122.9559684668151,48.542044411739944],"type":"Point"},"id":"land:8728d1008ffffff:169:240","properties":{"kind":"raster_water_pixel_center","pixel_area_m2":10000.0,"source_type":"land","target_h3":"8728d1008ffffff"},"type":"Feature"},{"geometry":{"coordinates":[-122.95461365084569,48.54204388563157],"type":"Point"},"id":"land:8728d1008ffffff:169:241","properties":{"kind":"raster_water_pixel_center","pixel_area_m2":10000.0,"source_type":"land","target_h3":"8728d1008ffffff"},"type":"Feature"},{"geometry":{"coordinates":[-122.95325883491597,48.54204334358054],"type":"Point"},"id":"land:8728d1008ffffff:169:242","properties":{"kind":"raster_water_pixel_center","pixel_area_m2":10000.0,"source_type":"land","target_h3":"8728d1008ffffff"},"type":"Feature"},{"geometry":{"coordinates":[-122.95190401902708,48.54204278558683],"type":"Point"},"id":"land:8728d1008ffffff:169:243","properties":{"kind":"raster_water_pixel_center","pixel_area_m2":10000.0,"source_type":"land","target_h3":"8728d1008ffffff"},"type":"Feature"},{"geometry":{"coordinates":[-122.95054920318024,48.54204221165046],"type":"Point"},"id":"land:8728d1008ffffff:169:244","properties":{"kind":"raster_water_pixel_center","pixel_area_m2":10000.0,"source_type":"land","target_h3":"8728d1008ffffff"},"type":"Feature"},{"geometry":{"coordinates":[-122.94919438737661,48.54204162177143],"type":"Point"},"id":"land:8728d1008ffffff:169:245","properties":{"kind":"raster_water_pixel_center","pixel_area_m2":10000.0,"source_type":"land","target_h3":"8728d1008ffffff"},"type":"Feature"},{"geometry":{"coordinates":[-122.94783957161737,48.542041015949735],"type":"Point"},"id":"land:8728d1008ffffff:169:246","properties":{"kind":"raster_water_pixel_center","pixel_area_m2":10000.0,"source_type":"land","target_h3":"8728d1008ffffff"},"type":"Feature"},{"geometry":{"coordinates":[-122.94648475590371,48.54204039418539],"type":"Point"},"id":"land:8728d1008ffffff:169:247","properties":{"kind":"raster_water_pixel_center","pixel_area_m2":10000.0,"source_type":"land","target_h3":"8728d1008ffffff"},"type":"Feature"},{"geometry":{"coordinates":[-122.94512994023681,48.54203975647839],"type":"Point"},"id":"land:8728d1008ffffff:169:248","properties":{"kind":"raster_water_pixel_center","pixel_area_m2":10000.0,"source_type":"land","target_h3":"8728d1008ffffff"},"type":"Feature"},{"geometry":{"coordinates":[-122.94377512461787,48.54203910282873],"type":"Point"},"id":"land:8728d1008ffffff:169:249","properties":{"kind":"raster_water_pixel_center","pixel_area_m2":10000.0,"source_type":"land","target_h3":"8728d1008ffffff"},"type":"Feature"},{"geometry":{"coordinates":[-122.94242030904807,48.542038433236414],"type":"Point"},"id":"land:8728d1008ffffff:169:250","properties":{"kind":"raster_water_pixel_center","pixel_area_m2":10000.0,"source_type":"land","target_h3":"8728d1008ffffff"},"type":"Feature"},{"geometry":{"coordinates":[-122.9410654935286,48.54203774770144],"type":"Point"},"id":"land:8728d1008ffffff:169:251","properties":{"kind":"raster_water_pixel_center","pixel_area_m2":10000.0,"source_type":"land","target_h3":"8728d1008ffffff"},"type":"Feature"},{"geometry":{"coordinates":[-122.9397106780606,48.54203704622382],"type":"Point"},"id":"land:8728d1008ffffff:169:252","properties":{"kind":"raster_water_pixel_center","pixel_area_m2":10000.0,"source_type":"land","target_h3":"8728d1008ffffff"},"type":"Feature"},{"geometry":{"coordinates":[-122.96409799962399,48.54114760019658],"type":"Point"},"id":"land:8728d1008ffffff:170:234","properties":{"kind":"raster_water_pixel_center","pixel_area_m2":10000.0,"source_type":"land","target_h3":"8728d1008ffffff"},"type":"Feature"},{"geometry":{"coordinates":[-122.96274320744999,48.541147169757735],"type":"Point"},"id":"land:8728d1008ffffff:170:235","properties":{"kind":"raster_water_pixel_center","pixel_area_m2":10000.0,"source_type":"land","target_h3":"8728d1008ffffff"},"type":"Feature"},{"geometry":{"coordinates":[-122.96138841530853,48.541146723376734],"type":"Point"},"id":"land:8728d1008ffffff:170:236","properties":{"kind":"raster_water_pixel_center","pixel_area_m2":10000.0,"source_type":"land","target_h3":"8728d1008ffffff"},"type":"Feature"},{"geometry":{"coordinates":[-122.96003362320083,48.54114626105356],"type":"Point"},"id":"land:8728d1008ffffff:170:237","properties":{"kind":"raster_water_pixel_center","pixel_area_m2":10000.0,"source_type":"land","target_h3":"8728d1008ffffff"},"type":"Feature"},{"geometry":{"coordinates":[-122.95867883112804,48.54114578278822],"type":"Point"},"id":"land:8728d1008ffffff:170:238","properties":{"kind":"raster_water_pixel_center","pixel_area_m2":10000.0,"source_type":"land","target_h3":"8728d1008ffffff"},"type":"Feature"},{"geometry":{"coordinates":[-122.95732403909138,48.541145288580715],"type":"Point"},"id":"land:8728d1008ffffff:170:239","properties":{"kind":"raster_water_pixel_center","pixel_area_m2":10000.0,"source_type":"land","target_h3":"8728d1008ffffff"},"type":"Feature"},{"geometry":{"coordinates":[-122.955969247092,48.54114477843105],"type":"Point"},"id":"land:8728d1008ffffff:170:240","properties":{"kind":"raster_water_pixel_center","pixel_area_m2":10000.0,"source_type":"land","target_h3":"8728d1008ffffff"},"type":"Feature"},{"geometry":{"coordinates":[-122.95461445513111,48.541144252339215],"type":"Point"},"id":"land:8728d1008ffffff:170:241","properties":{"kind":"raster_water_pixel_center","pixel_area_m2":10000.0,"source_type":"land","target_h3":"8728d1008ffffff"},"type":"Feature"},{"geometry":{"coordinates":[-122.95325966320986,48.54114371030521],"type":"Point"},"id":"land:8728d1008ffffff:170:242","properties":{"kind":"raster_water_pixel_center","pixel_area_m2":10000.0,"source_type":"land","target_h3":"8728d1008ffffff"},"type":"Feature"},{"geometry":{"coordinates":[-122.95190487132948,48.54114315232904],"type":"Point"},"id":"land:8728d1008ffffff:170:243","properties":{"kind":"raster_water_pixel_center","pixel_area_m2":10000.0,"source_type":"land","target_h3":"8728d1008ffffff"},"type":"Feature"},{"geometry":{"coordinates":[-122.9505500794911,48.54114257841072],"type":"Point"},"id":"land:8728d1008ffffff:170:244","properties":{"kind":"raster_water_pixel_center","pixel_area_m2":10000.0,"source_type":"land","target_h3":"8728d1008ffffff"},"type":"Feature"},{"geometry":{"coordinates":[-122.94919528769594,48.54114198855024],"type":"Point"},"id":"land:8728d1008ffffff:170:245","properties":{"kind":"raster_water_pixel_center","pixel_area_m2":10000.0,"source_type":"land","target_h3":"8728d1008ffffff"},"type":"Feature"},{"geometry":{"coordinates":[-122.94784049594519,48.54114138274758],"type":"Point"},"id":"land:8728d1008ffffff:170:246","properties":{"kind":"raster_water_pixel_center","pixel_area_m2":10000.0,"source_type":"land","target_h3":"8728d1008ffffff"},"type":"Feature"},{"geometry":{"coordinates":[-122.94648570424,48.54114076100279],"type":"Point"},"id":"land:8728d1008ffffff:170:247","properties":{"kind":"raster_water_pixel_center","pixel_area_m2":10000.0,"source_type":"land","target_h3":"8728d1008ffffff"},"type":"Feature"},{"geometry":{"coordinates":[-122.94513091258159,48.54114012331583],"type":"Point"},"id":"land:8728d1008ffffff:170:248","properties":{"kind":"raster_water_pixel_center","pixel_area_m2":10000.0,"source_type":"land","target_h3":"8728d1008ffffff"},"type":"Feature"},{"geometry":{"coordinates":[-122.94377612097114,48.54113946968671],"type":"Point"},"id":"land:8728d1008ffffff:170:249","properties":{"kind":"raster_water_pixel_center","pixel_area_m2":10000.0,"source_type":"land","target_h3":"8728d1008ffffff"},"type":"Feature"},{"geometry":{"coordinates":[-122.94242132940978,48.54113880011545],"type":"Point"},"id":"land:8728d1008ffffff:170:250","properties":{"kind":"raster_water_pixel_center","pixel_area_m2":10000.0,"source_type":"land","target_h3":"8728d1008ffffff"},"type":"Feature"},{"geometry":{"coordinates":[-122.94106653789876,48.54113811460203],"type":"Point"},"id":"land:8728d1008ffffff:170:251","properties":{"kind":"raster_water_pixel_center","pixel_area_m2":10000.0,"source_type":"land","target_h3":"8728d1008ffffff"},"type":"Feature"},{"geometry":{"coordinates":[-122.93971174643926,48.54113741314646],"type":"Point"},"id":"land:8728d1008ffffff:170:252","properties":{"kind":"raster_water_pixel_center","pixel_area_m2":10000.0,"source_type":"land","target_h3":"8728d1008ffffff"},"type":"Feature"},{"geometry":{"coordinates":[-122.9383569550324,48.54113669574873],"type":"Point"},"id":"land:8728d1008ffffff:170:253","properties":{"kind":"raster_water_pixel_center","pixel_area_m2":10000.0,"source_type":"land","target_h3":"8728d1008ffffff"},"type":"Feature"},{"geometry":{"coordinates":[-122.96545340401657,48.54024838114131],"type":"Point"},"id":"land:8728d1008ffffff:171:233","properties":{"kind":"raster_water_pixel_center","pixel_area_m2":10000.0,"source_type":"land","target_h3":"8728d1008ffffff"},"type":"Feature"},{"geometry":{"coordinates":[-122.96409863581852,48.54024796665768],"type":"Point"},"id":"land:8728d1008ffffff:171:234","properties":{"kind":"raster_water_pixel_center","pixel_area_m2":10000.0,"source_type":"land","target_h3":"8728d1008ffffff"},"type":"Feature"},{"geometry":{"coordinates":[-122.96274386765185,48.54024753623237],"type":"Point"},"id":"land:8728d1008ffffff:171:235","properties":{"kind":"raster_water_pixel_center","pixel_area_m2":10000.0,"source_type":"land","target_h3":"8728d1008ffffff"},"type":"Feature"},{"geometry":{"coordinates":[-122.9613890995177,48.54024708986541],"type":"Point"},"id":"land:8728d1008ffffff:171:236","properties":{"kind":"raster_water_pixel_center","pixel_area_m2":10000.0,"source_type":"land","target_h3":"8728d1008ffffff"},"type":"Feature"},{"geometry":{"coordinates":[-122.96003433141733,48.54024662755677],"type":"Point"},"id":"land:8728d1008ffffff:171:237","properties":{"kind":"raster_water_pixel_center","pixel_area_m2":10000.0,"source_type":"land","target_h3":"8728d1008ffffff"},"type":"Feature"},{"geometry":{"coordinates":[-122.95867956335186,48.54024614930646],"type":"Point"},"id":"land:8728d1008ffffff:171:238","properties":{"kind":"raster_water_pixel_center","pixel_area_m2":10000.0,"source_type":"land","target_h3":"8728d1008ffffff"},"type":"Feature"},{"geometry":{"coordinates":[-122.95732479532249,48.54024565511449],"type":"Point"},"id":"land:8728d1008ffffff:171:239","properties":{"kind":"raster_water_pixel_center","pixel_area_m2":10000.0,"source_type":"land","target_h3":"8728d1008ffffff"},"type":"Feature"},{"geometry":{"coordinates":[-122.95597002733044,48.54024514498086],"type":"Point"},"id":"land:8728d1008ffffff:171:240","properties":{"kind":"raster_water_pixel_center","pixel_area_m2":10000.0,"source_type":"land","target_h3":"8728d1008ffffff"},"type":"Feature"},{"geometry":{"coordinates":[-122.95461525937685,48.54024461890556],"type":"Point"},"id":"land:8728d1008ffffff:171:241","properties":{"kind":"raster_water_pixel_center","pixel_area_m2":10000.0,"source_type":"land","target_h3":"8728d1008ffffff"},"type":"Feature"},{"geometry":{"coordinates":[-122.9532604914629,48.5402440768886],"type":"Point"},"id":"land:8728d1008ffffff:171:242","properties":{"kind":"raster_water_pixel_center","pixel_area_m2":10000.0,"source_type":"land","target_h3":"8728d1008ffffff"},"type":"Feature"},{"geometry":{"coordinates":[-122.95190572358982,48.54024351892997],"type":"Point"},"id":"land:8728d1008ffffff:171:243","properties":{"kind":"raster_water_pixel_center","pixel_area_m2":10000.0,"source_type":"land","target_h3":"8728d1008ffffff"},"type":"Feature"},{"geometry":{"coordinates":[-122.95055095575874,48.54024294502968],"type":"Point"},"id":"land:8728d1008ffffff:171:244","properties":{"kind":"raster_water_pixel_center","pixel_area_m2":10000.0,"source_type":"land","target_h3":"8728d1008ffffff"},"type":"Feature"},{"geometry":{"coordinates":[-122.9491961879709,48.540242355187736],"type":"Point"},"id":"land:8728d1008ffffff:171:245","properties":{"kind":"raster_water_pixel_center","pixel_area_m2":10000.0,"source_type":"land","target_h3":"8728d1008ffffff"},"type":"Feature"},{"geometry":{"coordinates":[-122.94784142022743,48.54024174940413],"type":"Point"},"id":"land:8728d1008ffffff:171:246","properties":{"kind":"raster_water_pixel_center","pixel_area_m2":10000.0,"source_type":"land","target_h3":"8728d1008ffffff"},"type":"Feature"},{"geometry":{"coordinates":[-122.94648665252956,48.540241127678875],"type":"Point"},"id":"land:8728d1008ffffff:171:247","properties":{"kind":"raster_water_pixel_center","pixel_area_m2":10000.0,"source_type":"land","target_h3":"8728d1008ffffff"},"type":"Feature"},{"geometry":{"coordinates":[-122.94513188487842,48.54024049001197],"type":"Point"},"id":"land:8728d1008ffffff:171:248","properties":{"kind":"raster_water_pixel_center","pixel_area_m2":10000.0,"source_type":"land","target_h3":"8728d1008ffffff"},"type":"Feature"},{"geometry":{"coordinates":[-122.94377711727523,48.54023983640339],"type":"Point"},"id":"land:8728d1008ffffff:171:249","properties":{"kind":"raster_water_pixel_center","pixel_area_m2":10000.0,"source_type":"land","target_h3":"8728d1008ffffff"},"type":"Feature"},{"geometry":{"coordinates":[-122.9424223497212,48.540239166853176],"type":"Point"},"id":"land:8728d1008ffffff:171:250","properties":{"kind":"raster_water_pixel_center","pixel_area_m2":10000.0,"source_type":"land","target_h3":"8728d1008ffffff"},"type":"Feature"},{"geometry":{"coordinates":[-122.94106758221744,48.54023848136131],"type":"Point"},"id":"land:8728d1008ffffff:171:251","properties":{"kind":"raster_water_pixel_center","pixel_area_m2":10000.0,"source_type":"land","target_h3":"8728d1008ffffff"},"type":"Feature"},{"geometry":{"coordinates":[-122.9397128147652,48.540237779927786],"type":"Point"},"id":"land:8728d1008ffffff:171:252","properties":{"kind":"raster_water_pixel_center","pixel_area_m2":10000.0,"source_type":"land","target_h3":"8728d1008ffffff"},"type":"Feature"},{"geometry":{"coordinates":[-122.93835804736564,48.54023706255261],"type":"Point"},"id":"land:8728d1008ffffff:171:253","properties":{"kind":"raster_water_pixel_center","pixel_area_m2":10000.0,"source_type":"land","target_h3":"8728d1008ffffff"},"type":"Feature"},{"geometry":{"coordinates":[-122.93700328001995,48.54023632923581],"type":"Point"},"id":"land:8728d1008ffffff:171:254","properties":{"kind":"raster_water_pixel_center","pixel_area_m2":10000.0,"source_type":"land","target_h3":"8728d1008ffffff"},"type":"Feature"},{"geometry":{"coordinates":[-122.96545401617358,48.53934874744809],"type":"Point"},"id":"land:8728d1008ffffff:172:233","properties":{"kind":"raster_water_pixel_center","pixel_area_m2":10000.0,"source_type":"land","target_h3":"8728d1008ffffff"},"type":"Feature"},{"geometry":{"coordinates":[-122.96409927198168,48.53934833297749],"type":"Point"},"id":"land:8728d1008ffffff:172:234","properties":{"kind":"raster_water_pixel_center","pixel_area_m2":10000.0,"source_type":"land","target_h3":"8728d1008ffffff"},"type":"Feature"},{"geometry":{"coordinates":[-122.96274452782113,48.53934790256571],"type":"Point"},"id":"land:8728d1008ffffff:172:235","properties":{"kind":"raster_water_pixel_center","pixel_area_m2":10000.0,"source_type":"land","target_h3":"8728d1008ffffff"},"type":"Feature"},{"geometry":{"coordinates":[-122.96138978369314,48.539347456212774],"type":"Point"},"id":"land:8728d1008ffffff:172:236","properties":{"kind":"raster_water_pixel_center","pixel_area_m2":10000.0,"source_type":"land","target_h3":"8728d1008ffffff"},"type":"Feature"},{"geometry":{"coordinates":[-122.96003503959889,48.53934699391867],"type":"Point"},"id":"land:8728d1008ffffff:172:237","properties":{"kind":"raster_water_pixel_center","pixel_area_m2":10000.0,"source_type":"land","target_h3":"8728d1008ffffff"},"type":"Feature"},{"geometry":{"coordinates":[-122.95868029553957,48.53934651568339],"type":"Point"},"id":"land:8728d1008ffffff:172:238","properties":{"kind":"raster_water_pixel_center","pixel_area_m2":10000.0,"source_type":"land","target_h3":"8728d1008ffffff"},"type":"Feature"},{"geometry":{"coordinates":[-122.95732555151635,48.53934602150696],"type":"Point"},"id":"land:8728d1008ffffff:172:239","properties":{"kind":"raster_water_pixel_center","pixel_area_m2":10000.0,"source_type":"land","target_h3":"8728d1008ffffff"},"type":"Feature"},{"geometry":{"coordinates":[-122.95597080753039,48.53934551138936],"type":"Point"},"id":"land:8728d1008ffffff:172:240","properties":{"kind":"raster_water_pixel_center","pixel_area_m2":10000.0,"source_type":"land","target_h3":"8728d1008ffffff"},"type":"Feature"},{"geometry":{"coordinates":[-122.95461606358292,48.53934498533059],"type":"Point"},"id":"land:8728d1008ffffff:172:241","properties":{"kind":"raster_water_pixel_center","pixel_area_m2":10000.0,"source_type":"land","target_h3":"8728d1008ffffff"},"type":"Feature"},{"geometry":{"coordinates":[-122.95326131967511,48.53934444333067],"type":"Point"},"id":"land:8728d1008ffffff:172:242","properties":{"kind":"raster_water_pixel_center","pixel_area_m2":10000.0,"source_type":"land","target_h3":"8728d1008ffffff"},"type":"Feature"},{"geometry":{"coordinates":[-122.95190657580814,48.539343885389584],"type":"Point"},"id":"land:8728d1008ffffff:172:243","properties":{"kind":"raster_water_pixel_center","pixel_area_m2":10000.0,"source_type":"land","target_h3":"8728d1008ffffff"},"type":"Feature"},{"geometry":{"coordinates":[-122.95055183198319,48.539343311507345],"type":"Point"},"id":"land:8728d1008ffffff:172:244","properties":{"kind":"raster_water_pixel_center","pixel_area_m2":10000.0,"source_type":"land","target_h3":"8728d1008ffffff"},"type":"Feature"},{"geometry":{"coordinates":[-122.94919708820146,48.53934272168394],"type":"Point"},"id":"land:8728d1008ffffff:172:245","properties":{"kind":"raster_water_pixel_center","pixel_area_m2":10000.0,"source_type":"land","target_h3":"8728d1008ffffff"},"type":"Feature"},{"geometry":{"coordinates":[-122.94784234446409,48.539342115919375],"type":"Point"},"id":"land:8728d1008ffffff:172:246","properties":{"kind":"raster_water_pixel_center","pixel_area_m2":10000.0,"source_type":"land","target_h3":"8728d1008ffffff"},"type":"Feature"},{"geometry":{"coordinates":[-122.94648760077231,48.539341494213666],"type":"Point"},"id":"land:8728d1008ffffff:172:247","properties":{"kind":"raster_water_pixel_center","pixel_area_m2":10000.0,"source_type":"land","target_h3":"8728d1008ffffff"},"type":"Feature"},{"geometry":{"coordinates":[-122.9451328571273,48.539340856566795],"type":"Point"},"id":"land:8728d1008ffffff:172:248","properties":{"kind":"raster_water_pixel_center","pixel_area_m2":10000.0,"source_type":"land","target_h3":"8728d1008ffffff"},"type":"Feature"},{"geometry":{"coordinates":[-122.94377811353021,48.53934020297878],"type":"Point"},"id":"land:8728d1008ffffff:172:249","properties":{"kind":"raster_water_pixel_center","pixel_area_m2":10000.0,"source_type":"land","target_h3":"8728d1008ffffff"},"type":"Feature"},{"geometry":{"coordinates":[-122.94242336998228,48.539339533449606],"type":"Point"},"id":"land:8728d1008ffffff:172:250","properties":{"kind":"raster_water_pixel_center","pixel_area_m2":10000.0,"source_type":"land","target_h3":"8728d1008ffffff"},"type":"Feature"},{"geometry":{"coordinates":[-122.94106862648464,48.53933884797928],"type":"Point"},"id":"land:8728d1008ffffff:172:251","properties":{"kind":"raster_water_pixel_center","pixel_area_m2":10000.0,"source_type":"land","target_h3":"8728d1008ffffff"},"type":"Feature"},{"geometry":{"coordinates":[-122.93971388303848,48.5393381465678],"type":"Point"},"id":"land:8728d1008ffffff:172:252","properties":{"kind":"raster_water_pixel_center","pixel_area_m2":10000.0,"source_type":"land","target_h3":"8728d1008ffffff"},"type":"Feature"},{"geometry":{"coordinates":[-122.93835913964502,48.539337429215195],"type":"Point"},"id":"land:8728d1008ffffff:172:253","properties":{"kind":"raster_water_pixel_center","pixel_area_m2":10000.0,"source_type":"land","target_h3":"8728d1008ffffff"},"type":"Feature"},{"geometry":{"coordinates":[-122.93700439630541,48.53933669592143],"type":"Point"},"id":"land:8728d1008ffffff:172:254","properties":{"kind":"raster_water_pixel_center","pixel_area_m2":10000.0,"source_type":"land","target_h3":"8728d1008ffffff"},"type":"Feature"},{"geometry":{"coordinates":[-122.96680934851756,48.53844951213046],"type":"Point"},"id":"land:8728d1008ffffff:173:232","properties":{"kind":"raster_water_pixel_center","pixel_area_m2":10000.0,"source_type":"land","target_h3":"8728d1008ffffff"},"type":"Feature"},{"geometry":{"coordinates":[-122.9654546283004,48.53844911361356],"type":"Point"},"id":"land:8728d1008ffffff:173:233","properties":{"kind":"raster_water_pixel_center","pixel_area_m2":10000.0,"source_type":"land","target_h3":"8728d1008ffffff"},"type":"Feature"},{"geometry":{"coordinates":[-122.96409990811345,48.53844869915598],"type":"Point"},"id":"land:8728d1008ffffff:173:234","properties":{"kind":"raster_water_pixel_center","pixel_area_m2":10000.0,"source_type":"land","target_h3":"8728d1008ffffff"},"type":"Feature"},{"geometry":{"coordinates":[-122.96274518795788,48.53844826875775],"type":"Point"},"id":"land:8728d1008ffffff:173:235","properties":{"kind":"raster_water_pixel_center","pixel_area_m2":10000.0,"source_type":"land","target_h3":"8728d1008ffffff"},"type":"Feature"},{"geometry":{"coordinates":[-122.96139046783485,48.53844782241884],"type":"Point"},"id":"land:8728d1008ffffff:173:236","properties":{"kind":"raster_water_pixel_center","pixel_area_m2":10000.0,"source_type":"land","target_h3":"8728d1008ffffff"},"type":"Feature"},{"geometry":{"coordinates":[-122.96003574774552,48.53844736013927],"type":"Point"},"id":"land:8728d1008ffffff:173:237","properties":{"kind":"raster_water_pixel_center","pixel_area_m2":10000.0,"source_type":"land","target_h3":"8728d1008ffffff"},"type":"Feature"},{"geometry":{"coordinates":[-122.95868102769114,48.53844688191902],"type":"Point"},"id":"land:8728d1008ffffff:173:238","properties":{"kind":"raster_water_pixel_center","pixel_area_m2":10000.0,"source_type":"land","target_h3":"8728d1008ffffff"},"type":"Feature"},{"geometry":{"coordinates":[-122.95732630767286,48.53844638775813],"type":"Point"},"id":"land:8728d1008ffffff:173:239","properties":{"kind":"raster_water_pixel_center","pixel_area_m2":10000.0,"source_type":"land","target_h3":"8728d1008ffffff"},"type":"Feature"},{"geometry":{"coordinates":[-122.95597158769189,48.538445877656564],"type":"Point"},"id":"land:8728d1008ffffff:173:240","properties":{"kind":"raster_water_pixel_center","pixel_area_m2":10000.0,"source_type":"land","target_h3":"8728d1008ffffff"},"type":"Feature"},{"geometry":{"coordinates":[-122.95461686774935,48.53844535161433],"type":"Point"},"id":"land:8728d1008ffffff:173:241","properties":{"kind":"raster_water_pixel_center","pixel_area_m2":10000.0,"source_type":"land","target_h3":"8728d1008ffffff"},"type":"Feature"},{"geometry":{"coordinates":[-122.95326214784646,48.538444809631436],"type":"Point"},"id":"land:8728d1008ffffff:173:242","properties":{"kind":"raster_water_pixel_center","pixel_area_m2":10000.0,"source_type":"land","target_h3":"8728d1008ffffff"},"type":"Feature"},{"geometry":{"coordinates":[-122.95190742798444,48.538444251707894],"type":"Point"},"id":"land:8728d1008ffffff:173:243","properties":{"kind":"raster_water_pixel_center","pixel_area_m2":10000.0,"source_type":"land","target_h3":"8728d1008ffffff"},"type":"Feature"},{"geometry":{"coordinates":[-122.95055270816442,48.53844367784369],"type":"Point"},"id":"land:8728d1008ffffff:173:244","properties":{"kind":"raster_water_pixel_center","pixel_area_m2":10000.0,"source_type":"land","target_h3":"8728d1008ffffff"},"type":"Feature"},{"geometry":{"coordinates":[-122.94919798838761,48.53844308803883],"type":"Point"},"id":"land:8728d1008ffffff:173:245","properties":{"kind":"raster_water_pixel_center","pixel_area_m2":10000.0,"source_type":"land","target_h3":"8728d1008ffffff"},"type":"Feature"},{"geometry":{"coordinates":[-122.9478432686552,48.53844248229331],"type":"Point"},"id":"land:8728d1008ffffff:173:246","properties":{"kind":"raster_water_pixel_center","pixel_area_m2":10000.0,"source_type":"land","target_h3":"8728d1008ffffff"},"type":"Feature"},{"geometry":{"coordinates":[-122.94648854896833,48.53844186060714],"type":"Point"},"id":"land:8728d1008ffffff:173:247","properties":{"kind":"raster_water_pixel_center","pixel_area_m2":10000.0,"source_type":"land","target_h3":"8728d1008ffffff"},"type":"Feature"},{"geometry":{"coordinates":[-122.94513382932824,48.53844122298032],"type":"Point"},"id":"land:8728d1008ffffff:173:248","properties":{"kind":"raster_water_pixel_center","pixel_area_m2":10000.0,"source_type":"land","target_h3":"8728d1008ffffff"},"type":"Feature"},{"geometry":{"coordinates":[-122.94377910973607,48.53844056941284],"type":"Point"},"id":"land:8728d1008ffffff:173:249","properties":{"kind":"raster_water_pixel_center","pixel_area_m2":10000.0,"source_type":"land","target_h3":"8728d1008ffffff"},"type":"Feature"},{"geometry":{"coordinates":[-122.94242439019305,48.538439899904716],"type":"Point"},"id":"land:8728d1008ffffff:173:250","properties":{"kind":"raster_water_pixel_center","pixel_area_m2":10000.0,"source_type":"land","target_h3":"8728d1008ffffff"},"type":"Feature"},{"geometry":{"coordinates":[-122.94106967070033,48.538439214455934],"type":"Point"},"id":"land:8728d1008ffffff:173:251","properties":{"kind":"raster_water_pixel_center","pixel_area_m2":10000.0,"source_type":"land","target_h3":"8728d1008ffffff"},"type":"Feature"},{"geometry":{"coordinates":[-122.93971495125908,48.53843851306652],"type":"Point"},"id":"land:8728d1008ffffff:173:252","properties":{"kind":"raster_water_pixel_center","pixel_area_m2":10000.0,"source_type":"land","target_h3":"8728d1008ffffff"},"type":"Feature"},{"geometry":{"coordinates":[-122.93836023187052,48.53843779573645],"type":"Point"},"id":"land:8728d1008ffffff:173:253","properties":{"kind":"raster_water_pixel_center","pixel_area_m2":10000.0,"source_type":"land","target_h3":"8728d1008ffffff"},"type":"Feature"},{"geometry":{"coordinates":[-122.9370055125358,48.53843706246574],"type":"Point"},"id":"land:8728d1008ffffff:173:254","properties":{"kind":"raster_water_pixel_center","pixel_area_m2":10000.0,"source_type":"land","target_h3":"8728d1008ffffff"},"type":"Feature"},{"geometry":{"coordinates":[-122.93565079325614,48.53843631325439],"type":"Point"},"id":"land:8728d1008ffffff:173:255","properties":{"kind":"raster_water_pixel_center","pixel_area_m2":10000.0,"source_type":"land","target_h3":"8728d1008ffffff"},"type":"Feature"},{"geometry":{"coordinates":[-122.96680993661045,48.53754987814211],"type":"Point"},"id":"land:8728d1008ffffff:174:232","properties":{"kind":"raster_water_pixel_center","pixel_area_m2":10000.0,"source_type":"land","target_h3":"8728d1008ffffff"},"type":"Feature"},{"geometry":{"coordinates":[-122.96545524039706,48.53754947963774],"type":"Point"},"id":"land:8728d1008ffffff:174:233","properties":{"kind":"raster_water_pixel_center","pixel_area_m2":10000.0,"source_type":"land","target_h3":"8728d1008ffffff"},"type":"Feature"},{"geometry":{"coordinates":[-122.96410054421389,48.53754906519319],"type":"Point"},"id":"land:8728d1008ffffff:174:234","properties":{"kind":"raster_water_pixel_center","pixel_area_m2":10000.0,"source_type":"land","target_h3":"8728d1008ffffff"},"type":"Feature"},{"geometry":{"coordinates":[-122.96274584806208,48.53754863480849],"type":"Point"},"id":"land:8728d1008ffffff:174:235","properties":{"kind":"raster_water_pixel_center","pixel_area_m2":10000.0,"source_type":"land","target_h3":"8728d1008ffffff"},"type":"Feature"},{"geometry":{"coordinates":[-122.96139115194279,48.537548188483605],"type":"Point"},"id":"land:8728d1008ffffff:174:236","properties":{"kind":"raster_water_pixel_center","pixel_area_m2":10000.0,"source_type":"land","target_h3":"8728d1008ffffff"},"type":"Feature"},{"geometry":{"coordinates":[-122.96003645585728,48.53754772621856],"type":"Point"},"id":"land:8728d1008ffffff:174:237","properties":{"kind":"raster_water_pixel_center","pixel_area_m2":10000.0,"source_type":"land","target_h3":"8728d1008ffffff"},"type":"Feature"},{"geometry":{"coordinates":[-122.95868175980664,48.537547248013354],"type":"Point"},"id":"land:8728d1008ffffff:174:238","properties":{"kind":"raster_water_pixel_center","pixel_area_m2":10000.0,"source_type":"land","target_h3":"8728d1008ffffff"},"type":"Feature"},{"geometry":{"coordinates":[-122.95732706379214,48.537546753867986],"type":"Point"},"id":"land:8728d1008ffffff:174:239","properties":{"kind":"raster_water_pixel_center","pixel_area_m2":10000.0,"source_type":"land","target_h3":"8728d1008ffffff"},"type":"Feature"},{"geometry":{"coordinates":[-122.95597236781491,48.53754624378246],"type":"Point"},"id":"land:8728d1008ffffff:174:240","properties":{"kind":"raster_water_pixel_center","pixel_area_m2":10000.0,"source_type":"land","target_h3":"8728d1008ffffff"},"type":"Feature"},{"geometry":{"coordinates":[-122.95461767187612,48.537545717756764],"type":"Point"},"id":"land:8728d1008ffffff:174:241","properties":{"kind":"raster_water_pixel_center","pixel_area_m2":10000.0,"source_type":"land","target_h3":"8728d1008ffffff"},"type":"Feature"},{"geometry":{"coordinates":[-122.953262975977,48.53754517579091],"type":"Point"},"id":"land:8728d1008ffffff:174:242","properties":{"kind":"raster_water_pixel_center","pixel_area_m2":10000.0,"source_type":"land","target_h3":"8728d1008ffffff"},"type":"Feature"},{"geometry":{"coordinates":[-122.95190828011873,48.53754461788491],"type":"Point"},"id":"land:8728d1008ffffff:174:243","properties":{"kind":"raster_water_pixel_center","pixel_area_m2":10000.0,"source_type":"land","target_h3":"8728d1008ffffff"},"type":"Feature"},{"geometry":{"coordinates":[-122.95055358430245,48.53754404403873],"type":"Point"},"id":"land:8728d1008ffffff:174:244","properties":{"kind":"raster_water_pixel_center","pixel_area_m2":10000.0,"source_type":"land","target_h3":"8728d1008ffffff"},"type":"Feature"},{"geometry":{"coordinates":[-122.9491988885294,48.537543454252415],"type":"Point"},"id":"land:8728d1008ffffff:174:245","properties":{"kind":"raster_water_pixel_center","pixel_area_m2":10000.0,"source_type":"land","target_h3":"8728d1008ffffff"},"type":"Feature"},{"geometry":{"coordinates":[-122.9478441928007,48.53754284852594],"type":"Point"},"id":"land:8728d1008ffffff:174:246","properties":{"kind":"raster_water_pixel_center","pixel_area_m2":10000.0,"source_type":"land","target_h3":"8728d1008ffffff"},"type":"Feature"},{"geometry":{"coordinates":[-122.94648949711761,48.53754222685931],"type":"Point"},"id":"land:8728d1008ffffff:174:247","properties":{"kind":"raster_water_pixel_center","pixel_area_m2":10000.0,"source_type":"land","target_h3":"8728d1008ffffff"},"type":"Feature"},{"geometry":{"coordinates":[-122.94513480148123,48.53754158925253],"type":"Point"},"id":"land:8728d1008ffffff:174:248","properties":{"kind":"raster_water_pixel_center","pixel_area_m2":10000.0,"source_type":"land","target_h3":"8728d1008ffffff"},"type":"Feature"},{"geometry":{"coordinates":[-122.94378010589283,48.5375409357056],"type":"Point"},"id":"land:8728d1008ffffff:174:249","properties":{"kind":"raster_water_pixel_center","pixel_area_m2":10000.0,"source_type":"land","target_h3":"8728d1008ffffff"},"type":"Feature"},{"geometry":{"coordinates":[-122.94242541035352,48.537540266218514],"type":"Point"},"id":"land:8728d1008ffffff:174:250","properties":{"kind":"raster_water_pixel_center","pixel_area_m2":10000.0,"source_type":"land","target_h3":"8728d1008ffffff"},"type":"Feature"},{"geometry":{"coordinates":[-122.94107071486452,48.53753958079128],"type":"Point"},"id":"land:8728d1008ffffff:174:251","properties":{"kind":"raster_water_pixel_center","pixel_area_m2":10000.0,"source_type":"land","target_h3":"8728d1008ffffff"},"type":"Feature"},{"geometry":{"coordinates":[-122.93971601942701,48.53753887942391],"type":"Point"},"id":"land:8728d1008ffffff:174:252","properties":{"kind":"raster_water_pixel_center","pixel_area_m2":10000.0,"source_type":"land","target_h3":"8728d1008ffffff"},"type":"Feature"},{"geometry":{"coordinates":[-122.93836132404216,48.5375381621164],"type":"Point"},"id":"land:8728d1008ffffff:174:253","properties":{"kind":"raster_water_pixel_center","pixel_area_m2":10000.0,"source_type":"land","target_h3":"8728d1008ffffff"},"type":"Feature"},{"geometry":{"coordinates":[-122.93700662871116,48.53753742886873],"type":"Point"},"id":"land:8728d1008ffffff:174:254","properties":{"kind":"raster_water_pixel_center","pixel_area_m2":10000.0,"source_type":"land","target_h3":"8728d1008ffffff"},"type":"Feature"},{"geometry":{"coordinates":[-122.93565193343524,48.537536679680926],"type":"Point"},"id":"land:8728d1008ffffff:174:255","properties":{"kind":"raster_water_pixel_center","pixel_area_m2":10000.0,"source_type":"land","target_h3":"8728d1008ffffff"},"type":"Feature"},{"geometry":{"coordinates":[-122.96816519691407,48.53665062656465],"type":"Point"},"id":"land:8728d1008ffffff:175:231","properties":{"kind":"raster_water_pixel_center","pixel_area_m2":10000.0,"source_type":"land","target_h3":"8728d1008ffffff"},"type":"Feature"},{"geometry":{"coordinates":[-122.96681052467432,48.53665024401246],"type":"Point"},"id":"land:8728d1008ffffff:175:232","properties":{"kind":"raster_water_pixel_center","pixel_area_m2":10000.0,"source_type":"land","target_h3":"8728d1008ffffff"},"type":"Feature"},{"geometry":{"coordinates":[-122.96545585246353,48.536649845520614],"type":"Point"},"id":"land:8728d1008ffffff:175:233","properties":{"kind":"raster_water_pixel_center","pixel_area_m2":10000.0,"source_type":"land","target_h3":"8728d1008ffffff"},"type":"Feature"},{"geometry":{"coordinates":[-122.96410118028294,48.53664943108909],"type":"Point"},"id":"land:8728d1008ffffff:175:234","properties":{"kind":"raster_water_pixel_center","pixel_area_m2":10000.0,"source_type":"land","target_h3":"8728d1008ffffff"},"type":"Feature"},{"geometry":{"coordinates":[-122.96274650813372,48.536649000717915],"type":"Point"},"id":"land:8728d1008ffffff:175:235","properties":{"kind":"raster_water_pixel_center","pixel_area_m2":10000.0,"source_type":"land","target_h3":"8728d1008ffffff"},"type":"Feature"},{"geometry":{"coordinates":[-122.96139183601703,48.53664855440706],"type":"Point"},"id":"land:8728d1008ffffff:175:236","properties":{"kind":"raster_water_pixel_center","pixel_area_m2":10000.0,"source_type":"land","target_h3":"8728d1008ffffff"},"type":"Feature"},{"geometry":{"coordinates":[-122.96003716393409,48.53664809215655],"type":"Point"},"id":"land:8728d1008ffffff:175:237","properties":{"kind":"raster_water_pixel_center","pixel_area_m2":10000.0,"source_type":"land","target_h3":"8728d1008ffffff"},"type":"Feature"},{"geometry":{"coordinates":[-122.95868249188602,48.53664761396637],"type":"Point"},"id":"land:8728d1008ffffff:175:238","properties":{"kind":"raster_water_pixel_center","pixel_area_m2":10000.0,"source_type":"land","target_h3":"8728d1008ffffff"},"type":"Feature"},{"geometry":{"coordinates":[-122.9573278198741,48.53664711983654],"type":"Point"},"id":"land:8728d1008ffffff:175:239","properties":{"kind":"raster_water_pixel_center","pixel_area_m2":10000.0,"source_type":"land","target_h3":"8728d1008ffffff"},"type":"Feature"},{"geometry":{"coordinates":[-122.95597314789944,48.53664660976704],"type":"Point"},"id":"land:8728d1008ffffff:175:240","properties":{"kind":"raster_water_pixel_center","pixel_area_m2":10000.0,"source_type":"land","target_h3":"8728d1008ffffff"},"type":"Feature"},{"geometry":{"coordinates":[-122.95461847596324,48.536646083757894],"type":"Point"},"id":"land:8728d1008ffffff:175:241","properties":{"kind":"raster_water_pixel_center","pixel_area_m2":10000.0,"source_type":"land","target_h3":"8728d1008ffffff"},"type":"Feature"},{"geometry":{"coordinates":[-122.95326380406671,48.53664554180907],"type":"Point"},"id":"land:8728d1008ffffff:175:242","properties":{"kind":"raster_water_pixel_center","pixel_area_m2":10000.0,"source_type":"land","target_h3":"8728d1008ffffff"},"type":"Feature"},{"geometry":{"coordinates":[-122.95190913221097,48.536644983920596],"type":"Point"},"id":"land:8728d1008ffffff:175:243","properties":{"kind":"raster_water_pixel_center","pixel_area_m2":10000.0,"source_type":"land","target_h3":"8728d1008ffffff"},"type":"Feature"},{"geometry":{"coordinates":[-122.95055446039729,48.53664441009247],"type":"Point"},"id":"land:8728d1008ffffff:175:244","properties":{"kind":"raster_water_pixel_center","pixel_area_m2":10000.0,"source_type":"land","target_h3":"8728d1008ffffff"},"type":"Feature"},{"geometry":{"coordinates":[-122.94919978862677,48.5366438203247],"type":"Point"},"id":"land:8728d1008ffffff:175:245","properties":{"kind":"raster_water_pixel_center","pixel_area_m2":10000.0,"source_type":"land","target_h3":"8728d1008ffffff"},"type":"Feature"},{"geometry":{"coordinates":[-122.94784511690067,48.53664321461726],"type":"Point"},"id":"land:8728d1008ffffff:175:246","properties":{"kind":"raster_water_pixel_center","pixel_area_m2":10000.0,"source_type":"land","target_h3":"8728d1008ffffff"},"type":"Feature"},{"geometry":{"coordinates":[-122.94649044522012,48.53664259297017],"type":"Point"},"id":"land:8728d1008ffffff:175:247","properties":{"kind":"raster_water_pixel_center","pixel_area_m2":10000.0,"source_type":"land","target_h3":"8728d1008ffffff"},"type":"Feature"},{"geometry":{"coordinates":[-122.9451357735863,48.53664195538343],"type":"Point"},"id":"land:8728d1008ffffff:175:248","properties":{"kind":"raster_water_pixel_center","pixel_area_m2":10000.0,"source_type":"land","target_h3":"8728d1008ffffff"},"type":"Feature"},{"geometry":{"coordinates":[-122.94378110200044,48.536641301857046],"type":"Point"},"id":"land:8728d1008ffffff:175:249","properties":{"kind":"raster_water_pixel_center","pixel_area_m2":10000.0,"source_type":"land","target_h3":"8728d1008ffffff"},"type":"Feature"},{"geometry":{"coordinates":[-122.94242643046368,48.536640632391],"type":"Point"},"id":"land:8728d1008ffffff:175:250","properties":{"kind":"raster_water_pixel_center","pixel_area_m2":10000.0,"source_type":"land","target_h3":"8728d1008ffffff"},"type":"Feature"},{"geometry":{"coordinates":[-122.94107175897723,48.53663994698533],"type":"Point"},"id":"land:8728d1008ffffff:175:251","properties":{"kind":"raster_water_pixel_center","pixel_area_m2":10000.0,"source_type":"land","target_h3":"8728d1008ffffff"},"type":"Feature"},{"geometry":{"coordinates":[-122.93971708754226,48.53663924563999],"type":"Point"},"id":"land:8728d1008ffffff:175:252","properties":{"kind":"raster_water_pixel_center","pixel_area_m2":10000.0,"source_type":"land","target_h3":"8728d1008ffffff"},"type":"Feature"},{"geometry":{"coordinates":[-122.93836241615996,48.536638528355034],"type":"Point"},"id":"land:8728d1008ffffff:175:253","properties":{"kind":"raster_water_pixel_center","pixel_area_m2":10000.0,"source_type":"land","target_h3":"8728d1008ffffff"},"type":"Feature"},{"geometry":{"coordinates":[-122.93700774483152,48.53663779513041],"type":"Point"},"id":"land:8728d1008ffffff:175:254","properties":{"kind":"raster_water_pixel_center","pixel_area_m2":10000.0,"source_type":"land","target_h3":"8728d1008ffffff"},"type":"Feature"},{"geometry":{"coordinates":[-122.93565307355809,48.53663704596616],"type":"Point"},"id":"land:8728d1008ffffff:175:255","properties":{"kind":"raster_water_pixel_center","pixel_area_m2":10000.0,"source_type":"land","target_h3":"8728d1008ffffff"},"type":"Feature"},{"geometry":{"coordinates":[-122.96816576094756,48.53575099228167],"type":"Point"},"id":"land:8728d1008ffffff:176:231","properties":{"kind":"raster_water_pixel_center","pixel_area_m2":10000.0,"source_type":"land","target_h3":"8728d1008ffffff"},"type":"Feature"},{"geometry":{"coordinates":[-122.96681111270918,48.535750609741505],"type":"Point"},"id":"land:8728d1008ffffff:176:232","properties":{"kind":"raster_water_pixel_center","pixel_area_m2":10000.0,"source_type":"land","target_h3":"8728d1008ffffff"},"type":"Feature"},{"geometry":{"coordinates":[-122.96545646449981,48.535750211262176],"type":"Point"},"id":"land:8728d1008ffffff:176:233","properties":{"kind":"raster_water_pixel_center","pixel_area_m2":10000.0,"source_type":"land","target_h3":"8728d1008ffffff"},"type":"Feature"},{"geometry":{"coordinates":[-122.96410181632065,48.53574979684369],"type":"Point"},"id":"land:8728d1008ffffff:176:234","properties":{"kind":"raster_water_pixel_center","pixel_area_m2":10000.0,"source_type":"land","target_h3":"8728d1008ffffff"},"type":"Feature"},{"geometry":{"coordinates":[-122.9627471681728,48.53574936648604],"type":"Point"},"id":"land:8728d1008ffffff:176:235","properties":{"kind":"raster_water_pixel_center","pixel_area_m2":10000.0,"source_type":"land","target_h3":"8728d1008ffffff"},"type":"Feature"},{"geometry":{"coordinates":[-122.96139252005753,48.535748920189214],"type":"Point"},"id":"land:8728d1008ffffff:176:236","properties":{"kind":"raster_water_pixel_center","pixel_area_m2":10000.0,"source_type":"land","target_h3":"8728d1008ffffff"},"type":"Feature"},{"geometry":{"coordinates":[-122.96003787197597,48.53574845795323],"type":"Point"},"id":"land:8728d1008ffffff:176:237","properties":{"kind":"raster_water_pixel_center","pixel_area_m2":10000.0,"source_type":"land","target_h3":"8728d1008ffffff"},"type":"Feature"},{"geometry":{"coordinates":[-122.95868322392934,48.535747979778094],"type":"Point"},"id":"land:8728d1008ffffff:176:238","properties":{"kind":"raster_water_pixel_center","pixel_area_m2":10000.0,"source_type":"land","target_h3":"8728d1008ffffff"},"type":"Feature"},{"geometry":{"coordinates":[-122.9573285759188,48.535747485663784],"type":"Point"},"id":"land:8728d1008ffffff:176:239","properties":{"kind":"raster_water_pixel_center","pixel_area_m2":10000.0,"source_type":"land","target_h3":"8728d1008ffffff"},"type":"Feature"},{"geometry":{"coordinates":[-122.95597392794552,48.53574697561032],"type":"Point"},"id":"land:8728d1008ffffff:176:240","properties":{"kind":"raster_water_pixel_center","pixel_area_m2":10000.0,"source_type":"land","target_h3":"8728d1008ffffff"},"type":"Feature"},{"geometry":{"coordinates":[-122.95461928001072,48.535746449617704],"type":"Point"},"id":"land:8728d1008ffffff:176:241","properties":{"kind":"raster_water_pixel_center","pixel_area_m2":10000.0,"source_type":"land","target_h3":"8728d1008ffffff"},"type":"Feature"},{"geometry":{"coordinates":[-122.95326463211556,48.53574590768593],"type":"Point"},"id":"land:8728d1008ffffff:176:242","properties":{"kind":"raster_water_pixel_center","pixel_area_m2":10000.0,"source_type":"land","target_h3":"8728d1008ffffff"},"type":"Feature"},{"geometry":{"coordinates":[-122.95190998426122,48.53574534981499],"type":"Point"},"id":"land:8728d1008ffffff:176:243","properties":{"kind":"raster_water_pixel_center","pixel_area_m2":10000.0,"source_type":"land","target_h3":"8728d1008ffffff"},"type":"Feature"},{"geometry":{"coordinates":[-122.95055533644891,48.5357447760049],"type":"Point"},"id":"land:8728d1008ffffff:176:244","properties":{"kind":"raster_water_pixel_center","pixel_area_m2":10000.0,"source_type":"land","target_h3":"8728d1008ffffff"},"type":"Feature"},{"geometry":{"coordinates":[-122.94920068867978,48.535744186255656],"type":"Point"},"id":"land:8728d1008ffffff:176:245","properties":{"kind":"raster_water_pixel_center","pixel_area_m2":10000.0,"source_type":"land","target_h3":"8728d1008ffffff"},"type":"Feature"},{"geometry":{"coordinates":[-122.94784604095506,48.53574358056726],"type":"Point"},"id":"land:8728d1008ffffff:176:246","properties":{"kind":"raster_water_pixel_center","pixel_area_m2":10000.0,"source_type":"land","target_h3":"8728d1008ffffff"},"type":"Feature"},{"geometry":{"coordinates":[-122.94649139327586,48.535742958939714],"type":"Point"},"id":"land:8728d1008ffffff:176:247","properties":{"kind":"raster_water_pixel_center","pixel_area_m2":10000.0,"source_type":"land","target_h3":"8728d1008ffffff"},"type":"Feature"},{"geometry":{"coordinates":[-122.94513674564345,48.53574232137302],"type":"Point"},"id":"land:8728d1008ffffff:176:248","properties":{"kind":"raster_water_pixel_center","pixel_area_m2":10000.0,"source_type":"land","target_h3":"8728d1008ffffff"},"type":"Feature"},{"geometry":{"coordinates":[-122.94378209805895,48.53574166786717],"type":"Point"},"id":"land:8728d1008ffffff:176:249","properties":{"kind":"raster_water_pixel_center","pixel_area_m2":10000.0,"source_type":"land","target_h3":"8728d1008ffffff"},"type":"Feature"},{"geometry":{"coordinates":[-122.94242745052355,48.535740998422185],"type":"Point"},"id":"land:8728d1008ffffff:176:250","properties":{"kind":"raster_water_pixel_center","pixel_area_m2":10000.0,"source_type":"land","target_h3":"8728d1008ffffff"},"type":"Feature"},{"geometry":{"coordinates":[-122.94107280303845,48.53574031303804],"type":"Point"},"id":"land:8728d1008ffffff:176:251","properties":{"kind":"raster_water_pixel_center","pixel_area_m2":10000.0,"source_type":"land","target_h3":"8728d1008ffffff"},"type":"Feature"},{"geometry":{"coordinates":[-122.93971815560487,48.53573961171476],"type":"Point"},"id":"land:8728d1008ffffff:176:252","properties":{"kind":"raster_water_pixel_center","pixel_area_m2":10000.0,"source_type":"land","target_h3":"8728d1008ffffff"},"type":"Feature"},{"geometry":{"coordinates":[-122.93836350822392,48.53573889445234],"type":"Point"},"id":"land:8728d1008ffffff:176:253","properties":{"kind":"raster_water_pixel_center","pixel_area_m2":10000.0,"source_type":"land","target_h3":"8728d1008ffffff"},"type":"Feature"},{"geometry":{"coordinates":[-122.93700886089681,48.53573816125078],"type":"Point"},"id":"land:8728d1008ffffff:176:254","properties":{"kind":"raster_water_pixel_center","pixel_area_m2":10000.0,"source_type":"land","target_h3":"8728d1008ffffff"},"type":"Feature"},{"geometry":{"coordinates":[-122.96952094921916,48.53485172444686],"type":"Point"},"id":"land:8728d1008ffffff:177:230","properties":{"kind":"raster_water_pixel_center","pixel_area_m2":10000.0,"source_type":"land","target_h3":"8728d1008ffffff"},"type":"Feature"},{"geometry":{"coordinates":[-122.96816632495322,48.534851357857384],"type":"Point"},"id":"land:8728d1008ffffff:177:231","properties":{"kind":"raster_water_pixel_center","pixel_area_m2":10000.0,"source_type":"land","target_h3":"8728d1008ffffff"},"type":"Feature"},{"geometry":{"coordinates":[-122.96681170071507,48.53485097532924],"type":"Point"},"id":"land:8728d1008ffffff:177:232","properties":{"kind":"raster_water_pixel_center","pixel_area_m2":10000.0,"source_type":"land","target_h3":"8728d1008ffffff"},"type":"Feature"},{"geometry":{"coordinates":[-122.96545707650594,48.53485057686245],"type":"Point"},"id":"land:8728d1008ffffff:177:233","properties":{"kind":"raster_water_pixel_center","pixel_area_m2":10000.0,"source_type":"land","target_h3":"8728d1008ffffff"},"type":"Feature"},{"geometry":{"coordinates":[-122.96410245232696,48.53485016245698],"type":"Point"},"id":"land:8728d1008ffffff:177:234","properties":{"kind":"raster_water_pixel_center","pixel_area_m2":10000.0,"source_type":"land","target_h3":"8728d1008ffffff"},"type":"Feature"},{"geometry":{"coordinates":[-122.96274782817937,48.53484973211286],"type":"Point"},"id":"land:8728d1008ffffff:177:235","properties":{"kind":"raster_water_pixel_center","pixel_area_m2":10000.0,"source_type":"land","target_h3":"8728d1008ffffff"},"type":"Feature"},{"geometry":{"coordinates":[-122.96139320406431,48.53484928583007],"type":"Point"},"id":"land:8728d1008ffffff:177:236","properties":{"kind":"raster_water_pixel_center","pixel_area_m2":10000.0,"source_type":"land","target_h3":"8728d1008ffffff"},"type":"Feature"},{"geometry":{"coordinates":[-122.96003857998296,48.53484882360862],"type":"Point"},"id":"land:8728d1008ffffff:177:237","properties":{"kind":"raster_water_pixel_center","pixel_area_m2":10000.0,"source_type":"land","target_h3":"8728d1008ffffff"},"type":"Feature"},{"geometry":{"coordinates":[-122.95868395593654,48.53484834544851],"type":"Point"},"id":"land:8728d1008ffffff:177:238","properties":{"kind":"raster_water_pixel_center","pixel_area_m2":10000.0,"source_type":"land","target_h3":"8728d1008ffffff"},"type":"Feature"},{"geometry":{"coordinates":[-122.9573293319262,48.53484785134973],"type":"Point"},"id":"land:8728d1008ffffff:177:239","properties":{"kind":"raster_water_pixel_center","pixel_area_m2":10000.0,"source_type":"land","target_h3":"8728d1008ffffff"},"type":"Feature"},{"geometry":{"coordinates":[-122.95597470795315,48.53484734131231],"type":"Point"},"id":"land:8728d1008ffffff:177:240","properties":{"kind":"raster_water_pixel_center","pixel_area_m2":10000.0,"source_type":"land","target_h3":"8728d1008ffffff"},"type":"Feature"},{"geometry":{"coordinates":[-122.95462008401856,48.53484681533622],"type":"Point"},"id":"land:8728d1008ffffff:177:241","properties":{"kind":"raster_water_pixel_center","pixel_area_m2":10000.0,"source_type":"land","target_h3":"8728d1008ffffff"},"type":"Feature"},{"geometry":{"coordinates":[-122.95326546012359,48.53484627342148],"type":"Point"},"id":"land:8728d1008ffffff:177:242","properties":{"kind":"raster_water_pixel_center","pixel_area_m2":10000.0,"source_type":"land","target_h3":"8728d1008ffffff"},"type":"Feature"},{"geometry":{"coordinates":[-122.95191083626946,48.534845715568075],"type":"Point"},"id":"land:8728d1008ffffff:177:243","properties":{"kind":"raster_water_pixel_center","pixel_area_m2":10000.0,"source_type":"land","target_h3":"8728d1008ffffff"},"type":"Feature"},{"geometry":{"coordinates":[-122.95055621245736,48.53484514177603],"type":"Point"},"id":"land:8728d1008ffffff:177:244","properties":{"kind":"raster_water_pixel_center","pixel_area_m2":10000.0,"source_type":"land","target_h3":"8728d1008ffffff"},"type":"Feature"},{"geometry":{"coordinates":[-122.94920158868841,48.534844552045314],"type":"Point"},"id":"land:8728d1008ffffff:177:245","properties":{"kind":"raster_water_pixel_center","pixel_area_m2":10000.0,"source_type":"land","target_h3":"8728d1008ffffff"},"type":"Feature"},{"geometry":{"coordinates":[-122.94784696496387,48.53484394637596],"type":"Point"},"id":"land:8728d1008ffffff:177:246","properties":{"kind":"raster_water_pixel_center","pixel_area_m2":10000.0,"source_type":"land","target_h3":"8728d1008ffffff"},"type":"Feature"},{"geometry":{"coordinates":[-122.9464923412849,48.53484332476795],"type":"Point"},"id":"land:8728d1008ffffff:177:247","properties":{"kind":"raster_water_pixel_center","pixel_area_m2":10000.0,"source_type":"land","target_h3":"8728d1008ffffff"},"type":"Feature"},{"geometry":{"coordinates":[-122.94513771765264,48.5348426872213],"type":"Point"},"id":"land:8728d1008ffffff:177:248","properties":{"kind":"raster_water_pixel_center","pixel_area_m2":10000.0,"source_type":"land","target_h3":"8728d1008ffffff"},"type":"Feature"},{"geometry":{"coordinates":[-122.94378309406832,48.53484203373599],"type":"Point"},"id":"land:8728d1008ffffff:177:249","properties":{"kind":"raster_water_pixel_center","pixel_area_m2":10000.0,"source_type":"land","target_h3":"8728d1008ffffff"},"type":"Feature"},{"geometry":{"coordinates":[-122.94242847053313,48.534841364312044],"type":"Point"},"id":"land:8728d1008ffffff:177:250","properties":{"kind":"raster_water_pixel_center","pixel_area_m2":10000.0,"source_type":"land","target_h3":"8728d1008ffffff"},"type":"Feature"},{"geometry":{"coordinates":[-122.9410738470482,48.53484067894945],"type":"Point"},"id":"land:8728d1008ffffff:177:251","properties":{"kind":"raster_water_pixel_center","pixel_area_m2":10000.0,"source_type":"land","target_h3":"8728d1008ffffff"},"type":"Feature"},{"geometry":{"coordinates":[-122.93971922361477,48.53483997764821],"type":"Point"},"id":"land:8728d1008ffffff:177:252","properties":{"kind":"raster_water_pixel_center","pixel_area_m2":10000.0,"source_type":"land","target_h3":"8728d1008ffffff"},"type":"Feature"},{"geometry":{"coordinates":[-122.93836460023401,48.53483926040833],"type":"Point"},"id":"land:8728d1008ffffff:177:253","properties":{"kind":"raster_water_pixel_center","pixel_area_m2":10000.0,"source_type":"land","target_h3":"8728d1008ffffff"},"type":"Feature"},{"geometry":{"coordinates":[-122.93700997690706,48.53483852722982],"type":"Point"},"id":"land:8728d1008ffffff:177:254","properties":{"kind":"raster_water_pixel_center","pixel_area_m2":10000.0,"source_type":"land","target_h3":"8728d1008ffffff"},"type":"Feature"},{"geometry":{"coordinates":[-122.96952148919796,48.53395208986975],"type":"Point"},"id":"land:8728d1008ffffff:178:230","properties":{"kind":"raster_water_pixel_center","pixel_area_m2":10000.0,"source_type":"land","target_h3":"8728d1008ffffff"},"type":"Feature"},{"geometry":{"coordinates":[-122.96816688893105,48.53395172329181],"type":"Point"},"id":"land:8728d1008ffffff:178:231","properties":{"kind":"raster_water_pixel_center","pixel_area_m2":10000.0,"source_type":"land","target_h3":"8728d1008ffffff"},"type":"Feature"},{"geometry":{"coordinates":[-122.96681228869198,48.533951340775694],"type":"Point"},"id":"land:8728d1008ffffff:178:232","properties":{"kind":"raster_water_pixel_center","pixel_area_m2":10000.0,"source_type":"land","target_h3":"8728d1008ffffff"},"type":"Feature"},{"geometry":{"coordinates":[-122.96545768848186,48.53395094232142],"type":"Point"},"id":"land:8728d1008ffffff:178:233","properties":{"kind":"raster_water_pixel_center","pixel_area_m2":10000.0,"source_type":"land","target_h3":"8728d1008ffffff"},"type":"Feature"},{"geometry":{"coordinates":[-122.96410308830194,48.53395052792899],"type":"Point"},"id":"land:8728d1008ffffff:178:234","properties":{"kind":"raster_water_pixel_center","pixel_area_m2":10000.0,"source_type":"land","target_h3":"8728d1008ffffff"},"type":"Feature"},{"geometry":{"coordinates":[-122.96274848815338,48.533950097598385],"type":"Point"},"id":"land:8728d1008ffffff:178:235","properties":{"kind":"raster_water_pixel_center","pixel_area_m2":10000.0,"source_type":"land","target_h3":"8728d1008ffffff"},"type":"Feature"},{"geometry":{"coordinates":[-122.96139388803735,48.53394965132962],"type":"Point"},"id":"land:8728d1008ffffff:178:236","properties":{"kind":"raster_water_pixel_center","pixel_area_m2":10000.0,"source_type":"land","target_h3":"8728d1008ffffff"},"type":"Feature"},{"geometry":{"coordinates":[-122.96003928795504,48.5339491891227],"type":"Point"},"id":"land:8728d1008ffffff:178:237","properties":{"kind":"raster_water_pixel_center","pixel_area_m2":10000.0,"source_type":"land","target_h3":"8728d1008ffffff"},"type":"Feature"},{"geometry":{"coordinates":[-122.95868468790763,48.53394871097762],"type":"Point"},"id":"land:8728d1008ffffff:178:238","properties":{"kind":"raster_water_pixel_center","pixel_area_m2":10000.0,"source_type":"land","target_h3":"8728d1008ffffff"},"type":"Feature"},{"geometry":{"coordinates":[-122.95733008789635,48.53394821689437],"type":"Point"},"id":"land:8728d1008ffffff:178:239","properties":{"kind":"raster_water_pixel_center","pixel_area_m2":10000.0,"source_type":"land","target_h3":"8728d1008ffffff"},"type":"Feature"},{"geometry":{"coordinates":[-122.9559754879223,48.533947706872986],"type":"Point"},"id":"land:8728d1008ffffff:178:240","properties":{"kind":"raster_water_pixel_center","pixel_area_m2":10000.0,"source_type":"land","target_h3":"8728d1008ffffff"},"type":"Feature"},{"geometry":{"coordinates":[-122.95462088798674,48.53394718091342],"type":"Point"},"id":"land:8728d1008ffffff:178:241","properties":{"kind":"raster_water_pixel_center","pixel_area_m2":10000.0,"source_type":"land","target_h3":"8728d1008ffffff"},"type":"Feature"},{"geometry":{"coordinates":[-122.9532662880908,48.53394663901572],"type":"Point"},"id":"land:8728d1008ffffff:178:242","properties":{"kind":"raster_water_pixel_center","pixel_area_m2":10000.0,"source_type":"land","target_h3":"8728d1008ffffff"},"type":"Feature"},{"geometry":{"coordinates":[-122.95191168823568,48.533946081179856],"type":"Point"},"id":"land:8728d1008ffffff:178:243","properties":{"kind":"raster_water_pixel_center","pixel_area_m2":10000.0,"source_type":"land","target_h3":"8728d1008ffffff"},"type":"Feature"},{"geometry":{"coordinates":[-122.9505570884226,48.53394550740583],"type":"Point"},"id":"land:8728d1008ffffff:178:244","properties":{"kind":"raster_water_pixel_center","pixel_area_m2":10000.0,"source_type":"land","target_h3":"8728d1008ffffff"},"type":"Feature"},{"geometry":{"coordinates":[-122.94920248865267,48.53394491769367],"type":"Point"},"id":"land:8728d1008ffffff:178:245","properties":{"kind":"raster_water_pixel_center","pixel_area_m2":10000.0,"source_type":"land","target_h3":"8728d1008ffffff"},"type":"Feature"},{"geometry":{"coordinates":[-122.94784788892714,48.53394431204336],"type":"Point"},"id":"land:8728d1008ffffff:178:246","properties":{"kind":"raster_water_pixel_center","pixel_area_m2":10000.0,"source_type":"land","target_h3":"8728d1008ffffff"},"type":"Feature"},{"geometry":{"coordinates":[-122.94649328924716,48.53394369045488],"type":"Point"},"id":"land:8728d1008ffffff:178:247","properties":{"kind":"raster_water_pixel_center","pixel_area_m2":10000.0,"source_type":"land","target_h3":"8728d1008ffffff"},"type":"Feature"},{"geometry":{"coordinates":[-122.94513868961391,48.533943052928265],"type":"Point"},"id":"land:8728d1008ffffff:178:248","properties":{"kind":"raster_water_pixel_center","pixel_area_m2":10000.0,"source_type":"land","target_h3":"8728d1008ffffff"},"type":"Feature"},{"geometry":{"coordinates":[-122.94378409002861,48.53394239946351],"type":"Point"},"id":"land:8728d1008ffffff:178:249","properties":{"kind":"raster_water_pixel_center","pixel_area_m2":10000.0,"source_type":"land","target_h3":"8728d1008ffffff"},"type":"Feature"},{"geometry":{"coordinates":[-122.94242949049239,48.5339417300606],"type":"Point"},"id":"land:8728d1008ffffff:178:250","properties":{"kind":"raster_water_pixel_center","pixel_area_m2":10000.0,"source_type":"land","target_h3":"8728d1008ffffff"},"type":"Feature"},{"geometry":{"coordinates":[-122.94107489100648,48.53394104471954],"type":"Point"},"id":"land:8728d1008ffffff:178:251","properties":{"kind":"raster_water_pixel_center","pixel_area_m2":10000.0,"source_type":"land","target_h3":"8728d1008ffffff"},"type":"Feature"},{"geometry":{"coordinates":[-122.93972029157203,48.53394034344036],"type":"Point"},"id":"land:8728d1008ffffff:178:252","properties":{"kind":"raster_water_pixel_center","pixel_area_m2":10000.0,"source_type":"land","target_h3":"8728d1008ffffff"},"type":"Feature"},{"geometry":{"coordinates":[-122.93836569219026,48.53393962622303],"type":"Point"},"id":"land:8728d1008ffffff:178:253","properties":{"kind":"raster_water_pixel_center","pixel_area_m2":10000.0,"source_type":"land","target_h3":"8728d1008ffffff"},"type":"Feature"},{"geometry":{"coordinates":[-122.9681674528811,48.533052088584924],"type":"Point"},"id":"land:8728d1008ffffff:179:231","properties":{"kind":"raster_water_pixel_center","pixel_area_m2":10000.0,"source_type":"land","target_h3":"8728d1008ffffff"},"type":"Feature"},{"geometry":{"coordinates":[-122.96681287663988,48.53305170608083],"type":"Point"},"id":"land:8728d1008ffffff:179:232","properties":{"kind":"raster_water_pixel_center","pixel_area_m2":10000.0,"source_type":"land","target_h3":"8728d1008ffffff"},"type":"Feature"},{"geometry":{"coordinates":[-122.96545830042763,48.533051307639084],"type":"Point"},"id":"land:8728d1008ffffff:179:233","properties":{"kind":"raster_water_pixel_center","pixel_area_m2":10000.0,"source_type":"land","target_h3":"8728d1008ffffff"},"type":"Feature"},{"geometry":{"coordinates":[-122.96410372424556,48.53305089325968],"type":"Point"},"id":"land:8728d1008ffffff:179:234","properties":{"kind":"raster_water_pixel_center","pixel_area_m2":10000.0,"source_type":"land","target_h3":"8728d1008ffffff"},"type":"Feature"},{"geometry":{"coordinates":[-122.96274914809483,48.5330504629426],"type":"Point"},"id":"land:8728d1008ffffff:179:235","properties":{"kind":"raster_water_pixel_center","pixel_area_m2":10000.0,"source_type":"land","target_h3":"8728d1008ffffff"},"type":"Feature"},{"geometry":{"coordinates":[-122.96139457197665,48.533050016687866],"type":"Point"},"id":"land:8728d1008ffffff:179:236","properties":{"kind":"raster_water_pixel_center","pixel_area_m2":10000.0,"source_type":"land","target_h3":"8728d1008ffffff"},"type":"Feature"},{"geometry":{"coordinates":[-122.96003999589222,48.53304955449548],"type":"Point"},"id":"land:8728d1008ffffff:179:237","properties":{"kind":"raster_water_pixel_center","pixel_area_m2":10000.0,"source_type":"land","target_h3":"8728d1008ffffff"},"type":"Feature"},{"geometry":{"coordinates":[-122.95868541984267,48.53304907636542],"type":"Point"},"id":"land:8728d1008ffffff:179:238","properties":{"kind":"raster_water_pixel_center","pixel_area_m2":10000.0,"source_type":"land","target_h3":"8728d1008ffffff"},"type":"Feature"},{"geometry":{"coordinates":[-122.95733084382921,48.53304858229771],"type":"Point"},"id":"land:8728d1008ffffff:179:239","properties":{"kind":"raster_water_pixel_center","pixel_area_m2":10000.0,"source_type":"land","target_h3":"8728d1008ffffff"},"type":"Feature"},{"geometry":{"coordinates":[-122.955976267853,48.533048072292345],"type":"Point"},"id":"land:8728d1008ffffff:179:240","properties":{"kind":"raster_water_pixel_center","pixel_area_m2":10000.0,"source_type":"land","target_h3":"8728d1008ffffff"},"type":"Feature"},{"geometry":{"coordinates":[-122.95462169191528,48.53304754634932],"type":"Point"},"id":"land:8728d1008ffffff:179:241","properties":{"kind":"raster_water_pixel_center","pixel_area_m2":10000.0,"source_type":"land","target_h3":"8728d1008ffffff"},"type":"Feature"},{"geometry":{"coordinates":[-122.95326711601717,48.53304700446865],"type":"Point"},"id":"land:8728d1008ffffff:179:242","properties":{"kind":"raster_water_pixel_center","pixel_area_m2":10000.0,"source_type":"land","target_h3":"8728d1008ffffff"},"type":"Feature"},{"geometry":{"coordinates":[-122.9519125401599,48.53304644665032],"type":"Point"},"id":"land:8728d1008ffffff:179:243","properties":{"kind":"raster_water_pixel_center","pixel_area_m2":10000.0,"source_type":"land","target_h3":"8728d1008ffffff"},"type":"Feature"},{"geometry":{"coordinates":[-122.95055796434464,48.53304587289434],"type":"Point"},"id":"land:8728d1008ffffff:179:244","properties":{"kind":"raster_water_pixel_center","pixel_area_m2":10000.0,"source_type":"land","target_h3":"8728d1008ffffff"},"type":"Feature"},{"geometry":{"coordinates":[-122.94920338857256,48.53304528320071],"type":"Point"},"id":"land:8728d1008ffffff:179:245","properties":{"kind":"raster_water_pixel_center","pixel_area_m2":10000.0,"source_type":"land","target_h3":"8728d1008ffffff"},"type":"Feature"},{"geometry":{"coordinates":[-122.94784881284484,48.533044677569436],"type":"Point"},"id":"land:8728d1008ffffff:179:246","properties":{"kind":"raster_water_pixel_center","pixel_area_m2":10000.0,"source_type":"land","target_h3":"8728d1008ffffff"},"type":"Feature"},{"geometry":{"coordinates":[-122.94649423716271,48.5330440560005],"type":"Point"},"id":"land:8728d1008ffffff:179:247","properties":{"kind":"raster_water_pixel_center","pixel_area_m2":10000.0,"source_type":"land","target_h3":"8728d1008ffffff"},"type":"Feature"},{"geometry":{"coordinates":[-122.94513966152728,48.53304341849394],"type":"Point"},"id":"land:8728d1008ffffff:179:248","properties":{"kind":"raster_water_pixel_center","pixel_area_m2":10000.0,"source_type":"land","target_h3":"8728d1008ffffff"},"type":"Feature"},{"geometry":{"coordinates":[-122.94378508593978,48.53304276504971],"type":"Point"},"id":"land:8728d1008ffffff:179:249","properties":{"kind":"raster_water_pixel_center","pixel_area_m2":10000.0,"source_type":"land","target_h3":"8728d1008ffffff"},"type":"Feature"},{"geometry":{"coordinates":[-122.9424305104014,48.53304209566785],"type":"Point"},"id":"land:8728d1008ffffff:179:250","properties":{"kind":"raster_water_pixel_center","pixel_area_m2":10000.0,"source_type":"land","target_h3":"8728d1008ffffff"},"type":"Feature"},{"geometry":{"coordinates":[-122.94107593491327,48.53304141034833],"type":"Point"},"id":"land:8728d1008ffffff:179:251","properties":{"kind":"raster_water_pixel_center","pixel_area_m2":10000.0,"source_type":"land","target_h3":"8728d1008ffffff"},"type":"Feature"},{"geometry":{"coordinates":[-122.93972135947665,48.533040709091196],"type":"Point"},"id":"land:8728d1008ffffff:179:252","properties":{"kind":"raster_water_pixel_center","pixel_area_m2":10000.0,"source_type":"land","target_h3":"8728d1008ffffff"},"type":"Feature"},{"geometry":{"coordinates":[-122.93836678409266,48.5330399918964],"type":"Point"},"id":"land:8728d1008ffffff:179:253","properties":{"kind":"raster_water_pixel_center","pixel_area_m2":10000.0,"source_type":"land","target_h3":"8728d1008ffffff"},"type":"Feature"},{"geometry":{"coordinates":[-122.96681346455877,48.532152071244674],"type":"Point"},"id":"land:8728d1008ffffff:180:232","properties":{"kind":"raster_water_pixel_center","pixel_area_m2":10000.0,"source_type":"land","target_h3":"8728d1008ffffff"},"type":"Feature"},{"geometry":{"coordinates":[-122.96545891234322,48.53215167281545],"type":"Point"},"id":"land:8728d1008ffffff:180:233","properties":{"kind":"raster_water_pixel_center","pixel_area_m2":10000.0,"source_type":"land","target_h3":"8728d1008ffffff"},"type":"Feature"},{"geometry":{"coordinates":[-122.96410436015782,48.53215125844907],"type":"Point"},"id":"land:8728d1008ffffff:180:234","properties":{"kind":"raster_water_pixel_center","pixel_area_m2":10000.0,"source_type":"land","target_h3":"8728d1008ffffff"},"type":"Feature"},{"geometry":{"coordinates":[-122.96274980800378,48.532150828145525],"type":"Point"},"id":"land:8728d1008ffffff:180:235","properties":{"kind":"raster_water_pixel_center","pixel_area_m2":10000.0,"source_type":"land","target_h3":"8728d1008ffffff"},"type":"Feature"},{"geometry":{"coordinates":[-122.96139525588227,48.53215038190481],"type":"Point"},"id":"land:8728d1008ffffff:180:236","properties":{"kind":"raster_water_pixel_center","pixel_area_m2":10000.0,"source_type":"land","target_h3":"8728d1008ffffff"},"type":"Feature"},{"geometry":{"coordinates":[-122.96004070379448,48.532149919726955],"type":"Point"},"id":"land:8728d1008ffffff:180:237","properties":{"kind":"raster_water_pixel_center","pixel_area_m2":10000.0,"source_type":"land","target_h3":"8728d1008ffffff"},"type":"Feature"},{"geometry":{"coordinates":[-122.9586861517416,48.53214944161192],"type":"Point"},"id":"land:8728d1008ffffff:180:238","properties":{"kind":"raster_water_pixel_center","pixel_area_m2":10000.0,"source_type":"land","target_h3":"8728d1008ffffff"},"type":"Feature"},{"geometry":{"coordinates":[-122.9573315997248,48.532148947559755],"type":"Point"},"id":"land:8728d1008ffffff:180:239","properties":{"kind":"raster_water_pixel_center","pixel_area_m2":10000.0,"source_type":"land","target_h3":"8728d1008ffffff"},"type":"Feature"},{"geometry":{"coordinates":[-122.95597704774528,48.53214843757041],"type":"Point"},"id":"land:8728d1008ffffff:180:240","properties":{"kind":"raster_water_pixel_center","pixel_area_m2":10000.0,"source_type":"land","target_h3":"8728d1008ffffff"},"type":"Feature"},{"geometry":{"coordinates":[-122.95462249580419,48.532147911643925],"type":"Point"},"id":"land:8728d1008ffffff:180:241","properties":{"kind":"raster_water_pixel_center","pixel_area_m2":10000.0,"source_type":"land","target_h3":"8728d1008ffffff"},"type":"Feature"},{"geometry":{"coordinates":[-122.95326794390276,48.53214736978029],"type":"Point"},"id":"land:8728d1008ffffff:180:242","properties":{"kind":"raster_water_pixel_center","pixel_area_m2":10000.0,"source_type":"land","target_h3":"8728d1008ffffff"},"type":"Feature"},{"geometry":{"coordinates":[-122.95191339204213,48.532146811979494],"type":"Point"},"id":"land:8728d1008ffffff:180:243","properties":{"kind":"raster_water_pixel_center","pixel_area_m2":10000.0,"source_type":"land","target_h3":"8728d1008ffffff"},"type":"Feature"},{"geometry":{"coordinates":[-122.9505588402235,48.53214623824154],"type":"Point"},"id":"land:8728d1008ffffff:180:244","properties":{"kind":"raster_water_pixel_center","pixel_area_m2":10000.0,"source_type":"land","target_h3":"8728d1008ffffff"},"type":"Feature"},{"geometry":{"coordinates":[-122.94920428844806,48.53214564856645],"type":"Point"},"id":"land:8728d1008ffffff:180:245","properties":{"kind":"raster_water_pixel_center","pixel_area_m2":10000.0,"source_type":"land","target_h3":"8728d1008ffffff"},"type":"Feature"},{"geometry":{"coordinates":[-122.947849736717,48.53214504295421],"type":"Point"},"id":"land:8728d1008ffffff:180:246","properties":{"kind":"raster_water_pixel_center","pixel_area_m2":10000.0,"source_type":"land","target_h3":"8728d1008ffffff"},"type":"Feature"},{"geometry":{"coordinates":[-122.94649518503148,48.532144421404816],"type":"Point"},"id":"land:8728d1008ffffff:180:247","properties":{"kind":"raster_water_pixel_center","pixel_area_m2":10000.0,"source_type":"land","target_h3":"8728d1008ffffff"},"type":"Feature"},{"geometry":{"coordinates":[-122.94514063339271,48.53214378391827],"type":"Point"},"id":"land:8728d1008ffffff:180:248","properties":{"kind":"raster_water_pixel_center","pixel_area_m2":10000.0,"source_type":"land","target_h3":"8728d1008ffffff"},"type":"Feature"},{"geometry":{"coordinates":[-122.94378608180185,48.5321431304946],"type":"Point"},"id":"land:8728d1008ffffff:180:249","properties":{"kind":"raster_water_pixel_center","pixel_area_m2":10000.0,"source_type":"land","target_h3":"8728d1008ffffff"},"type":"Feature"},{"geometry":{"coordinates":[-122.9424315302601,48.53214246113377],"type":"Point"},"id":"land:8728d1008ffffff:180:250","properties":{"kind":"raster_water_pixel_center","pixel_area_m2":10000.0,"source_type":"land","target_h3":"8728d1008ffffff"},"type":"Feature"},{"geometry":{"coordinates":[-122.94107697876859,48.53214177583582],"type":"Point"},"id":"land:8728d1008ffffff:180:251","properties":{"kind":"raster_water_pixel_center","pixel_area_m2":10000.0,"source_type":"land","target_h3":"8728d1008ffffff"},"type":"Feature"},{"geometry":{"coordinates":[-122.93972242732859,48.53214107460071],"type":"Point"},"id":"land:8728d1008ffffff:180:252","properties":{"kind":"raster_water_pixel_center","pixel_area_m2":10000.0,"source_type":"land","target_h3":"8728d1008ffffff"},"type":"Feature"},{"geometry":{"coordinates":[-122.9668140524487,48.53125243626721],"type":"Point"},"id":"land:8728d1008ffffff:181:232","properties":{"kind":"raster_water_pixel_center","pixel_area_m2":10000.0,"source_type":"land","target_h3":"8728d1008ffffff"},"type":"Feature"},{"geometry":{"coordinates":[-122.96545952422863,48.53125203785052],"type":"Point"},"id":"land:8728d1008ffffff:181:233","properties":{"kind":"raster_water_pixel_center","pixel_area_m2":10000.0,"source_type":"land","target_h3":"8728d1008ffffff"},"type":"Feature"},{"geometry":{"coordinates":[-122.96410499603871,48.53125162349715],"type":"Point"},"id":"land:8728d1008ffffff:181:234","properties":{"kind":"raster_water_pixel_center","pixel_area_m2":10000.0,"source_type":"land","target_h3":"8728d1008ffffff"},"type":"Feature"},{"geometry":{"coordinates":[-122.96275046788017,48.53125119320713],"type":"Point"},"id":"land:8728d1008ffffff:181:235","properties":{"kind":"raster_water_pixel_center","pixel_area_m2":10000.0,"source_type":"land","target_h3":"8728d1008ffffff"},"type":"Feature"},{"geometry":{"coordinates":[-122.96139593975414,48.531250746980454],"type":"Point"},"id":"land:8728d1008ffffff:181:236","properties":{"kind":"raster_water_pixel_center","pixel_area_m2":10000.0,"source_type":"land","target_h3":"8728d1008ffffff"},"type":"Feature"},{"geometry":{"coordinates":[-122.96004141166183,48.53125028481712],"type":"Point"},"id":"land:8728d1008ffffff:181:237","properties":{"kind":"raster_water_pixel_center","pixel_area_m2":10000.0,"source_type":"land","target_h3":"8728d1008ffffff"},"type":"Feature"},{"geometry":{"coordinates":[-122.95868688360443,48.53124980671712],"type":"Point"},"id":"land:8728d1008ffffff:181:238","properties":{"kind":"raster_water_pixel_center","pixel_area_m2":10000.0,"source_type":"land","target_h3":"8728d1008ffffff"},"type":"Feature"},{"geometry":{"coordinates":[-122.9573323555831,48.53124931268047],"type":"Point"},"id":"land:8728d1008ffffff:181:239","properties":{"kind":"raster_water_pixel_center","pixel_area_m2":10000.0,"source_type":"land","target_h3":"8728d1008ffffff"},"type":"Feature"},{"geometry":{"coordinates":[-122.95597782759906,48.53124880270717],"type":"Point"},"id":"land:8728d1008ffffff:181:240","properties":{"kind":"raster_water_pixel_center","pixel_area_m2":10000.0,"source_type":"land","target_h3":"8728d1008ffffff"},"type":"Feature"},{"geometry":{"coordinates":[-122.95462329965346,48.53124827679721],"type":"Point"},"id":"land:8728d1008ffffff:181:241","properties":{"kind":"raster_water_pixel_center","pixel_area_m2":10000.0,"source_type":"land","target_h3":"8728d1008ffffff"},"type":"Feature"},{"geometry":{"coordinates":[-122.95326877174747,48.531247734950604],"type":"Point"},"id":"land:8728d1008ffffff:181:242","properties":{"kind":"raster_water_pixel_center","pixel_area_m2":10000.0,"source_type":"land","target_h3":"8728d1008ffffff"},"type":"Feature"},{"geometry":{"coordinates":[-122.95191424388233,48.53124717716734],"type":"Point"},"id":"land:8728d1008ffffff:181:243","properties":{"kind":"raster_water_pixel_center","pixel_area_m2":10000.0,"source_type":"land","target_h3":"8728d1008ffffff"},"type":"Feature"},{"geometry":{"coordinates":[-122.95055971605917,48.53124660344743],"type":"Point"},"id":"land:8728d1008ffffff:181:244","properties":{"kind":"raster_water_pixel_center","pixel_area_m2":10000.0,"source_type":"land","target_h3":"8728d1008ffffff"},"type":"Feature"},{"geometry":{"coordinates":[-122.94920518827922,48.53124601379086],"type":"Point"},"id":"land:8728d1008ffffff:181:245","properties":{"kind":"raster_water_pixel_center","pixel_area_m2":10000.0,"source_type":"land","target_h3":"8728d1008ffffff"},"type":"Feature"},{"geometry":{"coordinates":[-122.94785066054361,48.53124540819766],"type":"Point"},"id":"land:8728d1008ffffff:181:246","properties":{"kind":"raster_water_pixel_center","pixel_area_m2":10000.0,"source_type":"land","target_h3":"8728d1008ffffff"},"type":"Feature"},{"geometry":{"coordinates":[-122.94649613285355,48.531244786667806],"type":"Point"},"id":"land:8728d1008ffffff:181:247","properties":{"kind":"raster_water_pixel_center","pixel_area_m2":10000.0,"source_type":"land","target_h3":"8728d1008ffffff"},"type":"Feature"},{"geometry":{"coordinates":[-122.94514160521022,48.53124414920131],"type":"Point"},"id":"land:8728d1008ffffff:181:248","properties":{"kind":"raster_water_pixel_center","pixel_area_m2":10000.0,"source_type":"land","target_h3":"8728d1008ffffff"},"type":"Feature"},{"geometry":{"coordinates":[-122.94378707761481,48.53124349579817],"type":"Point"},"id":"land:8728d1008ffffff:181:249","properties":{"kind":"raster_water_pixel_center","pixel_area_m2":10000.0,"source_type":"land","target_h3":"8728d1008ffffff"},"type":"Feature"},{"geometry":{"coordinates":[-122.94243255006849,48.531242826458396],"type":"Point"},"id":"land:8728d1008ffffff:181:250","properties":{"kind":"raster_water_pixel_center","pixel_area_m2":10000.0,"source_type":"land","target_h3":"8728d1008ffffff"},"type":"Feature"},{"geometry":{"coordinates":[-122.94107802257247,48.53124214118196],"type":"Point"},"id":"land:8728d1008ffffff:181:251","properties":{"kind":"raster_water_pixel_center","pixel_area_m2":10000.0,"source_type":"land","target_h3":"8728d1008ffffff"},"type":"Feature"},{"geometry":{"coordinates":[-122.9397234951279,48.5312414399689],"type":"Point"},"id":"land:8728d1008ffffff:181:252","properties":{"kind":"raster_water_pixel_center","pixel_area_m2":10000.0,"source_type":"land","target_h3":"8728d1008ffffff"},"type":"Feature"},{"geometry":{"coordinates":[-122.96546013608388,48.53035240274426],"type":"Point"},"id":"land:8728d1008ffffff:182:233","properties":{"kind":"raster_water_pixel_center","pixel_area_m2":10000.0,"source_type":"land","target_h3":"8728d1008ffffff"},"type":"Feature"},{"geometry":{"coordinates":[-122.96410563188826,48.53035198840392],"type":"Point"},"id":"land:8728d1008ffffff:182:234","properties":{"kind":"raster_water_pixel_center","pixel_area_m2":10000.0,"source_type":"land","target_h3":"8728d1008ffffff"},"type":"Feature"},{"geometry":{"coordinates":[-122.96275112772402,48.53035155812743],"type":"Point"},"id":"land:8728d1008ffffff:182:235","properties":{"kind":"raster_water_pixel_center","pixel_area_m2":10000.0,"source_type":"land","target_h3":"8728d1008ffffff"},"type":"Feature"},{"geometry":{"coordinates":[-122.96139662359231,48.530351111914776],"type":"Point"},"id":"land:8728d1008ffffff:182:236","properties":{"kind":"raster_water_pixel_center","pixel_area_m2":10000.0,"source_type":"land","target_h3":"8728d1008ffffff"},"type":"Feature"},{"geometry":{"coordinates":[-122.9600421194943,48.530350649765964],"type":"Point"},"id":"land:8728d1008ffffff:182:237","properties":{"kind":"raster_water_pixel_center","pixel_area_m2":10000.0,"source_type":"land","target_h3":"8728d1008ffffff"},"type":"Feature"},{"geometry":{"coordinates":[-122.95868761543119,48.530350171681],"type":"Point"},"id":"land:8728d1008ffffff:182:238","properties":{"kind":"raster_water_pixel_center","pixel_area_m2":10000.0,"source_type":"land","target_h3":"8728d1008ffffff"},"type":"Feature"},{"geometry":{"coordinates":[-122.95733311140417,48.53034967765986],"type":"Point"},"id":"land:8728d1008ffffff:182:239","properties":{"kind":"raster_water_pixel_center","pixel_area_m2":10000.0,"source_type":"land","target_h3":"8728d1008ffffff"},"type":"Feature"},{"geometry":{"coordinates":[-122.95597860741441,48.530349167702596],"type":"Point"},"id":"land:8728d1008ffffff:182:240","properties":{"kind":"raster_water_pixel_center","pixel_area_m2":10000.0,"source_type":"land","target_h3":"8728d1008ffffff"},"type":"Feature"},{"geometry":{"coordinates":[-122.95462410346309,48.530348641809184],"type":"Point"},"id":"land:8728d1008ffffff:182:241","properties":{"kind":"raster_water_pixel_center","pixel_area_m2":10000.0,"source_type":"land","target_h3":"8728d1008ffffff"},"type":"Feature"},{"geometry":{"coordinates":[-122.95326959955142,48.530348099979605],"type":"Point"},"id":"land:8728d1008ffffff:182:242","properties":{"kind":"raster_water_pixel_center","pixel_area_m2":10000.0,"source_type":"land","target_h3":"8728d1008ffffff"},"type":"Feature"},{"geometry":{"coordinates":[-122.95191509568055,48.53034754221387],"type":"Point"},"id":"land:8728d1008ffffff:182:243","properties":{"kind":"raster_water_pixel_center","pixel_area_m2":10000.0,"source_type":"land","target_h3":"8728d1008ffffff"},"type":"Feature"},{"geometry":{"coordinates":[-122.95056059185167,48.530346968512],"type":"Point"},"id":"land:8728d1008ffffff:182:244","properties":{"kind":"raster_water_pixel_center","pixel_area_m2":10000.0,"source_type":"land","target_h3":"8728d1008ffffff"},"type":"Feature"},{"geometry":{"coordinates":[-122.94920608806599,48.53034637887397],"type":"Point"},"id":"land:8728d1008ffffff:182:245","properties":{"kind":"raster_water_pixel_center","pixel_area_m2":10000.0,"source_type":"land","target_h3":"8728d1008ffffff"},"type":"Feature"},{"geometry":{"coordinates":[-122.94785158432465,48.53034577329981],"type":"Point"},"id":"land:8728d1008ffffff:182:246","properties":{"kind":"raster_water_pixel_center","pixel_area_m2":10000.0,"source_type":"land","target_h3":"8728d1008ffffff"},"type":"Feature"},{"geometry":{"coordinates":[-122.94649708062887,48.53034515178949],"type":"Point"},"id":"land:8728d1008ffffff:182:247","properties":{"kind":"raster_water_pixel_center","pixel_area_m2":10000.0,"source_type":"land","target_h3":"8728d1008ffffff"},"type":"Feature"},{"geometry":{"coordinates":[-122.94514257697983,48.53034451434303],"type":"Point"},"id":"land:8728d1008ffffff:182:248","properties":{"kind":"raster_water_pixel_center","pixel_area_m2":10000.0,"source_type":"land","target_h3":"8728d1008ffffff"},"type":"Feature"},{"geometry":{"coordinates":[-122.94378807337868,48.53034386096042],"type":"Point"},"id":"land:8728d1008ffffff:182:249","properties":{"kind":"raster_water_pixel_center","pixel_area_m2":10000.0,"source_type":"land","target_h3":"8728d1008ffffff"},"type":"Feature"},{"geometry":{"coordinates":[-122.94243356982663,48.53034319164168],"type":"Point"},"id":"land:8728d1008ffffff:182:250","properties":{"kind":"raster_water_pixel_center","pixel_area_m2":10000.0,"source_type":"land","target_h3":"8728d1008ffffff"},"type":"Feature"},{"geometry":{"coordinates":[-122.94107906632487,48.5303425063868],"type":"Point"},"id":"land:8728d1008ffffff:182:251","properties":{"kind":"raster_water_pixel_center","pixel_area_m2":10000.0,"source_type":"land","target_h3":"8728d1008ffffff"},"type":"Feature"},{"geometry":{"coordinates":[-122.96410626770648,48.5294523531694],"type":"Point"},"id":"land:8728d1008ffffff:183:234","properties":{"kind":"raster_water_pixel_center","pixel_area_m2":10000.0,"source_type":"land","target_h3":"8728d1008ffffff"},"type":"Feature"},{"geometry":{"coordinates":[-122.96275178753534,48.529451922906425],"type":"Point"},"id":"land:8728d1008ffffff:183:235","properties":{"kind":"raster_water_pixel_center","pixel_area_m2":10000.0,"source_type":"land","target_h3":"8728d1008ffffff"},"type":"Feature"},{"geometry":{"coordinates":[-122.96139730739672,48.5294514767078],"type":"Point"},"id":"land:8728d1008ffffff:183:236","properties":{"kind":"raster_water_pixel_center","pixel_area_m2":10000.0,"source_type":"land","target_h3":"8728d1008ffffff"},"type":"Feature"},{"geometry":{"coordinates":[-122.96004282729186,48.52945101457351],"type":"Point"},"id":"land:8728d1008ffffff:183:237","properties":{"kind":"raster_water_pixel_center","pixel_area_m2":10000.0,"source_type":"land","target_h3":"8728d1008ffffff"},"type":"Feature"},{"geometry":{"coordinates":[-122.95868834722185,48.529450536503575],"type":"Point"},"id":"land:8728d1008ffffff:183:238","properties":{"kind":"raster_water_pixel_center","pixel_area_m2":10000.0,"source_type":"land","target_h3":"8728d1008ffffff"},"type":"Feature"},{"geometry":{"coordinates":[-122.95733386718796,48.52945004249798],"type":"Point"},"id":"land:8728d1008ffffff:183:239","properties":{"kind":"raster_water_pixel_center","pixel_area_m2":10000.0,"source_type":"land","target_h3":"8728d1008ffffff"},"type":"Feature"},{"geometry":{"coordinates":[-122.9559793871913,48.52944953255675],"type":"Point"},"id":"land:8728d1008ffffff:183:240","properties":{"kind":"raster_water_pixel_center","pixel_area_m2":10000.0,"source_type":"land","target_h3":"8728d1008ffffff"},"type":"Feature"},{"geometry":{"coordinates":[-122.9546249072331,48.52944900667985],"type":"Point"},"id":"land:8728d1008ffffff:183:241","properties":{"kind":"raster_water_pixel_center","pixel_area_m2":10000.0,"source_type":"land","target_h3":"8728d1008ffffff"},"type":"Feature"},{"geometry":{"coordinates":[-122.95327042731454,48.52944846486731],"type":"Point"},"id":"land:8728d1008ffffff:183:242","properties":{"kind":"raster_water_pixel_center","pixel_area_m2":10000.0,"source_type":"land","target_h3":"8728d1008ffffff"},"type":"Feature"},{"geometry":{"coordinates":[-122.95191594743676,48.529447907119106],"type":"Point"},"id":"land:8728d1008ffffff:183:243","properties":{"kind":"raster_water_pixel_center","pixel_area_m2":10000.0,"source_type":"land","target_h3":"8728d1008ffffff"},"type":"Feature"},{"geometry":{"coordinates":[-122.95056146760099,48.529447333435265],"type":"Point"},"id":"land:8728d1008ffffff:183:244","properties":{"kind":"raster_water_pixel_center","pixel_area_m2":10000.0,"source_type":"land","target_h3":"8728d1008ffffff"},"type":"Feature"},{"geometry":{"coordinates":[-122.94920698780841,48.52944674381577],"type":"Point"},"id":"land:8728d1008ffffff:183:245","properties":{"kind":"raster_water_pixel_center","pixel_area_m2":10000.0,"source_type":"land","target_h3":"8728d1008ffffff"},"type":"Feature"},{"geometry":{"coordinates":[-122.94785250806017,48.52944613826063],"type":"Point"},"id":"land:8728d1008ffffff:183:246","properties":{"kind":"raster_water_pixel_center","pixel_area_m2":10000.0,"source_type":"land","target_h3":"8728d1008ffffff"},"type":"Feature"},{"geometry":{"coordinates":[-122.94649802835748,48.52944551676986],"type":"Point"},"id":"land:8728d1008ffffff:183:247","properties":{"kind":"raster_water_pixel_center","pixel_area_m2":10000.0,"source_type":"land","target_h3":"8728d1008ffffff"},"type":"Feature"},{"geometry":{"coordinates":[-122.9451435487015,48.52944487934344],"type":"Point"},"id":"land:8728d1008ffffff:183:248","properties":{"kind":"raster_water_pixel_center","pixel_area_m2":10000.0,"source_type":"land","target_h3":"8728d1008ffffff"},"type":"Feature"},{"geometry":{"coordinates":[-122.94378906909346,48.529444225981365],"type":"Point"},"id":"land:8728d1008ffffff:183:249","properties":{"kind":"raster_water_pixel_center","pixel_area_m2":10000.0,"source_type":"land","target_h3":"8728d1008ffffff"},"type":"Feature"},{"geometry":{"coordinates":[-122.9424345895345,48.52944355668367],"type":"Point"},"id":"land:8728d1008ffffff:183:250","properties":{"kind":"raster_water_pixel_center","pixel_area_m2":10000.0,"source_type":"land","target_h3":"8728d1008ffffff"},"type":"Feature"},{"geometry":{"coordinates":[-122.9410801100258,48.52944287145032],"type":"Point"},"id":"land:8728d1008ffffff:183:251","properties":{"kind":"raster_water_pixel_center","pixel_area_m2":10000.0,"source_type":"land","target_h3":"8728d1008ffffff"},"type":"Feature"},{"geometry":{"coordinates":[-122.96410690349333,48.52855271779356],"type":"Point"},"id":"land:8728d1008ffffff:184:234","properties":{"kind":"raster_water_pixel_center","pixel_area_m2":10000.0,"source_type":"land","target_h3":"8728d1008ffffff"},"type":"Feature"},{"geometry":{"coordinates":[-122.96275244731413,48.528552287544116],"type":"Point"},"id":"land:8728d1008ffffff:184:235","properties":{"kind":"raster_water_pixel_center","pixel_area_m2":10000.0,"source_type":"land","target_h3":"8728d1008ffffff"},"type":"Feature"},{"geometry":{"coordinates":[-122.96139799116746,48.528551841359516],"type":"Point"},"id":"land:8728d1008ffffff:184:236","properties":{"kind":"raster_water_pixel_center","pixel_area_m2":10000.0,"source_type":"land","target_h3":"8728d1008ffffff"},"type":"Feature"},{"geometry":{"coordinates":[-122.96004353505451,48.52855137923975],"type":"Point"},"id":"land:8728d1008ffffff:184:237","properties":{"kind":"raster_water_pixel_center","pixel_area_m2":10000.0,"source_type":"land","target_h3":"8728d1008ffffff"},"type":"Feature"},{"geometry":{"coordinates":[-122.95868907897648,48.52855090118484],"type":"Point"},"id":"land:8728d1008ffffff:184:238","properties":{"kind":"raster_water_pixel_center","pixel_area_m2":10000.0,"source_type":"land","target_h3":"8728d1008ffffff"},"type":"Feature"},{"geometry":{"coordinates":[-122.95733462293448,48.528550407194786],"type":"Point"},"id":"land:8728d1008ffffff:184:239","properties":{"kind":"raster_water_pixel_center","pixel_area_m2":10000.0,"source_type":"land","target_h3":"8728d1008ffffff"},"type":"Feature"},{"geometry":{"coordinates":[-122.95598016692975,48.52854989726956],"type":"Point"},"id":"land:8728d1008ffffff:184:240","properties":{"kind":"raster_water_pixel_center","pixel_area_m2":10000.0,"source_type":"land","target_h3":"8728d1008ffffff"},"type":"Feature"},{"geometry":{"coordinates":[-122.95462571096348,48.5285493714092],"type":"Point"},"id":"land:8728d1008ffffff:184:241","properties":{"kind":"raster_water_pixel_center","pixel_area_m2":10000.0,"source_type":"land","target_h3":"8728d1008ffffff"},"type":"Feature"},{"geometry":{"coordinates":[-122.95327125503681,48.52854882961368],"type":"Point"},"id":"land:8728d1008ffffff:184:242","properties":{"kind":"raster_water_pixel_center","pixel_area_m2":10000.0,"source_type":"land","target_h3":"8728d1008ffffff"},"type":"Feature"},{"geometry":{"coordinates":[-122.95191679915098,48.52854827188303],"type":"Point"},"id":"land:8728d1008ffffff:184:243","properties":{"kind":"raster_water_pixel_center","pixel_area_m2":10000.0,"source_type":"land","target_h3":"8728d1008ffffff"},"type":"Feature"},{"geometry":{"coordinates":[-122.95056234330713,48.52854769821721],"type":"Point"},"id":"land:8728d1008ffffff:184:244","properties":{"kind":"raster_water_pixel_center","pixel_area_m2":10000.0,"source_type":"land","target_h3":"8728d1008ffffff"},"type":"Feature"},{"geometry":{"coordinates":[-122.94920788750646,48.52854710861626],"type":"Point"},"id":"land:8728d1008ffffff:184:245","properties":{"kind":"raster_water_pixel_center","pixel_area_m2":10000.0,"source_type":"land","target_h3":"8728d1008ffffff"},"type":"Feature"},{"geometry":{"coordinates":[-122.94785343175015,48.52854650308016],"type":"Point"},"id":"land:8728d1008ffffff:184:246","properties":{"kind":"raster_water_pixel_center","pixel_area_m2":10000.0,"source_type":"land","target_h3":"8728d1008ffffff"},"type":"Feature"},{"geometry":{"coordinates":[-122.94649897603934,48.528545881608906],"type":"Point"},"id":"land:8728d1008ffffff:184:247","properties":{"kind":"raster_water_pixel_center","pixel_area_m2":10000.0,"source_type":"land","target_h3":"8728d1008ffffff"},"type":"Feature"},{"geometry":{"coordinates":[-122.94514452037528,48.52854524420253],"type":"Point"},"id":"land:8728d1008ffffff:184:248","properties":{"kind":"raster_water_pixel_center","pixel_area_m2":10000.0,"source_type":"land","target_h3":"8728d1008ffffff"},"type":"Feature"},{"geometry":{"coordinates":[-122.94379006475913,48.52854459086099],"type":"Point"},"id":"land:8728d1008ffffff:184:249","properties":{"kind":"raster_water_pixel_center","pixel_area_m2":10000.0,"source_type":"land","target_h3":"8728d1008ffffff"},"type":"Feature"},{"geometry":{"coordinates":[-122.94243560919206,48.52854392158432],"type":"Point"},"id":"land:8728d1008ffffff:184:250","properties":{"kind":"raster_water_pixel_center","pixel_area_m2":10000.0,"source_type":"land","target_h3":"8728d1008ffffff"},"type":"Feature"},{"geometry":{"coordinates":[-122.96275310706041,48.527652652040494],"type":"Point"},"id":"land:8728d1008ffffff:185:235","properties":{"kind":"raster_water_pixel_center","pixel_area_m2":10000.0,"source_type":"land","target_h3":"8728d1008ffffff"},"type":"Feature"},{"geometry":{"coordinates":[-122.96139867490449,48.52765220586992],"type":"Point"},"id":"land:8728d1008ffffff:185:236","properties":{"kind":"raster_water_pixel_center","pixel_area_m2":10000.0,"source_type":"land","target_h3":"8728d1008ffffff"},"type":"Feature"},{"geometry":{"coordinates":[-122.96004424278227,48.527651743764686],"type":"Point"},"id":"land:8728d1008ffffff:185:237","properties":{"kind":"raster_water_pixel_center","pixel_area_m2":10000.0,"source_type":"land","target_h3":"8728d1008ffffff"},"type":"Feature"},{"geometry":{"coordinates":[-122.95868981069498,48.527651265724806],"type":"Point"},"id":"land:8728d1008ffffff:185:238","properties":{"kind":"raster_water_pixel_center","pixel_area_m2":10000.0,"source_type":"land","target_h3":"8728d1008ffffff"},"type":"Feature"},{"geometry":{"coordinates":[-122.95733537864375,48.52765077175027],"type":"Point"},"id":"land:8728d1008ffffff:185:239","properties":{"kind":"raster_water_pixel_center","pixel_area_m2":10000.0,"source_type":"land","target_h3":"8728d1008ffffff"},"type":"Feature"},{"geometry":{"coordinates":[-122.95598094662978,48.52765026184108],"type":"Point"},"id":"land:8728d1008ffffff:185:240","properties":{"kind":"raster_water_pixel_center","pixel_area_m2":10000.0,"source_type":"land","target_h3":"8728d1008ffffff"},"type":"Feature"},{"geometry":{"coordinates":[-122.95462651465424,48.52764973599725],"type":"Point"},"id":"land:8728d1008ffffff:185:241","properties":{"kind":"raster_water_pixel_center","pixel_area_m2":10000.0,"source_type":"land","target_h3":"8728d1008ffffff"},"type":"Feature"},{"geometry":{"coordinates":[-122.95327208271831,48.52764919421876],"type":"Point"},"id":"land:8728d1008ffffff:185:242","properties":{"kind":"raster_water_pixel_center","pixel_area_m2":10000.0,"source_type":"land","target_h3":"8728d1008ffffff"},"type":"Feature"},{"geometry":{"coordinates":[-122.95191765082322,48.527648636505624],"type":"Point"},"id":"land:8728d1008ffffff:185:243","properties":{"kind":"raster_water_pixel_center","pixel_area_m2":10000.0,"source_type":"land","target_h3":"8728d1008ffffff"},"type":"Feature"},{"geometry":{"coordinates":[-122.95056321897009,48.52764806285785],"type":"Point"},"id":"land:8728d1008ffffff:185:244","properties":{"kind":"raster_water_pixel_center","pixel_area_m2":10000.0,"source_type":"land","target_h3":"8728d1008ffffff"},"type":"Feature"},{"geometry":{"coordinates":[-122.94920878716015,48.52764747327542],"type":"Point"},"id":"land:8728d1008ffffff:185:245","properties":{"kind":"raster_water_pixel_center","pixel_area_m2":10000.0,"source_type":"land","target_h3":"8728d1008ffffff"},"type":"Feature"},{"geometry":{"coordinates":[-122.94785435539454,48.527646867758364],"type":"Point"},"id":"land:8728d1008ffffff:185:246","properties":{"kind":"raster_water_pixel_center","pixel_area_m2":10000.0,"source_type":"land","target_h3":"8728d1008ffffff"},"type":"Feature"},{"geometry":{"coordinates":[-122.9464999236745,48.52764624630665],"type":"Point"},"id":"land:8728d1008ffffff:185:247","properties":{"kind":"raster_water_pixel_center","pixel_area_m2":10000.0,"source_type":"land","target_h3":"8728d1008ffffff"},"type":"Feature"},{"geometry":{"coordinates":[-122.94514549200117,48.5276456089203],"type":"Point"},"id":"land:8728d1008ffffff:185:248","properties":{"kind":"raster_water_pixel_center","pixel_area_m2":10000.0,"source_type":"land","target_h3":"8728d1008ffffff"},"type":"Feature"},{"geometry":{"coordinates":[-122.94379106037572,48.52764495559931],"type":"Point"},"id":"land:8728d1008ffffff:185:249","properties":{"kind":"raster_water_pixel_center","pixel_area_m2":10000.0,"source_type":"land","target_h3":"8728d1008ffffff"},"type":"Feature"},{"geometry":{"coordinates":[-122.94243662879937,48.52764428634367],"type":"Point"},"id":"land:8728d1008ffffff:185:250","properties":{"kind":"raster_water_pixel_center","pixel_area_m2":10000.0,"source_type":"land","target_h3":"8728d1008ffffff"},"type":"Feature"},{"geometry":{"coordinates":[-122.96139935860779,48.52675257023902],"type":"Point"},"id":"land:8728d1008ffffff:186:236","properties":{"kind":"raster_water_pixel_center","pixel_area_m2":10000.0,"source_type":"land","target_h3":"8728d1008ffffff"},"type":"Feature"},{"geometry":{"coordinates":[-122.96004495047517,48.52675210814832],"type":"Point"},"id":"land:8728d1008ffffff:186:237","properties":{"kind":"raster_water_pixel_center","pixel_area_m2":10000.0,"source_type":"land","target_h3":"8728d1008ffffff"},"type":"Feature"},{"geometry":{"coordinates":[-122.95869054237741,48.52675163012345],"type":"Point"},"id":"land:8728d1008ffffff:186:238","properties":{"kind":"raster_water_pixel_center","pixel_area_m2":10000.0,"source_type":"land","target_h3":"8728d1008ffffff"},"type":"Feature"},{"geometry":{"coordinates":[-122.95733613431575,48.52675113616445],"type":"Point"},"id":"land:8728d1008ffffff:186:239","properties":{"kind":"raster_water_pixel_center","pixel_area_m2":10000.0,"source_type":"land","target_h3":"8728d1008ffffff"},"type":"Feature"},{"geometry":{"coordinates":[-122.95598172629134,48.52675062627129],"type":"Point"},"id":"land:8728d1008ffffff:186:240","properties":{"kind":"raster_water_pixel_center","pixel_area_m2":10000.0,"source_type":"land","target_h3":"8728d1008ffffff"},"type":"Feature"},{"geometry":{"coordinates":[-122.95462731830537,48.52675010044398],"type":"Point"},"id":"land:8728d1008ffffff:186:241","properties":{"kind":"raster_water_pixel_center","pixel_area_m2":10000.0,"source_type":"land","target_h3":"8728d1008ffffff"},"type":"Feature"},{"geometry":{"coordinates":[-122.95327291035899,48.52674955868253],"type":"Point"},"id":"land:8728d1008ffffff:186:242","properties":{"kind":"raster_water_pixel_center","pixel_area_m2":10000.0,"source_type":"land","target_h3":"8728d1008ffffff"},"type":"Feature"},{"geometry":{"coordinates":[-122.95191850245345,48.526749000986925],"type":"Point"},"id":"land:8728d1008ffffff:186:243","properties":{"kind":"raster_water_pixel_center","pixel_area_m2":10000.0,"source_type":"land","target_h3":"8728d1008ffffff"},"type":"Feature"},{"geometry":{"coordinates":[-122.95056409458988,48.52674842735717],"type":"Point"},"id":"land:8728d1008ffffff:186:244","properties":{"kind":"raster_water_pixel_center","pixel_area_m2":10000.0,"source_type":"land","target_h3":"8728d1008ffffff"},"type":"Feature"},{"geometry":{"coordinates":[-122.9492096867695,48.52674783779327],"type":"Point"},"id":"land:8728d1008ffffff:186:245","properties":{"kind":"raster_water_pixel_center","pixel_area_m2":10000.0,"source_type":"land","target_h3":"8728d1008ffffff"},"type":"Feature"},{"geometry":{"coordinates":[-122.94785527899344,48.52674723229525],"type":"Point"},"id":"land:8728d1008ffffff:186:246","properties":{"kind":"raster_water_pixel_center","pixel_area_m2":10000.0,"source_type":"land","target_h3":"8728d1008ffffff"},"type":"Feature"},{"geometry":{"coordinates":[-122.94650087126291,48.52674661086307],"type":"Point"},"id":"land:8728d1008ffffff:186:247","properties":{"kind":"raster_water_pixel_center","pixel_area_m2":10000.0,"source_type":"land","target_h3":"8728d1008ffffff"},"type":"Feature"},{"geometry":{"coordinates":[-122.96004565813315,48.525852472390625],"type":"Point"},"id":"land:8728d1008ffffff:187:237","properties":{"kind":"raster_water_pixel_center","pixel_area_m2":10000.0,"source_type":"land","target_h3":"8728d1008ffffff"},"type":"Feature"},{"geometry":{"coordinates":[-122.95869127402379,48.525851994380794],"type":"Point"},"id":"land:8728d1008ffffff:187:238","properties":{"kind":"raster_water_pixel_center","pixel_area_m2":10000.0,"source_type":"land","target_h3":"8728d1008ffffff"},"type":"Feature"},{"geometry":{"coordinates":[-122.95733688995051,48.52585150043731],"type":"Point"},"id":"land:8728d1008ffffff:187:239","properties":{"kind":"raster_water_pixel_center","pixel_area_m2":10000.0,"source_type":"land","target_h3":"8728d1008ffffff"},"type":"Feature"},{"geometry":{"coordinates":[-122.95598250591448,48.52585099056018],"type":"Point"},"id":"land:8728d1008ffffff:187:240","properties":{"kind":"raster_water_pixel_center","pixel_area_m2":10000.0,"source_type":"land","target_h3":"8728d1008ffffff"},"type":"Feature"},{"geometry":{"coordinates":[-122.95234348018505,48.536087805295715],"type":"Point"},"id":"water:8728d1008ffffff:0","properties":{"kind":"opaque_land_mask_target_sample","source_type":"water","target_h3":"8728d1008ffffff"},"type":"Feature"},{"geometry":{"coordinates":[-122.96948998617525,48.53382507239401],"type":"Point"},"id":"water:8728d1008ffffff:1","properties":{"kind":"opaque_land_mask_target_sample","source_type":"water","target_h3":"8728d1008ffffff"},"type":"Feature"},{"geometry":{"coordinates":[-122.93519574952855,48.538346665930746],"type":"Point"},"id":"water:8728d1008ffffff:2","properties":{"kind":"opaque_land_mask_target_sample","source_type":"water","target_h3":"8728d1008ffffff"},"type":"Feature"},{"geometry":{"coordinates":[-122.98441629499808,48.55284736872291],"type":"Point"},"id":"land:8728d1009ffffff:157:219","properties":{"kind":"raster_water_pixel_center","pixel_area_m2":10000.0,"source_type":"land","target_h3":"8728d1009ffffff"},"type":"Feature"},{"geometry":{"coordinates":[-122.98306119027457,48.55284717733852],"type":"Point"},"id":"land:8728d1009ffffff:157:220","properties":{"kind":"raster_water_pixel_center","pixel_area_m2":10000.0,"source_type":"land","target_h3":"8728d1009ffffff"},"type":"Feature"},{"geometry":{"coordinates":[-122.98170608556583,48.55284697000545],"type":"Point"},"id":"land:8728d1009ffffff:157:221","properties":{"kind":"raster_water_pixel_center","pixel_area_m2":10000.0,"source_type":"land","target_h3":"8728d1009ffffff"},"type":"Feature"},{"geometry":{"coordinates":[-122.98035098087311,48.552846746723674],"type":"Point"},"id":"land:8728d1009ffffff:157:222","properties":{"kind":"raster_water_pixel_center","pixel_area_m2":10000.0,"source_type":"land","target_h3":"8728d1009ffffff"},"type":"Feature"},{"geometry":{"coordinates":[-122.97899587619757,48.55284650749319],"type":"Point"},"id":"land:8728d1009ffffff:157:223","properties":{"kind":"raster_water_pixel_center","pixel_area_m2":10000.0,"source_type":"land","target_h3":"8728d1009ffffff"},"type":"Feature"},{"geometry":{"coordinates":[-122.9776407715404,48.55284625231402],"type":"Point"},"id":"land:8728d1009ffffff:157:224","properties":{"kind":"raster_water_pixel_center","pixel_area_m2":10000.0,"source_type":"land","target_h3":"8728d1009ffffff"},"type":"Feature"},{"geometry":{"coordinates":[-122.97628566690278,48.55284598118616],"type":"Point"},"id":"land:8728d1009ffffff:157:225","properties":{"kind":"raster_water_pixel_center","pixel_area_m2":10000.0,"source_type":"land","target_h3":"8728d1009ffffff"},"type":"Feature"},{"geometry":{"coordinates":[-122.97493056228588,48.5528456941096],"type":"Point"},"id":"land:8728d1009ffffff:157:226","properties":{"kind":"raster_water_pixel_center","pixel_area_m2":10000.0,"source_type":"land","target_h3":"8728d1009ffffff"},"type":"Feature"},{"geometry":{"coordinates":[-122.9735754576909,48.55284539108436],"type":"Point"},"id":"land:8728d1009ffffff:157:227","properties":{"kind":"raster_water_pixel_center","pixel_area_m2":10000.0,"source_type":"land","target_h3":"8728d1009ffffff"},"type":"Feature"},{"geometry":{"coordinates":[-122.98983689418722,48.55194834290947],"type":"Point"},"id":"land:8728d1009ffffff:158:215","properties":{"kind":"raster_water_pixel_center","pixel_area_m2":10000.0,"source_type":"land","target_h3":"8728d1009ffffff"},"type":"Feature"},{"geometry":{"coordinates":[-122.98848181343902,48.55194821532389],"type":"Point"},"id":"land:8728d1009ffffff:158:216","properties":{"kind":"raster_water_pixel_center","pixel_area_m2":10000.0,"source_type":"land","target_h3":"8728d1009ffffff"},"type":"Feature"},{"geometry":{"coordinates":[-122.98712673270094,48.551948071790115],"type":"Point"},"id":"land:8728d1009ffffff:158:217","properties":{"kind":"raster_water_pixel_center","pixel_area_m2":10000.0,"source_type":"land","target_h3":"8728d1009ffffff"},"type":"Feature"},{"geometry":{"coordinates":[-122.98577165197408,48.55194791230812],"type":"Point"},"id":"land:8728d1009ffffff:158:218","properties":{"kind":"raster_water_pixel_center","pixel_area_m2":10000.0,"source_type":"land","target_h3":"8728d1009ffffff"},"type":"Feature"},{"geometry":{"coordinates":[-122.98441657125964,48.55194773687796],"type":"Point"},"id":"land:8728d1009ffffff:158:219","properties":{"kind":"raster_water_pixel_center","pixel_area_m2":10000.0,"source_type":"land","target_h3":"8728d1009ffffff"},"type":"Feature"},{"geometry":{"coordinates":[-122.98306149055885,48.55194754549959],"type":"Point"},"id":"land:8728d1009ffffff:158:220","properties":{"kind":"raster_water_pixel_center","pixel_area_m2":10000.0,"source_type":"land","target_h3":"8728d1009ffffff"},"type":"Feature"},{"geometry":{"coordinates":[-122.98170640987287,48.551947338173036],"type":"Point"},"id":"land:8728d1009ffffff:158:221","properties":{"kind":"raster_water_pixel_center","pixel_area_m2":10000.0,"source_type":"land","target_h3":"8728d1009ffffff"},"type":"Feature"},{"geometry":{"coordinates":[-122.9803513292029,48.551947114898276],"type":"Point"},"id":"land:8728d1009ffffff:158:222","properties":{"kind":"raster_water_pixel_center","pixel_area_m2":10000.0,"source_type":"land","target_h3":"8728d1009ffffff"},"type":"Feature"},{"geometry":{"coordinates":[-122.9789962485501,48.55194687567531],"type":"Point"},"id":"land:8728d1009ffffff:158:223","properties":{"kind":"raster_water_pixel_center","pixel_area_m2":10000.0,"source_type":"land","target_h3":"8728d1009ffffff"},"type":"Feature"},{"geometry":{"coordinates":[-122.97764116791565,48.55194662050417],"type":"Point"},"id":"land:8728d1009ffffff:158:224","properties":{"kind":"raster_water_pixel_center","pixel_area_m2":10000.0,"source_type":"land","target_h3":"8728d1009ffffff"},"type":"Feature"},{"geometry":{"coordinates":[-122.97628608730076,48.55194634938483],"type":"Point"},"id":"land:8728d1009ffffff:158:225","properties":{"kind":"raster_water_pixel_center","pixel_area_m2":10000.0,"source_type":"land","target_h3":"8728d1009ffffff"},"type":"Feature"},{"geometry":{"coordinates":[-122.97493100670661,48.55194606231729],"type":"Point"},"id":"land:8728d1009ffffff:158:226","properties":{"kind":"raster_water_pixel_center","pixel_area_m2":10000.0,"source_type":"land","target_h3":"8728d1009ffffff"},"type":"Feature"},{"geometry":{"coordinates":[-122.97357592613437,48.55194575930157],"type":"Point"},"id":"land:8728d1009ffffff:158:227","properties":{"kind":"raster_water_pixel_center","pixel_area_m2":10000.0,"source_type":"land","target_h3":"8728d1009ffffff"},"type":"Feature"},{"geometry":{"coordinates":[-122.97222084558523,48.55194544033766],"type":"Point"},"id":"land:8728d1009ffffff:158:228","properties":{"kind":"raster_water_pixel_center","pixel_area_m2":10000.0,"source_type":"land","target_h3":"8728d1009ffffff"},"type":"Feature"},{"geometry":{"coordinates":[-122.9708657650604,48.551945105425546],"type":"Point"},"id":"land:8728d1009ffffff:158:229","properties":{"kind":"raster_water_pixel_center","pixel_area_m2":10000.0,"source_type":"land","target_h3":"8728d1009ffffff"},"type":"Feature"},{"geometry":{"coordinates":[-122.99119213108443,48.551048822538064],"type":"Point"},"id":"land:8728d1009ffffff:159:214","properties":{"kind":"raster_water_pixel_center","pixel_area_m2":10000.0,"source_type":"land","target_h3":"8728d1009ffffff"},"type":"Feature"},{"geometry":{"coordinates":[-122.98983707434893,48.55104871090418],"type":"Point"},"id":"land:8728d1009ffffff:159:215","properties":{"kind":"raster_water_pixel_center","pixel_area_m2":10000.0,"source_type":"land","target_h3":"8728d1009ffffff"},"type":"Feature"},{"geometry":{"coordinates":[-122.98848201762229,48.551048583322626],"type":"Point"},"id":"land:8728d1009ffffff:159:216","properties":{"kind":"raster_water_pixel_center","pixel_area_m2":10000.0,"source_type":"land","target_h3":"8728d1009ffffff"},"type":"Feature"},{"geometry":{"coordinates":[-122.98712696090574,48.551048439793355],"type":"Point"},"id":"land:8728d1009ffffff:159:217","properties":{"kind":"raster_water_pixel_center","pixel_area_m2":10000.0,"source_type":"land","target_h3":"8728d1009ffffff"},"type":"Feature"},{"geometry":{"coordinates":[-122.98577190420045,48.551048280316394],"type":"Point"},"id":"land:8728d1009ffffff:159:218","properties":{"kind":"raster_water_pixel_center","pixel_area_m2":10000.0,"source_type":"land","target_h3":"8728d1009ffffff"},"type":"Feature"},{"geometry":{"coordinates":[-122.98441684750759,48.551048104891734],"type":"Point"},"id":"land:8728d1009ffffff:159:219","properties":{"kind":"raster_water_pixel_center","pixel_area_m2":10000.0,"source_type":"land","target_h3":"8728d1009ffffff"},"type":"Feature"},{"geometry":{"coordinates":[-122.98306179082836,48.55104791351938],"type":"Point"},"id":"land:8728d1009ffffff:159:220","properties":{"kind":"raster_water_pixel_center","pixel_area_m2":10000.0,"source_type":"land","target_h3":"8728d1009ffffff"},"type":"Feature"},{"geometry":{"coordinates":[-122.98170673416394,48.551047706199334],"type":"Point"},"id":"land:8728d1009ffffff:159:221","properties":{"kind":"raster_water_pixel_center","pixel_area_m2":10000.0,"source_type":"land","target_h3":"8728d1009ffffff"},"type":"Feature"},{"geometry":{"coordinates":[-122.9803516775155,48.55104748293159],"type":"Point"},"id":"land:8728d1009ffffff:159:222","properties":{"kind":"raster_water_pixel_center","pixel_area_m2":10000.0,"source_type":"land","target_h3":"8728d1009ffffff"},"type":"Feature"},{"geometry":{"coordinates":[-122.97899662088426,48.55104724371616],"type":"Point"},"id":"land:8728d1009ffffff:159:223","properties":{"kind":"raster_water_pixel_center","pixel_area_m2":10000.0,"source_type":"land","target_h3":"8728d1009ffffff"},"type":"Feature"},{"geometry":{"coordinates":[-122.97764156427137,48.55104698855304],"type":"Point"},"id":"land:8728d1009ffffff:159:224","properties":{"kind":"raster_water_pixel_center","pixel_area_m2":10000.0,"source_type":"land","target_h3":"8728d1009ffffff"},"type":"Feature"},{"geometry":{"coordinates":[-122.97628650767801,48.55104671744222],"type":"Point"},"id":"land:8728d1009ffffff:159:225","properties":{"kind":"raster_water_pixel_center","pixel_area_m2":10000.0,"source_type":"land","target_h3":"8728d1009ffffff"},"type":"Feature"},{"geometry":{"coordinates":[-122.97493145110542,48.55104643038371],"type":"Point"},"id":"land:8728d1009ffffff:159:226","properties":{"kind":"raster_water_pixel_center","pixel_area_m2":10000.0,"source_type":"land","target_h3":"8728d1009ffffff"},"type":"Feature"},{"geometry":{"coordinates":[-122.97357639455471,48.55104612737751],"type":"Point"},"id":"land:8728d1009ffffff:159:227","properties":{"kind":"raster_water_pixel_center","pixel_area_m2":10000.0,"source_type":"land","target_h3":"8728d1009ffffff"},"type":"Feature"},{"geometry":{"coordinates":[-122.97222133802713,48.55104580842361],"type":"Point"},"id":"land:8728d1009ffffff:159:228","properties":{"kind":"raster_water_pixel_center","pixel_area_m2":10000.0,"source_type":"land","target_h3":"8728d1009ffffff"},"type":"Feature"},{"geometry":{"coordinates":[-122.97086628152383,48.551045473522045],"type":"Point"},"id":"land:8728d1009ffffff:159:229","properties":{"kind":"raster_water_pixel_center","pixel_area_m2":10000.0,"source_type":"land","target_h3":"8728d1009ffffff"},"type":"Feature"},{"geometry":{"coordinates":[-122.96951122504598,48.55104512267277],"type":"Point"},"id":"land:8728d1009ffffff:159:230","properties":{"kind":"raster_water_pixel_center","pixel_area_m2":10000.0,"source_type":"land","target_h3":"8728d1009ffffff"},"type":"Feature"},{"geometry":{"coordinates":[-122.99119228721688,48.550149190387984],"type":"Point"},"id":"land:8728d1009ffffff:160:214","properties":{"kind":"raster_water_pixel_center","pixel_area_m2":10000.0,"source_type":"land","target_h3":"8728d1009ffffff"},"type":"Feature"},{"geometry":{"coordinates":[-122.98983725450175,48.55014907875762],"type":"Point"},"id":"land:8728d1009ffffff:160:215","properties":{"kind":"raster_water_pixel_center","pixel_area_m2":10000.0,"source_type":"land","target_h3":"8728d1009ffffff"},"type":"Feature"},{"geometry":{"coordinates":[-122.98848222179551,48.550148951180056],"type":"Point"},"id":"land:8728d1009ffffff:160:216","properties":{"kind":"raster_water_pixel_center","pixel_area_m2":10000.0,"source_type":"land","target_h3":"8728d1009ffffff"},"type":"Feature"},{"geometry":{"coordinates":[-122.98712718909931,48.55014880765531],"type":"Point"},"id":"land:8728d1009ffffff:160:217","properties":{"kind":"raster_water_pixel_center","pixel_area_m2":10000.0,"source_type":"land","target_h3":"8728d1009ffffff"},"type":"Feature"},{"geometry":{"coordinates":[-122.9857721564144,48.55014864818335],"type":"Point"},"id":"land:8728d1009ffffff:160:218","properties":{"kind":"raster_water_pixel_center","pixel_area_m2":10000.0,"source_type":"land","target_h3":"8728d1009ffffff"},"type":"Feature"},{"geometry":{"coordinates":[-122.98441712374192,48.550148472764214],"type":"Point"},"id":"land:8728d1009ffffff:160:219","properties":{"kind":"raster_water_pixel_center","pixel_area_m2":10000.0,"source_type":"land","target_h3":"8728d1009ffffff"},"type":"Feature"},{"geometry":{"coordinates":[-122.98306209108306,48.55014828139789],"type":"Point"},"id":"land:8728d1009ffffff:160:220","properties":{"kind":"raster_water_pixel_center","pixel_area_m2":10000.0,"source_type":"land","target_h3":"8728d1009ffffff"},"type":"Feature"},{"geometry":{"coordinates":[-122.981707058439,48.55014807408434],"type":"Point"},"id":"land:8728d1009ffffff:160:221","properties":{"kind":"raster_water_pixel_center","pixel_area_m2":10000.0,"source_type":"land","target_h3":"8728d1009ffffff"},"type":"Feature"},{"geometry":{"coordinates":[-122.98035202581092,48.55014785082363],"type":"Point"},"id":"land:8728d1009ffffff:160:222","properties":{"kind":"raster_water_pixel_center","pixel_area_m2":10000.0,"source_type":"land","target_h3":"8728d1009ffffff"},"type":"Feature"},{"geometry":{"coordinates":[-122.97899699320004,48.55014761161572],"type":"Point"},"id":"land:8728d1009ffffff:160:223","properties":{"kind":"raster_water_pixel_center","pixel_area_m2":10000.0,"source_type":"land","target_h3":"8728d1009ffffff"},"type":"Feature"},{"geometry":{"coordinates":[-122.9776419606075,48.55014735646061],"type":"Point"},"id":"land:8728d1009ffffff:160:224","properties":{"kind":"raster_water_pixel_center","pixel_area_m2":10000.0,"source_type":"land","target_h3":"8728d1009ffffff"},"type":"Feature"},{"geometry":{"coordinates":[-122.97628692803454,48.55014708535832],"type":"Point"},"id":"land:8728d1009ffffff:160:225","properties":{"kind":"raster_water_pixel_center","pixel_area_m2":10000.0,"source_type":"land","target_h3":"8728d1009ffffff"},"type":"Feature"},{"geometry":{"coordinates":[-122.97493189548229,48.55014679830883],"type":"Point"},"id":"land:8728d1009ffffff:160:226","properties":{"kind":"raster_water_pixel_center","pixel_area_m2":10000.0,"source_type":"land","target_h3":"8728d1009ffffff"},"type":"Feature"},{"geometry":{"coordinates":[-122.97357686295197,48.550146495312156],"type":"Point"},"id":"land:8728d1009ffffff:160:227","properties":{"kind":"raster_water_pixel_center","pixel_area_m2":10000.0,"source_type":"land","target_h3":"8728d1009ffffff"},"type":"Feature"},{"geometry":{"coordinates":[-122.97222183044472,48.55014617636829],"type":"Point"},"id":"land:8728d1009ffffff:160:228","properties":{"kind":"raster_water_pixel_center","pixel_area_m2":10000.0,"source_type":"land","target_h3":"8728d1009ffffff"},"type":"Feature"},{"geometry":{"coordinates":[-122.97086679796178,48.550145841477246],"type":"Point"},"id":"land:8728d1009ffffff:160:229","properties":{"kind":"raster_water_pixel_center","pixel_area_m2":10000.0,"source_type":"land","target_h3":"8728d1009ffffff"},"type":"Feature"},{"geometry":{"coordinates":[-122.96951176550431,48.550145490639004],"type":"Point"},"id":"land:8728d1009ffffff:160:230","properties":{"kind":"raster_water_pixel_center","pixel_area_m2":10000.0,"source_type":"land","target_h3":"8728d1009ffffff"},"type":"Feature"},{"geometry":{"coordinates":[-122.9681567330735,48.550145123853575],"type":"Point"},"id":"land:8728d1009ffffff:160:231","properties":{"kind":"raster_water_pixel_center","pixel_area_m2":10000.0,"source_type":"land","target_h3":"8728d1009ffffff"},"type":"Feature"},{"geometry":{"coordinates":[-122.99254745204527,48.54924965377678],"type":"Point"},"id":"land:8728d1009ffffff:161:213","properties":{"kind":"raster_water_pixel_center","pixel_area_m2":10000.0,"source_type":"land","target_h3":"8728d1009ffffff"},"type":"Feature"},{"geometry":{"coordinates":[-122.99119244334163,48.549249558096626],"type":"Point"},"id":"land:8728d1009ffffff:161:214","properties":{"kind":"raster_water_pixel_center","pixel_area_m2":10000.0,"source_type":"land","target_h3":"8728d1009ffffff"},"type":"Feature"},{"geometry":{"coordinates":[-122.98983743464566,48.549249446469766],"type":"Point"},"id":"land:8728d1009ffffff:161:215","properties":{"kind":"raster_water_pixel_center","pixel_area_m2":10000.0,"source_type":"land","target_h3":"8728d1009ffffff"},"type":"Feature"},{"geometry":{"coordinates":[-122.98848242595862,48.549249318896216],"type":"Point"},"id":"land:8728d1009ffffff:161:216","properties":{"kind":"raster_water_pixel_center","pixel_area_m2":10000.0,"source_type":"land","target_h3":"8728d1009ffffff"},"type":"Feature"},{"geometry":{"coordinates":[-122.98712741728163,48.54924917537598],"type":"Point"},"id":"land:8728d1009ffffff:161:217","properties":{"kind":"raster_water_pixel_center","pixel_area_m2":10000.0,"source_type":"land","target_h3":"8728d1009ffffff"},"type":"Feature"},{"geometry":{"coordinates":[-122.98577240861589,48.549249015909034],"type":"Point"},"id":"land:8728d1009ffffff:161:218","properties":{"kind":"raster_water_pixel_center","pixel_area_m2":10000.0,"source_type":"land","target_h3":"8728d1009ffffff"},"type":"Feature"},{"geometry":{"coordinates":[-122.98441739996258,48.549248840495416],"type":"Point"},"id":"land:8728d1009ffffff:161:219","properties":{"kind":"raster_water_pixel_center","pixel_area_m2":10000.0,"source_type":"land","target_h3":"8728d1009ffffff"},"type":"Feature"},{"geometry":{"coordinates":[-122.9830623913229,48.54924864913509],"type":"Point"},"id":"land:8728d1009ffffff:161:220","properties":{"kind":"raster_water_pixel_center","pixel_area_m2":10000.0,"source_type":"land","target_h3":"8728d1009ffffff"},"type":"Feature"},{"geometry":{"coordinates":[-122.98170738269805,48.549248441828084],"type":"Point"},"id":"land:8728d1009ffffff:161:221","properties":{"kind":"raster_water_pixel_center","pixel_area_m2":10000.0,"source_type":"land","target_h3":"8728d1009ffffff"},"type":"Feature"},{"geometry":{"coordinates":[-122.98035237408916,48.54924821857438],"type":"Point"},"id":"land:8728d1009ffffff:161:222","properties":{"kind":"raster_water_pixel_center","pixel_area_m2":10000.0,"source_type":"land","target_h3":"8728d1009ffffff"},"type":"Feature"},{"geometry":{"coordinates":[-122.97899736549748,48.54924797937399],"type":"Point"},"id":"land:8728d1009ffffff:161:223","properties":{"kind":"raster_water_pixel_center","pixel_area_m2":10000.0,"source_type":"land","target_h3":"8728d1009ffffff"},"type":"Feature"},{"geometry":{"coordinates":[-122.97764235692414,48.549247724226895],"type":"Point"},"id":"land:8728d1009ffffff:161:224","properties":{"kind":"raster_water_pixel_center","pixel_area_m2":10000.0,"source_type":"land","target_h3":"8728d1009ffffff"},"type":"Feature"},{"geometry":{"coordinates":[-122.97628734837033,48.54924745313313],"type":"Point"},"id":"land:8728d1009ffffff:161:225","properties":{"kind":"raster_water_pixel_center","pixel_area_m2":10000.0,"source_type":"land","target_h3":"8728d1009ffffff"},"type":"Feature"},{"geometry":{"coordinates":[-122.97493233983728,48.54924716609266],"type":"Point"},"id":"land:8728d1009ffffff:161:226","properties":{"kind":"raster_water_pixel_center","pixel_area_m2":10000.0,"source_type":"land","target_h3":"8728d1009ffffff"},"type":"Feature"},{"geometry":{"coordinates":[-122.97357733132613,48.549246863105516],"type":"Point"},"id":"land:8728d1009ffffff:161:227","properties":{"kind":"raster_water_pixel_center","pixel_area_m2":10000.0,"source_type":"land","target_h3":"8728d1009ffffff"},"type":"Feature"},{"geometry":{"coordinates":[-122.97222232283808,48.54924654417167],"type":"Point"},"id":"land:8728d1009ffffff:161:228","properties":{"kind":"raster_water_pixel_center","pixel_area_m2":10000.0,"source_type":"land","target_h3":"8728d1009ffffff"},"type":"Feature"},{"geometry":{"coordinates":[-122.9708673143743,48.549246209291155],"type":"Point"},"id":"land:8728d1009ffffff:161:229","properties":{"kind":"raster_water_pixel_center","pixel_area_m2":10000.0,"source_type":"land","target_h3":"8728d1009ffffff"},"type":"Feature"},{"geometry":{"coordinates":[-122.969512305936,48.54924585846394],"type":"Point"},"id":"land:8728d1009ffffff:161:230","properties":{"kind":"raster_water_pixel_center","pixel_area_m2":10000.0,"source_type":"land","target_h3":"8728d1009ffffff"},"type":"Feature"},{"geometry":{"coordinates":[-122.96815729752436,48.54924549169004],"type":"Point"},"id":"land:8728d1009ffffff:161:231","properties":{"kind":"raster_water_pixel_center","pixel_area_m2":10000.0,"source_type":"land","target_h3":"8728d1009ffffff"},"type":"Feature"},{"geometry":{"coordinates":[-122.99254758414432,48.54835002134113],"type":"Point"},"id":"land:8728d1009ffffff:162:213","properties":{"kind":"raster_water_pixel_center","pixel_area_m2":10000.0,"source_type":"land","target_h3":"8728d1009ffffff"},"type":"Feature"},{"geometry":{"coordinates":[-122.99119259945867,48.54834992566397],"type":"Point"},"id":"land:8728d1009ffffff:162:214","properties":{"kind":"raster_water_pixel_center","pixel_area_m2":10000.0,"source_type":"land","target_h3":"8728d1009ffffff"},"type":"Feature"},{"geometry":{"coordinates":[-122.98983761478074,48.548349814040634],"type":"Point"},"id":"land:8728d1009ffffff:162:215","properties":{"kind":"raster_water_pixel_center","pixel_area_m2":10000.0,"source_type":"land","target_h3":"8728d1009ffffff"},"type":"Feature"},{"geometry":{"coordinates":[-122.98848263011169,48.54834968647109],"type":"Point"},"id":"land:8728d1009ffffff:162:216","properties":{"kind":"raster_water_pixel_center","pixel_area_m2":10000.0,"source_type":"land","target_h3":"8728d1009ffffff"},"type":"Feature"},{"geometry":{"coordinates":[-122.98712764545267,48.54834954295536],"type":"Point"},"id":"land:8728d1009ffffff:162:217","properties":{"kind":"raster_water_pixel_center","pixel_area_m2":10000.0,"source_type":"land","target_h3":"8728d1009ffffff"},"type":"Feature"},{"geometry":{"coordinates":[-122.98577266080495,48.54834938349343],"type":"Point"},"id":"land:8728d1009ffffff:162:218","properties":{"kind":"raster_water_pixel_center","pixel_area_m2":10000.0,"source_type":"land","target_h3":"8728d1009ffffff"},"type":"Feature"},{"geometry":{"coordinates":[-122.98441767616966,48.54834920808532],"type":"Point"},"id":"land:8728d1009ffffff:162:219","properties":{"kind":"raster_water_pixel_center","pixel_area_m2":10000.0,"source_type":"land","target_h3":"8728d1009ffffff"},"type":"Feature"},{"geometry":{"coordinates":[-122.98306269154799,48.54834901673102],"type":"Point"},"id":"land:8728d1009ffffff:162:220","properties":{"kind":"raster_water_pixel_center","pixel_area_m2":10000.0,"source_type":"land","target_h3":"8728d1009ffffff"},"type":"Feature"},{"geometry":{"coordinates":[-122.98170770694112,48.54834880943052],"type":"Point"},"id":"land:8728d1009ffffff:162:221","properties":{"kind":"raster_water_pixel_center","pixel_area_m2":10000.0,"source_type":"land","target_h3":"8728d1009ffffff"},"type":"Feature"},{"geometry":{"coordinates":[-122.98035272235023,48.548348586183835],"type":"Point"},"id":"land:8728d1009ffffff:162:222","properties":{"kind":"raster_water_pixel_center","pixel_area_m2":10000.0,"source_type":"land","target_h3":"8728d1009ffffff"},"type":"Feature"},{"geometry":{"coordinates":[-122.97899773777654,48.548348346990956],"type":"Point"},"id":"land:8728d1009ffffff:162:223","properties":{"kind":"raster_water_pixel_center","pixel_area_m2":10000.0,"source_type":"land","target_h3":"8728d1009ffffff"},"type":"Feature"},{"geometry":{"coordinates":[-122.9776427532212,48.5483480918519],"type":"Point"},"id":"land:8728d1009ffffff:162:224","properties":{"kind":"raster_water_pixel_center","pixel_area_m2":10000.0,"source_type":"land","target_h3":"8728d1009ffffff"},"type":"Feature"},{"geometry":{"coordinates":[-122.9762877686854,48.54834782076664],"type":"Point"},"id":"land:8728d1009ffffff:162:225","properties":{"kind":"raster_water_pixel_center","pixel_area_m2":10000.0,"source_type":"land","target_h3":"8728d1009ffffff"},"type":"Feature"},{"geometry":{"coordinates":[-122.97493278417033,48.54834753373521],"type":"Point"},"id":"land:8728d1009ffffff:162:226","properties":{"kind":"raster_water_pixel_center","pixel_area_m2":10000.0,"source_type":"land","target_h3":"8728d1009ffffff"},"type":"Feature"},{"geometry":{"coordinates":[-122.97357779967717,48.54834723075758],"type":"Point"},"id":"land:8728d1009ffffff:162:227","properties":{"kind":"raster_water_pixel_center","pixel_area_m2":10000.0,"source_type":"land","target_h3":"8728d1009ffffff"},"type":"Feature"},{"geometry":{"coordinates":[-122.9722228152071,48.548346911833775],"type":"Point"},"id":"land:8728d1009ffffff:162:228","properties":{"kind":"raster_water_pixel_center","pixel_area_m2":10000.0,"source_type":"land","target_h3":"8728d1009ffffff"},"type":"Feature"},{"geometry":{"coordinates":[-122.97086783076132,48.54834657696377],"type":"Point"},"id":"land:8728d1009ffffff:162:229","properties":{"kind":"raster_water_pixel_center","pixel_area_m2":10000.0,"source_type":"land","target_h3":"8728d1009ffffff"},"type":"Feature"},{"geometry":{"coordinates":[-122.969512846341,48.5483462261476],"type":"Point"},"id":"land:8728d1009ffffff:162:230","properties":{"kind":"raster_water_pixel_center","pixel_area_m2":10000.0,"source_type":"land","target_h3":"8728d1009ffffff"},"type":"Feature"},{"geometry":{"coordinates":[-122.96815786194736,48.54834585938522],"type":"Point"},"id":"land:8728d1009ffffff:162:231","properties":{"kind":"raster_water_pixel_center","pixel_area_m2":10000.0,"source_type":"land","target_h3":"8728d1009ffffff"},"type":"Feature"},{"geometry":{"coordinates":[-122.96680287758153,48.54834547667668],"type":"Point"},"id":"land:8728d1009ffffff:162:232","properties":{"kind":"raster_water_pixel_center","pixel_area_m2":10000.0,"source_type":"land","target_h3":"8728d1009ffffff"},"type":"Feature"},{"geometry":{"coordinates":[-122.99390267691216,48.547450468492634],"type":"Point"},"id":"land:8728d1009ffffff:163:212","properties":{"kind":"raster_water_pixel_center","pixel_area_m2":10000.0,"source_type":"land","target_h3":"8728d1009ffffff"},"type":"Feature"},{"geometry":{"coordinates":[-122.99254771623683,48.54745038876418],"type":"Point"},"id":"land:8728d1009ffffff:163:213","properties":{"kind":"raster_water_pixel_center","pixel_area_m2":10000.0,"source_type":"land","target_h3":"8728d1009ffffff"},"type":"Feature"},{"geometry":{"coordinates":[-122.99119275556801,48.54745029309004],"type":"Point"},"id":"land:8728d1009ffffff:163:214","properties":{"kind":"raster_water_pixel_center","pixel_area_m2":10000.0,"source_type":"land","target_h3":"8728d1009ffffff"},"type":"Feature"},{"geometry":{"coordinates":[-122.98983779490689,48.5474501814702],"type":"Point"},"id":"land:8728d1009ffffff:163:215","properties":{"kind":"raster_water_pixel_center","pixel_area_m2":10000.0,"source_type":"land","target_h3":"8728d1009ffffff"},"type":"Feature"},{"geometry":{"coordinates":[-122.98848283425467,48.54745005390467],"type":"Point"},"id":"land:8728d1009ffffff:163:216","properties":{"kind":"raster_water_pixel_center","pixel_area_m2":10000.0,"source_type":"land","target_h3":"8728d1009ffffff"},"type":"Feature"},{"geometry":{"coordinates":[-122.9871278736125,48.547449910393446],"type":"Point"},"id":"land:8728d1009ffffff:163:217","properties":{"kind":"raster_water_pixel_center","pixel_area_m2":10000.0,"source_type":"land","target_h3":"8728d1009ffffff"},"type":"Feature"},{"geometry":{"coordinates":[-122.98577291298159,48.54744975093654],"type":"Point"},"id":"land:8728d1009ffffff:163:218","properties":{"kind":"raster_water_pixel_center","pixel_area_m2":10000.0,"source_type":"land","target_h3":"8728d1009ffffff"},"type":"Feature"},{"geometry":{"coordinates":[-122.9844179523631,48.54744957553394],"type":"Point"},"id":"land:8728d1009ffffff:163:219","properties":{"kind":"raster_water_pixel_center","pixel_area_m2":10000.0,"source_type":"land","target_h3":"8728d1009ffffff"},"type":"Feature"},{"geometry":{"coordinates":[-122.98306299175825,48.54744938418565],"type":"Point"},"id":"land:8728d1009ffffff:163:220","properties":{"kind":"raster_water_pixel_center","pixel_area_m2":10000.0,"source_type":"land","target_h3":"8728d1009ffffff"},"type":"Feature"},{"geometry":{"coordinates":[-122.98170803116818,48.54744917689167],"type":"Point"},"id":"land:8728d1009ffffff:163:221","properties":{"kind":"raster_water_pixel_center","pixel_area_m2":10000.0,"source_type":"land","target_h3":"8728d1009ffffff"},"type":"Feature"},{"geometry":{"coordinates":[-122.98035307059412,48.547448953652],"type":"Point"},"id":"land:8728d1009ffffff:163:222","properties":{"kind":"raster_water_pixel_center","pixel_area_m2":10000.0,"source_type":"land","target_h3":"8728d1009ffffff"},"type":"Feature"},{"geometry":{"coordinates":[-122.97899811003724,48.54744871446665],"type":"Point"},"id":"land:8728d1009ffffff:163:223","properties":{"kind":"raster_water_pixel_center","pixel_area_m2":10000.0,"source_type":"land","target_h3":"8728d1009ffffff"},"type":"Feature"},{"geometry":{"coordinates":[-122.97764314949872,48.547448459335605],"type":"Point"},"id":"land:8728d1009ffffff:163:224","properties":{"kind":"raster_water_pixel_center","pixel_area_m2":10000.0,"source_type":"land","target_h3":"8728d1009ffffff"},"type":"Feature"},{"geometry":{"coordinates":[-122.97628818897972,48.547448188258876],"type":"Point"},"id":"land:8728d1009ffffff:163:225","properties":{"kind":"raster_water_pixel_center","pixel_area_m2":10000.0,"source_type":"land","target_h3":"8728d1009ffffff"},"type":"Feature"},{"geometry":{"coordinates":[-122.97493322848146,48.54744790123646],"type":"Point"},"id":"land:8728d1009ffffff:163:226","properties":{"kind":"raster_water_pixel_center","pixel_area_m2":10000.0,"source_type":"land","target_h3":"8728d1009ffffff"},"type":"Feature"},{"geometry":{"coordinates":[-122.97357826800513,48.547447598268356],"type":"Point"},"id":"land:8728d1009ffffff:163:227","properties":{"kind":"raster_water_pixel_center","pixel_area_m2":10000.0,"source_type":"land","target_h3":"8728d1009ffffff"},"type":"Feature"},{"geometry":{"coordinates":[-122.97222330755187,48.54744727935458],"type":"Point"},"id":"land:8728d1009ffffff:163:228","properties":{"kind":"raster_water_pixel_center","pixel_area_m2":10000.0,"source_type":"land","target_h3":"8728d1009ffffff"},"type":"Feature"},{"geometry":{"coordinates":[-122.97086834712289,48.54744694449511],"type":"Point"},"id":"land:8728d1009ffffff:163:229","properties":{"kind":"raster_water_pixel_center","pixel_area_m2":10000.0,"source_type":"land","target_h3":"8728d1009ffffff"},"type":"Feature"},{"geometry":{"coordinates":[-122.96951338671938,48.54744659368995],"type":"Point"},"id":"land:8728d1009ffffff:163:230","properties":{"kind":"raster_water_pixel_center","pixel_area_m2":10000.0,"source_type":"land","target_h3":"8728d1009ffffff"},"type":"Feature"},{"geometry":{"coordinates":[-122.96815842634254,48.54744622693911],"type":"Point"},"id":"land:8728d1009ffffff:163:231","properties":{"kind":"raster_water_pixel_center","pixel_area_m2":10000.0,"source_type":"land","target_h3":"8728d1009ffffff"},"type":"Feature"},{"geometry":{"coordinates":[-122.96680346599351,48.547445844242596],"type":"Point"},"id":"land:8728d1009ffffff:163:232","properties":{"kind":"raster_water_pixel_center","pixel_area_m2":10000.0,"source_type":"land","target_h3":"8728d1009ffffff"},"type":"Feature"},{"geometry":{"coordinates":[-122.9654485056735,48.547445445600395],"type":"Point"},"id":"land:8728d1009ffffff:163:233","properties":{"kind":"raster_water_pixel_center","pixel_area_m2":10000.0,"source_type":"land","target_h3":"8728d1009ffffff"},"type":"Feature"},{"geometry":{"coordinates":[-122.99390278498254,48.54655083577189],"type":"Point"},"id":"land:8728d1009ffffff:164:212","properties":{"kind":"raster_water_pixel_center","pixel_area_m2":10000.0,"source_type":"land","target_h3":"8728d1009ffffff"},"type":"Feature"},{"geometry":{"coordinates":[-122.99254784832284,48.54655075604594],"type":"Point"},"id":"land:8728d1009ffffff:164:213","properties":{"kind":"raster_water_pixel_center","pixel_area_m2":10000.0,"source_type":"land","target_h3":"8728d1009ffffff"},"type":"Feature"},{"geometry":{"coordinates":[-122.99119291166966,48.5465506603748],"type":"Point"},"id":"land:8728d1009ffffff:164:214","properties":{"kind":"raster_water_pixel_center","pixel_area_m2":10000.0,"source_type":"land","target_h3":"8728d1009ffffff"},"type":"Feature"},{"geometry":{"coordinates":[-122.98983797502417,48.54655054875847],"type":"Point"},"id":"land:8728d1009ffffff:164:215","properties":{"kind":"raster_water_pixel_center","pixel_area_m2":10000.0,"source_type":"land","target_h3":"8728d1009ffffff"},"type":"Feature"},{"geometry":{"coordinates":[-122.98848303838759,48.54655042119694],"type":"Point"},"id":"land:8728d1009ffffff:164:216","properties":{"kind":"raster_water_pixel_center","pixel_area_m2":10000.0,"source_type":"land","target_h3":"8728d1009ffffff"},"type":"Feature"},{"geometry":{"coordinates":[-122.98712810176106,48.54655027769024],"type":"Point"},"id":"land:8728d1009ffffff:164:217","properties":{"kind":"raster_water_pixel_center","pixel_area_m2":10000.0,"source_type":"land","target_h3":"8728d1009ffffff"},"type":"Feature"},{"geometry":{"coordinates":[-122.98577316514576,48.54655011823834],"type":"Point"},"id":"land:8728d1009ffffff:164:218","properties":{"kind":"raster_water_pixel_center","pixel_area_m2":10000.0,"source_type":"land","target_h3":"8728d1009ffffff"},"type":"Feature"},{"geometry":{"coordinates":[-122.98441822854292,48.54654994284126],"type":"Point"},"id":"land:8728d1009ffffff:164:219","properties":{"kind":"raster_water_pixel_center","pixel_area_m2":10000.0,"source_type":"land","target_h3":"8728d1009ffffff"},"type":"Feature"},{"geometry":{"coordinates":[-122.98306329195371,48.54654975149898],"type":"Point"},"id":"land:8728d1009ffffff:164:220","properties":{"kind":"raster_water_pixel_center","pixel_area_m2":10000.0,"source_type":"land","target_h3":"8728d1009ffffff"},"type":"Feature"},{"geometry":{"coordinates":[-122.98170835537927,48.54654954421152],"type":"Point"},"id":"land:8728d1009ffffff:164:221","properties":{"kind":"raster_water_pixel_center","pixel_area_m2":10000.0,"source_type":"land","target_h3":"8728d1009ffffff"},"type":"Feature"},{"geometry":{"coordinates":[-122.98035341882084,48.54654932097887],"type":"Point"},"id":"land:8728d1009ffffff:164:222","properties":{"kind":"raster_water_pixel_center","pixel_area_m2":10000.0,"source_type":"land","target_h3":"8728d1009ffffff"},"type":"Feature"},{"geometry":{"coordinates":[-122.97899848227958,48.54654908180104],"type":"Point"},"id":"land:8728d1009ffffff:164:223","properties":{"kind":"raster_water_pixel_center","pixel_area_m2":10000.0,"source_type":"land","target_h3":"8728d1009ffffff"},"type":"Feature"},{"geometry":{"coordinates":[-122.97764354575669,48.546548826678006],"type":"Point"},"id":"land:8728d1009ffffff:164:224","properties":{"kind":"raster_water_pixel_center","pixel_area_m2":10000.0,"source_type":"land","target_h3":"8728d1009ffffff"},"type":"Feature"},{"geometry":{"coordinates":[-122.97628860925333,48.54654855560981],"type":"Point"},"id":"land:8728d1009ffffff:164:225","properties":{"kind":"raster_water_pixel_center","pixel_area_m2":10000.0,"source_type":"land","target_h3":"8728d1009ffffff"},"type":"Feature"},{"geometry":{"coordinates":[-122.97493367277069,48.54654826859642],"type":"Point"},"id":"land:8728d1009ffffff:164:226","properties":{"kind":"raster_water_pixel_center","pixel_area_m2":10000.0,"source_type":"land","target_h3":"8728d1009ffffff"},"type":"Feature"},{"geometry":{"coordinates":[-122.97357873630997,48.54654796563784],"type":"Point"},"id":"land:8728d1009ffffff:164:227","properties":{"kind":"raster_water_pixel_center","pixel_area_m2":10000.0,"source_type":"land","target_h3":"8728d1009ffffff"},"type":"Feature"},{"geometry":{"coordinates":[-122.97222379987235,48.546547646734076],"type":"Point"},"id":"land:8728d1009ffffff:164:228","properties":{"kind":"raster_water_pixel_center","pixel_area_m2":10000.0,"source_type":"land","target_h3":"8728d1009ffffff"},"type":"Feature"},{"geometry":{"coordinates":[-122.970868863459,48.546547311885135],"type":"Point"},"id":"land:8728d1009ffffff:164:229","properties":{"kind":"raster_water_pixel_center","pixel_area_m2":10000.0,"source_type":"land","target_h3":"8728d1009ffffff"},"type":"Feature"},{"geometry":{"coordinates":[-122.9695139270711,48.546546961090996],"type":"Point"},"id":"land:8728d1009ffffff:164:230","properties":{"kind":"raster_water_pixel_center","pixel_area_m2":10000.0,"source_type":"land","target_h3":"8728d1009ffffff"},"type":"Feature"},{"geometry":{"coordinates":[-122.96815899070988,48.546546594351696],"type":"Point"},"id":"land:8728d1009ffffff:164:231","properties":{"kind":"raster_water_pixel_center","pixel_area_m2":10000.0,"source_type":"land","target_h3":"8728d1009ffffff"},"type":"Feature"},{"geometry":{"coordinates":[-122.96680405437647,48.546546211667206],"type":"Point"},"id":"land:8728d1009ffffff:164:232","properties":{"kind":"raster_water_pixel_center","pixel_area_m2":10000.0,"source_type":"land","target_h3":"8728d1009ffffff"},"type":"Feature"},{"geometry":{"coordinates":[-122.96544911807209,48.54654581303755],"type":"Point"},"id":"land:8728d1009ffffff:164:233","properties":{"kind":"raster_water_pixel_center","pixel_area_m2":10000.0,"source_type":"land","target_h3":"8728d1009ffffff"},"type":"Feature"},{"geometry":{"coordinates":[-122.9640941817979,48.54654539846269],"type":"Point"},"id":"land:8728d1009ffffff:164:234","properties":{"kind":"raster_water_pixel_center","pixel_area_m2":10000.0,"source_type":"land","target_h3":"8728d1009ffffff"},"type":"Feature"},{"geometry":{"coordinates":[-122.99525780569815,48.54565126668861],"type":"Point"},"id":"land:8728d1009ffffff:165:211","properties":{"kind":"raster_water_pixel_center","pixel_area_m2":10000.0,"source_type":"land","target_h3":"8728d1009ffffff"},"type":"Feature"},{"geometry":{"coordinates":[-122.99390289304759,48.54565120290986],"type":"Point"},"id":"land:8728d1009ffffff:165:212","properties":{"kind":"raster_water_pixel_center","pixel_area_m2":10000.0,"source_type":"land","target_h3":"8728d1009ffffff"},"type":"Feature"},{"geometry":{"coordinates":[-122.99254798040235,48.54565112318641],"type":"Point"},"id":"land:8728d1009ffffff:165:213","properties":{"kind":"raster_water_pixel_center","pixel_area_m2":10000.0,"source_type":"land","target_h3":"8728d1009ffffff"},"type":"Feature"},{"geometry":{"coordinates":[-122.99119306776362,48.545651027518275],"type":"Point"},"id":"land:8728d1009ffffff:165:214","properties":{"kind":"raster_water_pixel_center","pixel_area_m2":10000.0,"source_type":"land","target_h3":"8728d1009ffffff"},"type":"Feature"},{"geometry":{"coordinates":[-122.98983815513257,48.54565091590546],"type":"Point"},"id":"land:8728d1009ffffff:165:215","properties":{"kind":"raster_water_pixel_center","pixel_area_m2":10000.0,"source_type":"land","target_h3":"8728d1009ffffff"},"type":"Feature"},{"geometry":{"coordinates":[-122.98848324251044,48.545650788347956],"type":"Point"},"id":"land:8728d1009ffffff:165:216","properties":{"kind":"raster_water_pixel_center","pixel_area_m2":10000.0,"source_type":"land","target_h3":"8728d1009ffffff"},"type":"Feature"},{"geometry":{"coordinates":[-122.98712832989835,48.54565064484575],"type":"Point"},"id":"land:8728d1009ffffff:165:217","properties":{"kind":"raster_water_pixel_center","pixel_area_m2":10000.0,"source_type":"land","target_h3":"8728d1009ffffff"},"type":"Feature"},{"geometry":{"coordinates":[-122.98577341729751,48.545650485398866],"type":"Point"},"id":"land:8728d1009ffffff:165:218","properties":{"kind":"raster_water_pixel_center","pixel_area_m2":10000.0,"source_type":"land","target_h3":"8728d1009ffffff"},"type":"Feature"},{"geometry":{"coordinates":[-122.98441850470911,48.5456503100073],"type":"Point"},"id":"land:8728d1009ffffff:165:219","properties":{"kind":"raster_water_pixel_center","pixel_area_m2":10000.0,"source_type":"land","target_h3":"8728d1009ffffff"},"type":"Feature"},{"geometry":{"coordinates":[-122.98306359213436,48.545650118671034],"type":"Point"},"id":"land:8728d1009ffffff:165:220","properties":{"kind":"raster_water_pixel_center","pixel_area_m2":10000.0,"source_type":"land","target_h3":"8728d1009ffffff"},"type":"Feature"},{"geometry":{"coordinates":[-122.98170867957438,48.545649911390086],"type":"Point"},"id":"land:8728d1009ffffff:165:221","properties":{"kind":"raster_water_pixel_center","pixel_area_m2":10000.0,"source_type":"land","target_h3":"8728d1009ffffff"},"type":"Feature"},{"geometry":{"coordinates":[-122.98035376703038,48.54564968816445],"type":"Point"},"id":"land:8728d1009ffffff:165:222","properties":{"kind":"raster_water_pixel_center","pixel_area_m2":10000.0,"source_type":"land","target_h3":"8728d1009ffffff"},"type":"Feature"},{"geometry":{"coordinates":[-122.97899885450359,48.54564944899414],"type":"Point"},"id":"land:8728d1009ffffff:165:223","properties":{"kind":"raster_water_pixel_center","pixel_area_m2":10000.0,"source_type":"land","target_h3":"8728d1009ffffff"},"type":"Feature"},{"geometry":{"coordinates":[-122.97764394199511,48.54564919387913],"type":"Point"},"id":"land:8728d1009ffffff:165:224","properties":{"kind":"raster_water_pixel_center","pixel_area_m2":10000.0,"source_type":"land","target_h3":"8728d1009ffffff"},"type":"Feature"},{"geometry":{"coordinates":[-122.9762890295062,48.545648922819446],"type":"Point"},"id":"land:8728d1009ffffff:165:225","properties":{"kind":"raster_water_pixel_center","pixel_area_m2":10000.0,"source_type":"land","target_h3":"8728d1009ffffff"},"type":"Feature"},{"geometry":{"coordinates":[-122.97493411703803,48.545648635815084],"type":"Point"},"id":"land:8728d1009ffffff:165:226","properties":{"kind":"raster_water_pixel_center","pixel_area_m2":10000.0,"source_type":"land","target_h3":"8728d1009ffffff"},"type":"Feature"},{"geometry":{"coordinates":[-122.97357920459174,48.54564833286603],"type":"Point"},"id":"land:8728d1009ffffff:165:227","properties":{"kind":"raster_water_pixel_center","pixel_area_m2":10000.0,"source_type":"land","target_h3":"8728d1009ffffff"},"type":"Feature"},{"geometry":{"coordinates":[-122.97222429216855,48.54564801397228],"type":"Point"},"id":"land:8728d1009ffffff:165:228","properties":{"kind":"raster_water_pixel_center","pixel_area_m2":10000.0,"source_type":"land","target_h3":"8728d1009ffffff"},"type":"Feature"},{"geometry":{"coordinates":[-122.97086937976964,48.54564767913388],"type":"Point"},"id":"land:8728d1009ffffff:165:229","properties":{"kind":"raster_water_pixel_center","pixel_area_m2":10000.0,"source_type":"land","target_h3":"8728d1009ffffff"},"type":"Feature"},{"geometry":{"coordinates":[-122.9695144673962,48.54564732835077],"type":"Point"},"id":"land:8728d1009ffffff:165:230","properties":{"kind":"raster_water_pixel_center","pixel_area_m2":10000.0,"source_type":"land","target_h3":"8728d1009ffffff"},"type":"Feature"},{"geometry":{"coordinates":[-122.9681595550494,48.54564696162299],"type":"Point"},"id":"land:8728d1009ffffff:165:231","properties":{"kind":"raster_water_pixel_center","pixel_area_m2":10000.0,"source_type":"land","target_h3":"8728d1009ffffff"},"type":"Feature"},{"geometry":{"coordinates":[-122.9668046427304,48.54564657895053],"type":"Point"},"id":"land:8728d1009ffffff:165:232","properties":{"kind":"raster_water_pixel_center","pixel_area_m2":10000.0,"source_type":"land","target_h3":"8728d1009ffffff"},"type":"Feature"},{"geometry":{"coordinates":[-122.96544973044044,48.54564618033339],"type":"Point"},"id":"land:8728d1009ffffff:165:233","properties":{"kind":"raster_water_pixel_center","pixel_area_m2":10000.0,"source_type":"land","target_h3":"8728d1009ffffff"},"type":"Feature"},{"geometry":{"coordinates":[-122.96409481818068,48.545645765771575],"type":"Point"},"id":"land:8728d1009ffffff:165:234","properties":{"kind":"raster_water_pixel_center","pixel_area_m2":10000.0,"source_type":"land","target_h3":"8728d1009ffffff"},"type":"Feature"},{"geometry":{"coordinates":[-122.99525788974458,48.54475163368328],"type":"Point"},"id":"land:8728d1009ffffff:166:211","properties":{"kind":"raster_water_pixel_center","pixel_area_m2":10000.0,"source_type":"land","target_h3":"8728d1009ffffff"},"type":"Feature"},{"geometry":{"coordinates":[-122.99390300110728,48.54475156990654],"type":"Point"},"id":"land:8728d1009ffffff:166:212","properties":{"kind":"raster_water_pixel_center","pixel_area_m2":10000.0,"source_type":"land","target_h3":"8728d1009ffffff"},"type":"Feature"},{"geometry":{"coordinates":[-122.9925481124753,48.5447514901856],"type":"Point"},"id":"land:8728d1009ffffff:166:213","properties":{"kind":"raster_water_pixel_center","pixel_area_m2":10000.0,"source_type":"land","target_h3":"8728d1009ffffff"},"type":"Feature"},{"geometry":{"coordinates":[-122.99119322384985,48.54475139452046],"type":"Point"},"id":"land:8728d1009ffffff:166:214","properties":{"kind":"raster_water_pixel_center","pixel_area_m2":10000.0,"source_type":"land","target_h3":"8728d1009ffffff"},"type":"Feature"},{"geometry":{"coordinates":[-122.9898383352321,48.54475128291114],"type":"Point"},"id":"land:8728d1009ffffff:166:215","properties":{"kind":"raster_water_pixel_center","pixel_area_m2":10000.0,"source_type":"land","target_h3":"8728d1009ffffff"},"type":"Feature"},{"geometry":{"coordinates":[-122.98848344662322,48.54475115535766],"type":"Point"},"id":"land:8728d1009ffffff:166:216","properties":{"kind":"raster_water_pixel_center","pixel_area_m2":10000.0,"source_type":"land","target_h3":"8728d1009ffffff"},"type":"Feature"},{"geometry":{"coordinates":[-122.9871285580244,48.544751011859965],"type":"Point"},"id":"land:8728d1009ffffff:166:217","properties":{"kind":"raster_water_pixel_center","pixel_area_m2":10000.0,"source_type":"land","target_h3":"8728d1009ffffff"},"type":"Feature"},{"geometry":{"coordinates":[-122.98577366943685,48.54475085241809],"type":"Point"},"id":"land:8728d1009ffffff:166:218","properties":{"kind":"raster_water_pixel_center","pixel_area_m2":10000.0,"source_type":"land","target_h3":"8728d1009ffffff"},"type":"Feature"},{"geometry":{"coordinates":[-122.98441878086172,48.54475067703204],"type":"Point"},"id":"land:8728d1009ffffff:166:219","properties":{"kind":"raster_water_pixel_center","pixel_area_m2":10000.0,"source_type":"land","target_h3":"8728d1009ffffff"},"type":"Feature"},{"geometry":{"coordinates":[-122.9830638923002,48.54475048570178],"type":"Point"},"id":"land:8728d1009ffffff:166:220","properties":{"kind":"raster_water_pixel_center","pixel_area_m2":10000.0,"source_type":"land","target_h3":"8728d1009ffffff"},"type":"Feature"},{"geometry":{"coordinates":[-122.98170900375348,48.54475027842736],"type":"Point"},"id":"land:8728d1009ffffff:166:221","properties":{"kind":"raster_water_pixel_center","pixel_area_m2":10000.0,"source_type":"land","target_h3":"8728d1009ffffff"},"type":"Feature"},{"geometry":{"coordinates":[-122.98035411522278,48.544750055208745],"type":"Point"},"id":"land:8728d1009ffffff:166:222","properties":{"kind":"raster_water_pixel_center","pixel_area_m2":10000.0,"source_type":"land","target_h3":"8728d1009ffffff"},"type":"Feature"},{"geometry":{"coordinates":[-122.97899922670922,48.54474981604594],"type":"Point"},"id":"land:8728d1009ffffff:166:223","properties":{"kind":"raster_water_pixel_center","pixel_area_m2":10000.0,"source_type":"land","target_h3":"8728d1009ffffff"},"type":"Feature"},{"geometry":{"coordinates":[-122.977644338214,48.54474956093897],"type":"Point"},"id":"land:8728d1009ffffff:166:224","properties":{"kind":"raster_water_pixel_center","pixel_area_m2":10000.0,"source_type":"land","target_h3":"8728d1009ffffff"},"type":"Feature"},{"geometry":{"coordinates":[-122.97628944973836,48.5447492898878],"type":"Point"},"id":"land:8728d1009ffffff:166:225","properties":{"kind":"raster_water_pixel_center","pixel_area_m2":10000.0,"source_type":"land","target_h3":"8728d1009ffffff"},"type":"Feature"},{"geometry":{"coordinates":[-122.97493456128343,48.54474900289245],"type":"Point"},"id":"land:8728d1009ffffff:166:226","properties":{"kind":"raster_water_pixel_center","pixel_area_m2":10000.0,"source_type":"land","target_h3":"8728d1009ffffff"},"type":"Feature"},{"geometry":{"coordinates":[-122.9735796728504,48.544748699952926],"type":"Point"},"id":"land:8728d1009ffffff:166:227","properties":{"kind":"raster_water_pixel_center","pixel_area_m2":10000.0,"source_type":"land","target_h3":"8728d1009ffffff"},"type":"Feature"},{"geometry":{"coordinates":[-122.97222478444048,48.54474838106921],"type":"Point"},"id":"land:8728d1009ffffff:166:228","properties":{"kind":"raster_water_pixel_center","pixel_area_m2":10000.0,"source_type":"land","target_h3":"8728d1009ffffff"},"type":"Feature"},{"geometry":{"coordinates":[-122.97086989605481,48.54474804624132],"type":"Point"},"id":"land:8728d1009ffffff:166:229","properties":{"kind":"raster_water_pixel_center","pixel_area_m2":10000.0,"source_type":"land","target_h3":"8728d1009ffffff"},"type":"Feature"},{"geometry":{"coordinates":[-122.9695150076946,48.54474769546925],"type":"Point"},"id":"land:8728d1009ffffff:166:230","properties":{"kind":"raster_water_pixel_center","pixel_area_m2":10000.0,"source_type":"land","target_h3":"8728d1009ffffff"},"type":"Feature"},{"geometry":{"coordinates":[-122.96816011936106,48.544747328753],"type":"Point"},"id":"land:8728d1009ffffff:166:231","properties":{"kind":"raster_water_pixel_center","pixel_area_m2":10000.0,"source_type":"land","target_h3":"8728d1009ffffff"},"type":"Feature"},{"geometry":{"coordinates":[-122.96680523105533,48.544746946092566],"type":"Point"},"id":"land:8728d1009ffffff:166:232","properties":{"kind":"raster_water_pixel_center","pixel_area_m2":10000.0,"source_type":"land","target_h3":"8728d1009ffffff"},"type":"Feature"},{"geometry":{"coordinates":[-122.96545034277861,48.544746547487954],"type":"Point"},"id":"land:8728d1009ffffff:166:233","properties":{"kind":"raster_water_pixel_center","pixel_area_m2":10000.0,"source_type":"land","target_h3":"8728d1009ffffff"},"type":"Feature"},{"geometry":{"coordinates":[-122.96409545453213,48.544746132939174],"type":"Point"},"id":"land:8728d1009ffffff:166:234","properties":{"kind":"raster_water_pixel_center","pixel_area_m2":10000.0,"source_type":"land","target_h3":"8728d1009ffffff"},"type":"Feature"},{"geometry":{"coordinates":[-122.96274056631698,48.544745702446214],"type":"Point"},"id":"land:8728d1009ffffff:166:235","properties":{"kind":"raster_water_pixel_center","pixel_area_m2":10000.0,"source_type":"land","target_h3":"8728d1009ffffff"},"type":"Feature"},{"geometry":{"coordinates":[-122.99661283841624,48.543852048367725],"type":"Point"},"id":"land:8728d1009ffffff:167:210","properties":{"kind":"raster_water_pixel_center","pixel_area_m2":10000.0,"source_type":"land","target_h3":"8728d1009ffffff"},"type":"Feature"},{"geometry":{"coordinates":[-122.99525797378689,48.54385200053666],"type":"Point"},"id":"land:8728d1009ffffff:167:211","properties":{"kind":"raster_water_pixel_center","pixel_area_m2":10000.0,"source_type":"land","target_h3":"8728d1009ffffff"},"type":"Feature"},{"geometry":{"coordinates":[-122.99390310916166,48.54385193676192],"type":"Point"},"id":"land:8728d1009ffffff:167:212","properties":{"kind":"raster_water_pixel_center","pixel_area_m2":10000.0,"source_type":"land","target_h3":"8728d1009ffffff"},"type":"Feature"},{"geometry":{"coordinates":[-122.9925482445418,48.54385185704348],"type":"Point"},"id":"land:8728d1009ffffff:167:213","properties":{"kind":"raster_water_pixel_center","pixel_area_m2":10000.0,"source_type":"land","target_h3":"8728d1009ffffff"},"type":"Feature"},{"geometry":{"coordinates":[-122.99119337992842,48.54385176138136],"type":"Point"},"id":"land:8728d1009ffffff:167:214","properties":{"kind":"raster_water_pixel_center","pixel_area_m2":10000.0,"source_type":"land","target_h3":"8728d1009ffffff"},"type":"Feature"},{"geometry":{"coordinates":[-122.98983851532273,48.54385164977557],"type":"Point"},"id":"land:8728d1009ffffff:167:215","properties":{"kind":"raster_water_pixel_center","pixel_area_m2":10000.0,"source_type":"land","target_h3":"8728d1009ffffff"},"type":"Feature"},{"geometry":{"coordinates":[-122.98848365072593,48.54385152222607],"type":"Point"},"id":"land:8728d1009ffffff:167:216","properties":{"kind":"raster_water_pixel_center","pixel_area_m2":10000.0,"source_type":"land","target_h3":"8728d1009ffffff"},"type":"Feature"},{"geometry":{"coordinates":[-122.98712878613921,48.543851378732896],"type":"Point"},"id":"land:8728d1009ffffff:167:217","properties":{"kind":"raster_water_pixel_center","pixel_area_m2":10000.0,"source_type":"land","target_h3":"8728d1009ffffff"},"type":"Feature"},{"geometry":{"coordinates":[-122.98577392156372,48.54385121929603],"type":"Point"},"id":"land:8728d1009ffffff:167:218","properties":{"kind":"raster_water_pixel_center","pixel_area_m2":10000.0,"source_type":"land","target_h3":"8728d1009ffffff"},"type":"Feature"},{"geometry":{"coordinates":[-122.98441905700068,48.54385104391549],"type":"Point"},"id":"land:8728d1009ffffff:167:219","properties":{"kind":"raster_water_pixel_center","pixel_area_m2":10000.0,"source_type":"land","target_h3":"8728d1009ffffff"},"type":"Feature"},{"geometry":{"coordinates":[-122.98306419245125,48.54385085259126],"type":"Point"},"id":"land:8728d1009ffffff:167:220","properties":{"kind":"raster_water_pixel_center","pixel_area_m2":10000.0,"source_type":"land","target_h3":"8728d1009ffffff"},"type":"Feature"},{"geometry":{"coordinates":[-122.9817093279166,48.54385064532334],"type":"Point"},"id":"land:8728d1009ffffff:167:221","properties":{"kind":"raster_water_pixel_center","pixel_area_m2":10000.0,"source_type":"land","target_h3":"8728d1009ffffff"},"type":"Feature"},{"geometry":{"coordinates":[-122.98035446339797,48.54385042211175],"type":"Point"},"id":"land:8728d1009ffffff:167:222","properties":{"kind":"raster_water_pixel_center","pixel_area_m2":10000.0,"source_type":"land","target_h3":"8728d1009ffffff"},"type":"Feature"},{"geometry":{"coordinates":[-122.97899959889648,48.54385018295647],"type":"Point"},"id":"land:8728d1009ffffff:167:223","properties":{"kind":"raster_water_pixel_center","pixel_area_m2":10000.0,"source_type":"land","target_h3":"8728d1009ffffff"},"type":"Feature"},{"geometry":{"coordinates":[-122.97764473441336,48.5438499278575],"type":"Point"},"id":"land:8728d1009ffffff:167:224","properties":{"kind":"raster_water_pixel_center","pixel_area_m2":10000.0,"source_type":"land","target_h3":"8728d1009ffffff"},"type":"Feature"},{"geometry":{"coordinates":[-122.97628986994978,48.54384965681486],"type":"Point"},"id":"land:8728d1009ffffff:167:225","properties":{"kind":"raster_water_pixel_center","pixel_area_m2":10000.0,"source_type":"land","target_h3":"8728d1009ffffff"},"type":"Feature"},{"geometry":{"coordinates":[-122.97493500550692,48.54384936982853],"type":"Point"},"id":"land:8728d1009ffffff:167:226","properties":{"kind":"raster_water_pixel_center","pixel_area_m2":10000.0,"source_type":"land","target_h3":"8728d1009ffffff"},"type":"Feature"},{"geometry":{"coordinates":[-122.97358014108599,48.543849066898524],"type":"Point"},"id":"land:8728d1009ffffff:167:227","properties":{"kind":"raster_water_pixel_center","pixel_area_m2":10000.0,"source_type":"land","target_h3":"8728d1009ffffff"},"type":"Feature"},{"geometry":{"coordinates":[-122.9722252766881,48.543848748024836],"type":"Point"},"id":"land:8728d1009ffffff:167:228","properties":{"kind":"raster_water_pixel_center","pixel_area_m2":10000.0,"source_type":"land","target_h3":"8728d1009ffffff"},"type":"Feature"},{"geometry":{"coordinates":[-122.97087041231453,48.54384841320746],"type":"Point"},"id":"land:8728d1009ffffff:167:229","properties":{"kind":"raster_water_pixel_center","pixel_area_m2":10000.0,"source_type":"land","target_h3":"8728d1009ffffff"},"type":"Feature"},{"geometry":{"coordinates":[-122.9695155479664,48.54384806244642],"type":"Point"},"id":"land:8728d1009ffffff:167:230","properties":{"kind":"raster_water_pixel_center","pixel_area_m2":10000.0,"source_type":"land","target_h3":"8728d1009ffffff"},"type":"Feature"},{"geometry":{"coordinates":[-122.96816068364492,48.543847695741704],"type":"Point"},"id":"land:8728d1009ffffff:167:231","properties":{"kind":"raster_water_pixel_center","pixel_area_m2":10000.0,"source_type":"land","target_h3":"8728d1009ffffff"},"type":"Feature"},{"geometry":{"coordinates":[-122.96680581935124,48.5438473130933],"type":"Point"},"id":"land:8728d1009ffffff:167:232","properties":{"kind":"raster_water_pixel_center","pixel_area_m2":10000.0,"source_type":"land","target_h3":"8728d1009ffffff"},"type":"Feature"},{"geometry":{"coordinates":[-122.96545095508661,48.54384691450122],"type":"Point"},"id":"land:8728d1009ffffff:167:233","properties":{"kind":"raster_water_pixel_center","pixel_area_m2":10000.0,"source_type":"land","target_h3":"8728d1009ffffff"},"type":"Feature"},{"geometry":{"coordinates":[-122.96409609085214,48.543846499965476],"type":"Point"},"id":"land:8728d1009ffffff:167:234","properties":{"kind":"raster_water_pixel_center","pixel_area_m2":10000.0,"source_type":"land","target_h3":"8728d1009ffffff"},"type":"Feature"},{"geometry":{"coordinates":[-122.99661289844349,48.54295241507832],"type":"Point"},"id":"land:8728d1009ffffff:168:210","properties":{"kind":"raster_water_pixel_center","pixel_area_m2":10000.0,"source_type":"land","target_h3":"8728d1009ffffff"},"type":"Feature"},{"geometry":{"coordinates":[-122.99525805782504,48.54295236724875],"type":"Point"},"id":"land:8728d1009ffffff:168:211","properties":{"kind":"raster_water_pixel_center","pixel_area_m2":10000.0,"source_type":"land","target_h3":"8728d1009ffffff"},"type":"Feature"},{"geometry":{"coordinates":[-122.99390321721074,48.542952303476014],"type":"Point"},"id":"land:8728d1009ffffff:168:212","properties":{"kind":"raster_water_pixel_center","pixel_area_m2":10000.0,"source_type":"land","target_h3":"8728d1009ffffff"},"type":"Feature"},{"geometry":{"coordinates":[-122.99254837660175,48.54295222376008],"type":"Point"},"id":"land:8728d1009ffffff:168:213","properties":{"kind":"raster_water_pixel_center","pixel_area_m2":10000.0,"source_type":"land","target_h3":"8728d1009ffffff"},"type":"Feature"},{"geometry":{"coordinates":[-122.99119353599926,48.54295212810098],"type":"Point"},"id":"land:8728d1009ffffff:168:214","properties":{"kind":"raster_water_pixel_center","pixel_area_m2":10000.0,"source_type":"land","target_h3":"8728d1009ffffff"},"type":"Feature"},{"geometry":{"coordinates":[-122.9898386954045,48.542952016498674],"type":"Point"},"id":"land:8728d1009ffffff:168:215","properties":{"kind":"raster_water_pixel_center","pixel_area_m2":10000.0,"source_type":"land","target_h3":"8728d1009ffffff"},"type":"Feature"},{"geometry":{"coordinates":[-122.98848385481858,48.5429518889532],"type":"Point"},"id":"land:8728d1009ffffff:168:216","properties":{"kind":"raster_water_pixel_center","pixel_area_m2":10000.0,"source_type":"land","target_h3":"8728d1009ffffff"},"type":"Feature"},{"geometry":{"coordinates":[-122.98712901424275,48.542951745464535],"type":"Point"},"id":"land:8728d1009ffffff:168:217","properties":{"kind":"raster_water_pixel_center","pixel_area_m2":10000.0,"source_type":"land","target_h3":"8728d1009ffffff"},"type":"Feature"},{"geometry":{"coordinates":[-122.98577417367818,48.54295158603268],"type":"Point"},"id":"land:8728d1009ffffff:168:218","properties":{"kind":"raster_water_pixel_center","pixel_area_m2":10000.0,"source_type":"land","target_h3":"8728d1009ffffff"},"type":"Feature"},{"geometry":{"coordinates":[-122.98441933312603,48.54295141065765],"type":"Point"},"id":"land:8728d1009ffffff:168:219","properties":{"kind":"raster_water_pixel_center","pixel_area_m2":10000.0,"source_type":"land","target_h3":"8728d1009ffffff"},"type":"Feature"},{"geometry":{"coordinates":[-122.98306449258747,48.542951219339436],"type":"Point"},"id":"land:8728d1009ffffff:168:220","properties":{"kind":"raster_water_pixel_center","pixel_area_m2":10000.0,"source_type":"land","target_h3":"8728d1009ffffff"},"type":"Feature"},{"geometry":{"coordinates":[-122.98170965206376,48.542951012078035],"type":"Point"},"id":"land:8728d1009ffffff:168:221","properties":{"kind":"raster_water_pixel_center","pixel_area_m2":10000.0,"source_type":"land","target_h3":"8728d1009ffffff"},"type":"Feature"},{"geometry":{"coordinates":[-122.980354811556,48.54295078887345],"type":"Point"},"id":"land:8728d1009ffffff:168:222","properties":{"kind":"raster_water_pixel_center","pixel_area_m2":10000.0,"source_type":"land","target_h3":"8728d1009ffffff"},"type":"Feature"},{"geometry":{"coordinates":[-122.97899997106542,48.542950549725695],"type":"Point"},"id":"land:8728d1009ffffff:168:223","properties":{"kind":"raster_water_pixel_center","pixel_area_m2":10000.0,"source_type":"land","target_h3":"8728d1009ffffff"},"type":"Feature"},{"geometry":{"coordinates":[-122.9776451305932,48.54295029463475],"type":"Point"},"id":"land:8728d1009ffffff:168:224","properties":{"kind":"raster_water_pixel_center","pixel_area_m2":10000.0,"source_type":"land","target_h3":"8728d1009ffffff"},"type":"Feature"},{"geometry":{"coordinates":[-122.9762902901405,48.54295002360062],"type":"Point"},"id":"land:8728d1009ffffff:168:225","properties":{"kind":"raster_water_pixel_center","pixel_area_m2":10000.0,"source_type":"land","target_h3":"8728d1009ffffff"},"type":"Feature"},{"geometry":{"coordinates":[-122.97493544970852,48.54294973662332],"type":"Point"},"id":"land:8728d1009ffffff:168:226","properties":{"kind":"raster_water_pixel_center","pixel_area_m2":10000.0,"source_type":"land","target_h3":"8728d1009ffffff"},"type":"Feature"},{"geometry":{"coordinates":[-122.97358060929847,48.54294943370283],"type":"Point"},"id":"land:8728d1009ffffff:168:227","properties":{"kind":"raster_water_pixel_center","pixel_area_m2":10000.0,"source_type":"land","target_h3":"8728d1009ffffff"},"type":"Feature"},{"geometry":{"coordinates":[-122.97222576891149,48.54294911483917],"type":"Point"},"id":"land:8728d1009ffffff:168:228","properties":{"kind":"raster_water_pixel_center","pixel_area_m2":10000.0,"source_type":"land","target_h3":"8728d1009ffffff"},"type":"Feature"},{"geometry":{"coordinates":[-122.97087092854878,48.542948780032326],"type":"Point"},"id":"land:8728d1009ffffff:168:229","properties":{"kind":"raster_water_pixel_center","pixel_area_m2":10000.0,"source_type":"land","target_h3":"8728d1009ffffff"},"type":"Feature"},{"geometry":{"coordinates":[-122.96951608821155,48.542948429282305],"type":"Point"},"id":"land:8728d1009ffffff:168:230","properties":{"kind":"raster_water_pixel_center","pixel_area_m2":10000.0,"source_type":"land","target_h3":"8728d1009ffffff"},"type":"Feature"},{"geometry":{"coordinates":[-122.96816124790092,48.54294806258912],"type":"Point"},"id":"land:8728d1009ffffff:168:231","properties":{"kind":"raster_water_pixel_center","pixel_area_m2":10000.0,"source_type":"land","target_h3":"8728d1009ffffff"},"type":"Feature"},{"geometry":{"coordinates":[-122.96680640761817,48.54294767995274],"type":"Point"},"id":"land:8728d1009ffffff:168:232","properties":{"kind":"raster_water_pixel_center","pixel_area_m2":10000.0,"source_type":"land","target_h3":"8728d1009ffffff"},"type":"Feature"},{"geometry":{"coordinates":[-122.96545156736438,48.54294728137319],"type":"Point"},"id":"land:8728d1009ffffff:168:233","properties":{"kind":"raster_water_pixel_center","pixel_area_m2":10000.0,"source_type":"land","target_h3":"8728d1009ffffff"},"type":"Feature"},{"geometry":{"coordinates":[-122.9640967271408,48.54294686685048],"type":"Point"},"id":"land:8728d1009ffffff:168:234","properties":{"kind":"raster_water_pixel_center","pixel_area_m2":10000.0,"source_type":"land","target_h3":"8728d1009ffffff"},"type":"Feature"},{"geometry":{"coordinates":[-122.9979677750795,48.542052813532976],"type":"Point"},"id":"land:8728d1009ffffff:169:209","properties":{"kind":"raster_water_pixel_center","pixel_area_m2":10000.0,"source_type":"land","target_h3":"8728d1009ffffff"},"type":"Feature"},{"geometry":{"coordinates":[-122.99661295846778,48.54205278164761],"type":"Point"},"id":"land:8728d1009ffffff:169:210","properties":{"kind":"raster_water_pixel_center","pixel_area_m2":10000.0,"source_type":"land","target_h3":"8728d1009ffffff"},"type":"Feature"},{"geometry":{"coordinates":[-122.99525814185905,48.542052733819546],"type":"Point"},"id":"land:8728d1009ffffff:169:211","properties":{"kind":"raster_water_pixel_center","pixel_area_m2":10000.0,"source_type":"land","target_h3":"8728d1009ffffff"},"type":"Feature"},{"geometry":{"coordinates":[-122.99390332525446,48.54205267004882],"type":"Point"},"id":"land:8728d1009ffffff:169:212","properties":{"kind":"raster_water_pixel_center","pixel_area_m2":10000.0,"source_type":"land","target_h3":"8728d1009ffffff"},"type":"Feature"},{"geometry":{"coordinates":[-122.99254850865518,48.5420525903354],"type":"Point"},"id":"land:8728d1009ffffff:169:213","properties":{"kind":"raster_water_pixel_center","pixel_area_m2":10000.0,"source_type":"land","target_h3":"8728d1009ffffff"},"type":"Feature"},{"geometry":{"coordinates":[-122.99119369206244,48.5420524946793],"type":"Point"},"id":"land:8728d1009ffffff:169:214","properties":{"kind":"raster_water_pixel_center","pixel_area_m2":10000.0,"source_type":"land","target_h3":"8728d1009ffffff"},"type":"Feature"},{"geometry":{"coordinates":[-122.98983887547737,48.542052383080495],"type":"Point"},"id":"land:8728d1009ffffff:169:215","properties":{"kind":"raster_water_pixel_center","pixel_area_m2":10000.0,"source_type":"land","target_h3":"8728d1009ffffff"},"type":"Feature"},{"geometry":{"coordinates":[-122.98848405890116,48.542052255539026],"type":"Point"},"id":"land:8728d1009ffffff:169:216","properties":{"kind":"raster_water_pixel_center","pixel_area_m2":10000.0,"source_type":"land","target_h3":"8728d1009ffffff"},"type":"Feature"},{"geometry":{"coordinates":[-122.98712924233507,48.54205211205487],"type":"Point"},"id":"land:8728d1009ffffff:169:217","properties":{"kind":"raster_water_pixel_center","pixel_area_m2":10000.0,"source_type":"land","target_h3":"8728d1009ffffff"},"type":"Feature"},{"geometry":{"coordinates":[-122.98577442578018,48.54205195262805],"type":"Point"},"id":"land:8728d1009ffffff:169:218","properties":{"kind":"raster_water_pixel_center","pixel_area_m2":10000.0,"source_type":"land","target_h3":"8728d1009ffffff"},"type":"Feature"},{"geometry":{"coordinates":[-122.98441960923775,48.54205177725852],"type":"Point"},"id":"land:8728d1009ffffff:169:219","properties":{"kind":"raster_water_pixel_center","pixel_area_m2":10000.0,"source_type":"land","target_h3":"8728d1009ffffff"},"type":"Feature"},{"geometry":{"coordinates":[-122.98306479270892,48.542051585946325],"type":"Point"},"id":"land:8728d1009ffffff:169:220","properties":{"kind":"raster_water_pixel_center","pixel_area_m2":10000.0,"source_type":"land","target_h3":"8728d1009ffffff"},"type":"Feature"},{"geometry":{"coordinates":[-122.98170997619489,48.542051378691426],"type":"Point"},"id":"land:8728d1009ffffff:169:221","properties":{"kind":"raster_water_pixel_center","pixel_area_m2":10000.0,"source_type":"land","target_h3":"8728d1009ffffff"},"type":"Feature"},{"geometry":{"coordinates":[-122.98035515969686,48.54205115549387],"type":"Point"},"id":"land:8728d1009ffffff:169:222","properties":{"kind":"raster_water_pixel_center","pixel_area_m2":10000.0,"source_type":"land","target_h3":"8728d1009ffffff"},"type":"Feature"},{"geometry":{"coordinates":[-122.979000343216,48.542050916353624],"type":"Point"},"id":"land:8728d1009ffffff:169:223","properties":{"kind":"raster_water_pixel_center","pixel_area_m2":10000.0,"source_type":"land","target_h3":"8728d1009ffffff"},"type":"Feature"},{"geometry":{"coordinates":[-122.97764552675348,48.5420506612707],"type":"Point"},"id":"land:8728d1009ffffff:169:224","properties":{"kind":"raster_water_pixel_center","pixel_area_m2":10000.0,"source_type":"land","target_h3":"8728d1009ffffff"},"type":"Feature"},{"geometry":{"coordinates":[-122.9762907103105,48.54205039024509],"type":"Point"},"id":"land:8728d1009ffffff:169:225","properties":{"kind":"raster_water_pixel_center","pixel_area_m2":10000.0,"source_type":"land","target_h3":"8728d1009ffffff"},"type":"Feature"},{"geometry":{"coordinates":[-122.97493589388823,48.54205010327681],"type":"Point"},"id":"land:8728d1009ffffff:169:226","properties":{"kind":"raster_water_pixel_center","pixel_area_m2":10000.0,"source_type":"land","target_h3":"8728d1009ffffff"},"type":"Feature"},{"geometry":{"coordinates":[-122.97358107748785,48.542049800365845],"type":"Point"},"id":"land:8728d1009ffffff:169:227","properties":{"kind":"raster_water_pixel_center","pixel_area_m2":10000.0,"source_type":"land","target_h3":"8728d1009ffffff"},"type":"Feature"},{"geometry":{"coordinates":[-122.97222626111059,48.542049481512215],"type":"Point"},"id":"land:8728d1009ffffff:169:228","properties":{"kind":"raster_water_pixel_center","pixel_area_m2":10000.0,"source_type":"land","target_h3":"8728d1009ffffff"},"type":"Feature"},{"geometry":{"coordinates":[-122.97087144475759,48.54204914671588],"type":"Point"},"id":"land:8728d1009ffffff:169:229","properties":{"kind":"raster_water_pixel_center","pixel_area_m2":10000.0,"source_type":"land","target_h3":"8728d1009ffffff"},"type":"Feature"},{"geometry":{"coordinates":[-122.96951662843003,48.54204879597689],"type":"Point"},"id":"land:8728d1009ffffff:169:230","properties":{"kind":"raster_water_pixel_center","pixel_area_m2":10000.0,"source_type":"land","target_h3":"8728d1009ffffff"},"type":"Feature"},{"geometry":{"coordinates":[-122.96816181212914,48.54204842929523],"type":"Point"},"id":"land:8728d1009ffffff:169:231","properties":{"kind":"raster_water_pixel_center","pixel_area_m2":10000.0,"source_type":"land","target_h3":"8728d1009ffffff"},"type":"Feature"},{"geometry":{"coordinates":[-122.96680699585605,48.54204804667089],"type":"Point"},"id":"land:8728d1009ffffff:169:232","properties":{"kind":"raster_water_pixel_center","pixel_area_m2":10000.0,"source_type":"land","target_h3":"8728d1009ffffff"},"type":"Feature"},{"geometry":{"coordinates":[-122.96545217961197,48.54204764810386],"type":"Point"},"id":"land:8728d1009ffffff:169:233","properties":{"kind":"raster_water_pixel_center","pixel_area_m2":10000.0,"source_type":"land","target_h3":"8728d1009ffffff"},"type":"Feature"},{"geometry":{"coordinates":[-122.9979678110923,48.54115317995998],"type":"Point"},"id":"land:8728d1009ffffff:170:209","properties":{"kind":"raster_water_pixel_center","pixel_area_m2":10000.0,"source_type":"land","target_h3":"8728d1009ffffff"},"type":"Feature"},{"geometry":{"coordinates":[-122.99661301848913,48.5411531480756],"type":"Point"},"id":"land:8728d1009ffffff:170:210","properties":{"kind":"raster_water_pixel_center","pixel_area_m2":10000.0,"source_type":"land","target_h3":"8728d1009ffffff"},"type":"Feature"},{"geometry":{"coordinates":[-122.9952582258889,48.54115310024905],"type":"Point"},"id":"land:8728d1009ffffff:170:211","properties":{"kind":"raster_water_pixel_center","pixel_area_m2":10000.0,"source_type":"land","target_h3":"8728d1009ffffff"},"type":"Feature"},{"geometry":{"coordinates":[-122.99390343329286,48.54115303648032],"type":"Point"},"id":"land:8728d1009ffffff:170:212","properties":{"kind":"raster_water_pixel_center","pixel_area_m2":10000.0,"source_type":"land","target_h3":"8728d1009ffffff"},"type":"Feature"},{"geometry":{"coordinates":[-122.99254864070211,48.5411529567694],"type":"Point"},"id":"land:8728d1009ffffff:170:213","properties":{"kind":"raster_water_pixel_center","pixel_area_m2":10000.0,"source_type":"land","target_h3":"8728d1009ffffff"},"type":"Feature"},{"geometry":{"coordinates":[-122.9911938481179,48.54115286111631],"type":"Point"},"id":"land:8728d1009ffffff:170:214","properties":{"kind":"raster_water_pixel_center","pixel_area_m2":10000.0,"source_type":"land","target_h3":"8728d1009ffffff"},"type":"Feature"},{"geometry":{"coordinates":[-122.98983905554135,48.541152749521025],"type":"Point"},"id":"land:8728d1009ffffff:170:215","properties":{"kind":"raster_water_pixel_center","pixel_area_m2":10000.0,"source_type":"land","target_h3":"8728d1009ffffff"},"type":"Feature"},{"geometry":{"coordinates":[-122.9884842629737,48.541152621983564],"type":"Point"},"id":"land:8728d1009ffffff:170:216","properties":{"kind":"raster_water_pixel_center","pixel_area_m2":10000.0,"source_type":"land","target_h3":"8728d1009ffffff"},"type":"Feature"},{"geometry":{"coordinates":[-122.98712947041612,48.54115247850392],"type":"Point"},"id":"land:8728d1009ffffff:170:217","properties":{"kind":"raster_water_pixel_center","pixel_area_m2":10000.0,"source_type":"land","target_h3":"8728d1009ffffff"},"type":"Feature"},{"geometry":{"coordinates":[-122.98577467786978,48.541152319082094],"type":"Point"},"id":"land:8728d1009ffffff:170:218","properties":{"kind":"raster_water_pixel_center","pixel_area_m2":10000.0,"source_type":"land","target_h3":"8728d1009ffffff"},"type":"Feature"},{"geometry":{"coordinates":[-122.98441988533587,48.541152143718094],"type":"Point"},"id":"land:8728d1009ffffff:170:219","properties":{"kind":"raster_water_pixel_center","pixel_area_m2":10000.0,"source_type":"land","target_h3":"8728d1009ffffff"},"type":"Feature"},{"geometry":{"coordinates":[-122.98306509281558,48.5411519524119],"type":"Point"},"id":"land:8728d1009ffffff:170:220","properties":{"kind":"raster_water_pixel_center","pixel_area_m2":10000.0,"source_type":"land","target_h3":"8728d1009ffffff"},"type":"Feature"},{"geometry":{"coordinates":[-122.98171030031008,48.54115174516353],"type":"Point"},"id":"land:8728d1009ffffff:170:221","properties":{"kind":"raster_water_pixel_center","pixel_area_m2":10000.0,"source_type":"land","target_h3":"8728d1009ffffff"},"type":"Feature"},{"geometry":{"coordinates":[-122.98035550782055,48.541151521972985],"type":"Point"},"id":"land:8728d1009ffffff:170:222","properties":{"kind":"raster_water_pixel_center","pixel_area_m2":10000.0,"source_type":"land","target_h3":"8728d1009ffffff"},"type":"Feature"},{"geometry":{"coordinates":[-122.97900071534822,48.541151282840254],"type":"Point"},"id":"land:8728d1009ffffff:170:223","properties":{"kind":"raster_water_pixel_center","pixel_area_m2":10000.0,"source_type":"land","target_h3":"8728d1009ffffff"},"type":"Feature"},{"geometry":{"coordinates":[-122.97764592289421,48.541151027765345],"type":"Point"},"id":"land:8728d1009ffffff:170:224","properties":{"kind":"raster_water_pixel_center","pixel_area_m2":10000.0,"source_type":"land","target_h3":"8728d1009ffffff"},"type":"Feature"},{"geometry":{"coordinates":[-122.97629113045976,48.541150756748266],"type":"Point"},"id":"land:8728d1009ffffff:170:225","properties":{"kind":"raster_water_pixel_center","pixel_area_m2":10000.0,"source_type":"land","target_h3":"8728d1009ffffff"},"type":"Feature"},{"geometry":{"coordinates":[-122.974936338046,48.541150469789],"type":"Point"},"id":"land:8728d1009ffffff:170:226","properties":{"kind":"raster_water_pixel_center","pixel_area_m2":10000.0,"source_type":"land","target_h3":"8728d1009ffffff"},"type":"Feature"},{"geometry":{"coordinates":[-122.97358154565417,48.541150166887554],"type":"Point"},"id":"land:8728d1009ffffff:170:227","properties":{"kind":"raster_water_pixel_center","pixel_area_m2":10000.0,"source_type":"land","target_h3":"8728d1009ffffff"},"type":"Feature"},{"geometry":{"coordinates":[-122.9722267532854,48.54114984804394],"type":"Point"},"id":"land:8728d1009ffffff:170:228","properties":{"kind":"raster_water_pixel_center","pixel_area_m2":10000.0,"source_type":"land","target_h3":"8728d1009ffffff"},"type":"Feature"},{"geometry":{"coordinates":[-122.97087196094093,48.54114951325815],"type":"Point"},"id":"land:8728d1009ffffff:170:229","properties":{"kind":"raster_water_pixel_center","pixel_area_m2":10000.0,"source_type":"land","target_h3":"8728d1009ffffff"},"type":"Feature"},{"geometry":{"coordinates":[-122.96951716862189,48.541149162530175],"type":"Point"},"id":"land:8728d1009ffffff:170:230","properties":{"kind":"raster_water_pixel_center","pixel_area_m2":10000.0,"source_type":"land","target_h3":"8728d1009ffffff"},"type":"Feature"},{"geometry":{"coordinates":[-122.9681623763295,48.54114879586004],"type":"Point"},"id":"land:8728d1009ffffff:170:231","properties":{"kind":"raster_water_pixel_center","pixel_area_m2":10000.0,"source_type":"land","target_h3":"8728d1009ffffff"},"type":"Feature"},{"geometry":{"coordinates":[-122.96680758406492,48.54114841324772],"type":"Point"},"id":"land:8728d1009ffffff:170:232","properties":{"kind":"raster_water_pixel_center","pixel_area_m2":10000.0,"source_type":"land","target_h3":"8728d1009ffffff"},"type":"Feature"},{"geometry":{"coordinates":[-122.96545279182936,48.541148014693235],"type":"Point"},"id":"land:8728d1009ffffff:170:233","properties":{"kind":"raster_water_pixel_center","pixel_area_m2":10000.0,"source_type":"land","target_h3":"8728d1009ffffff"},"type":"Feature"},{"geometry":{"coordinates":[-122.9966130785075,48.54025351436231],"type":"Point"},"id":"land:8728d1009ffffff:171:210","properties":{"kind":"raster_water_pixel_center","pixel_area_m2":10000.0,"source_type":"land","target_h3":"8728d1009ffffff"},"type":"Feature"},{"geometry":{"coordinates":[-122.99525830991463,48.54025346653726],"type":"Point"},"id":"land:8728d1009ffffff:171:211","properties":{"kind":"raster_water_pixel_center","pixel_area_m2":10000.0,"source_type":"land","target_h3":"8728d1009ffffff"},"type":"Feature"},{"geometry":{"coordinates":[-122.99390354132592,48.54025340277053],"type":"Point"},"id":"land:8728d1009ffffff:171:212","properties":{"kind":"raster_water_pixel_center","pixel_area_m2":10000.0,"source_type":"land","target_h3":"8728d1009ffffff"},"type":"Feature"},{"geometry":{"coordinates":[-122.99254877274254,48.540253323062124],"type":"Point"},"id":"land:8728d1009ffffff:171:213","properties":{"kind":"raster_water_pixel_center","pixel_area_m2":10000.0,"source_type":"land","target_h3":"8728d1009ffffff"},"type":"Feature"},{"geometry":{"coordinates":[-122.99119400416566,48.540253227412045],"type":"Point"},"id":"land:8728d1009ffffff:171:214","properties":{"kind":"raster_water_pixel_center","pixel_area_m2":10000.0,"source_type":"land","target_h3":"8728d1009ffffff"},"type":"Feature"},{"geometry":{"coordinates":[-122.98983923559646,48.54025311582026],"type":"Point"},"id":"land:8728d1009ffffff:171:215","properties":{"kind":"raster_water_pixel_center","pixel_area_m2":10000.0,"source_type":"land","target_h3":"8728d1009ffffff"},"type":"Feature"},{"geometry":{"coordinates":[-122.98848446703617,48.54025298828681],"type":"Point"},"id":"land:8728d1009ffffff:171:216","properties":{"kind":"raster_water_pixel_center","pixel_area_m2":10000.0,"source_type":"land","target_h3":"8728d1009ffffff"},"type":"Feature"},{"geometry":{"coordinates":[-122.98712969848592,48.540252844811675],"type":"Point"},"id":"land:8728d1009ffffff:171:217","properties":{"kind":"raster_water_pixel_center","pixel_area_m2":10000.0,"source_type":"land","target_h3":"8728d1009ffffff"},"type":"Feature"},{"geometry":{"coordinates":[-122.98577492994693,48.54025268539487],"type":"Point"},"id":"land:8728d1009ffffff:171:218","properties":{"kind":"raster_water_pixel_center","pixel_area_m2":10000.0,"source_type":"land","target_h3":"8728d1009ffffff"},"type":"Feature"},{"geometry":{"coordinates":[-122.98442016142036,48.54025251003637],"type":"Point"},"id":"land:8728d1009ffffff:171:219","properties":{"kind":"raster_water_pixel_center","pixel_area_m2":10000.0,"source_type":"land","target_h3":"8728d1009ffffff"},"type":"Feature"},{"geometry":{"coordinates":[-122.98306539290742,48.54025231873619],"type":"Point"},"id":"land:8728d1009ffffff:171:220","properties":{"kind":"raster_water_pixel_center","pixel_area_m2":10000.0,"source_type":"land","target_h3":"8728d1009ffffff"},"type":"Feature"},{"geometry":{"coordinates":[-122.98171062440927,48.54025211149433],"type":"Point"},"id":"land:8728d1009ffffff:171:221","properties":{"kind":"raster_water_pixel_center","pixel_area_m2":10000.0,"source_type":"land","target_h3":"8728d1009ffffff"},"type":"Feature"},{"geometry":{"coordinates":[-122.9803558559271,48.540251888310806],"type":"Point"},"id":"land:8728d1009ffffff:171:222","properties":{"kind":"raster_water_pixel_center","pixel_area_m2":10000.0,"source_type":"land","target_h3":"8728d1009ffffff"},"type":"Feature"},{"geometry":{"coordinates":[-122.97900108746208,48.54025164918559],"type":"Point"},"id":"land:8728d1009ffffff:171:223","properties":{"kind":"raster_water_pixel_center","pixel_area_m2":10000.0,"source_type":"land","target_h3":"8728d1009ffffff"},"type":"Feature"},{"geometry":{"coordinates":[-122.97764631901542,48.540251394118705],"type":"Point"},"id":"land:8728d1009ffffff:171:224","properties":{"kind":"raster_water_pixel_center","pixel_area_m2":10000.0,"source_type":"land","target_h3":"8728d1009ffffff"},"type":"Feature"},{"geometry":{"coordinates":[-122.97629155058831,48.540251123110146],"type":"Point"},"id":"land:8728d1009ffffff:171:225","properties":{"kind":"raster_water_pixel_center","pixel_area_m2":10000.0,"source_type":"land","target_h3":"8728d1009ffffff"},"type":"Feature"},{"geometry":{"coordinates":[-122.97493678218189,48.540250836159906],"type":"Point"},"id":"land:8728d1009ffffff:171:226","properties":{"kind":"raster_water_pixel_center","pixel_area_m2":10000.0,"source_type":"land","target_h3":"8728d1009ffffff"},"type":"Feature"},{"geometry":{"coordinates":[-122.9735820137974,48.54025053326799],"type":"Point"},"id":"land:8728d1009ffffff:171:227","properties":{"kind":"raster_water_pixel_center","pixel_area_m2":10000.0,"source_type":"land","target_h3":"8728d1009ffffff"},"type":"Feature"},{"geometry":{"coordinates":[-122.97222724543596,48.54025021443439],"type":"Point"},"id":"land:8728d1009ffffff:171:228","properties":{"kind":"raster_water_pixel_center","pixel_area_m2":10000.0,"source_type":"land","target_h3":"8728d1009ffffff"},"type":"Feature"},{"geometry":{"coordinates":[-122.97087247709882,48.54024987965912],"type":"Point"},"id":"land:8728d1009ffffff:171:229","properties":{"kind":"raster_water_pixel_center","pixel_area_m2":10000.0,"source_type":"land","target_h3":"8728d1009ffffff"},"type":"Feature"},{"geometry":{"coordinates":[-122.96951770878712,48.54024952894217],"type":"Point"},"id":"land:8728d1009ffffff:171:230","properties":{"kind":"raster_water_pixel_center","pixel_area_m2":10000.0,"source_type":"land","target_h3":"8728d1009ffffff"},"type":"Feature"},{"geometry":{"coordinates":[-122.96816294050205,48.54024916228356],"type":"Point"},"id":"land:8728d1009ffffff:171:231","properties":{"kind":"raster_water_pixel_center","pixel_area_m2":10000.0,"source_type":"land","target_h3":"8728d1009ffffff"},"type":"Feature"},{"geometry":{"coordinates":[-122.96680817224481,48.54024877968327],"type":"Point"},"id":"land:8728d1009ffffff:171:232","properties":{"kind":"raster_water_pixel_center","pixel_area_m2":10000.0,"source_type":"land","target_h3":"8728d1009ffffff"},"type":"Feature"},{"geometry":{"coordinates":[-122.99525839393621,48.53935383268418],"type":"Point"},"id":"land:8728d1009ffffff:172:211","properties":{"kind":"raster_water_pixel_center","pixel_area_m2":10000.0,"source_type":"land","target_h3":"8728d1009ffffff"},"type":"Feature"},{"geometry":{"coordinates":[-122.99390364935367,48.539353768919455],"type":"Point"},"id":"land:8728d1009ffffff:172:212","properties":{"kind":"raster_water_pixel_center","pixel_area_m2":10000.0,"source_type":"land","target_h3":"8728d1009ffffff"},"type":"Feature"},{"geometry":{"coordinates":[-122.99254890477644,48.539353689213556],"type":"Point"},"id":"land:8728d1009ffffff:172:213","properties":{"kind":"raster_water_pixel_center","pixel_area_m2":10000.0,"source_type":"land","target_h3":"8728d1009ffffff"},"type":"Feature"},{"geometry":{"coordinates":[-122.99119416020574,48.53935359356647],"type":"Point"},"id":"land:8728d1009ffffff:172:214","properties":{"kind":"raster_water_pixel_center","pixel_area_m2":10000.0,"source_type":"land","target_h3":"8728d1009ffffff"},"type":"Feature"},{"geometry":{"coordinates":[-122.9898394156427,48.5393534819782],"type":"Point"},"id":"land:8728d1009ffffff:172:215","properties":{"kind":"raster_water_pixel_center","pixel_area_m2":10000.0,"source_type":"land","target_h3":"8728d1009ffffff"},"type":"Feature"},{"geometry":{"coordinates":[-122.98848467108856,48.539353354448764],"type":"Point"},"id":"land:8728d1009ffffff:172:216","properties":{"kind":"raster_water_pixel_center","pixel_area_m2":10000.0,"source_type":"land","target_h3":"8728d1009ffffff"},"type":"Feature"},{"geometry":{"coordinates":[-122.98712992654448,48.53935321097814],"type":"Point"},"id":"land:8728d1009ffffff:172:217","properties":{"kind":"raster_water_pixel_center","pixel_area_m2":10000.0,"source_type":"land","target_h3":"8728d1009ffffff"},"type":"Feature"},{"geometry":{"coordinates":[-122.98577518201166,48.53935305156633],"type":"Point"},"id":"land:8728d1009ffffff:172:218","properties":{"kind":"raster_water_pixel_center","pixel_area_m2":10000.0,"source_type":"land","target_h3":"8728d1009ffffff"},"type":"Feature"},{"geometry":{"coordinates":[-122.98442043749125,48.53935287621336],"type":"Point"},"id":"land:8728d1009ffffff:172:219","properties":{"kind":"raster_water_pixel_center","pixel_area_m2":10000.0,"source_type":"land","target_h3":"8728d1009ffffff"},"type":"Feature"},{"geometry":{"coordinates":[-122.98306569298447,48.539352684919194],"type":"Point"},"id":"land:8728d1009ffffff:172:220","properties":{"kind":"raster_water_pixel_center","pixel_area_m2":10000.0,"source_type":"land","target_h3":"8728d1009ffffff"},"type":"Feature"},{"geometry":{"coordinates":[-122.98171094849248,48.539352477683856],"type":"Point"},"id":"land:8728d1009ffffff:172:221","properties":{"kind":"raster_water_pixel_center","pixel_area_m2":10000.0,"source_type":"land","target_h3":"8728d1009ffffff"},"type":"Feature"},{"geometry":{"coordinates":[-122.98035620401647,48.539352254507335],"type":"Point"},"id":"land:8728d1009ffffff:172:222","properties":{"kind":"raster_water_pixel_center","pixel_area_m2":10000.0,"source_type":"land","target_h3":"8728d1009ffffff"},"type":"Feature"},{"geometry":{"coordinates":[-122.97900145955761,48.539352015389646],"type":"Point"},"id":"land:8728d1009ffffff:172:223","properties":{"kind":"raster_water_pixel_center","pixel_area_m2":10000.0,"source_type":"land","target_h3":"8728d1009ffffff"},"type":"Feature"},{"geometry":{"coordinates":[-122.9776467151171,48.539351760330774],"type":"Point"},"id":"land:8728d1009ffffff:172:224","properties":{"kind":"raster_water_pixel_center","pixel_area_m2":10000.0,"source_type":"land","target_h3":"8728d1009ffffff"},"type":"Feature"},{"geometry":{"coordinates":[-122.97629197069612,48.53935148933073],"type":"Point"},"id":"land:8728d1009ffffff:172:225","properties":{"kind":"raster_water_pixel_center","pixel_area_m2":10000.0,"source_type":"land","target_h3":"8728d1009ffffff"},"type":"Feature"},{"geometry":{"coordinates":[-122.97493722629589,48.5393512023895],"type":"Point"},"id":"land:8728d1009ffffff:172:226","properties":{"kind":"raster_water_pixel_center","pixel_area_m2":10000.0,"source_type":"land","target_h3":"8728d1009ffffff"},"type":"Feature"},{"geometry":{"coordinates":[-122.97358248191755,48.5393508995071],"type":"Point"},"id":"land:8728d1009ffffff:172:227","properties":{"kind":"raster_water_pixel_center","pixel_area_m2":10000.0,"source_type":"land","target_h3":"8728d1009ffffff"},"type":"Feature"},{"geometry":{"coordinates":[-122.97222773756228,48.53935058068353],"type":"Point"},"id":"land:8728d1009ffffff:172:228","properties":{"kind":"raster_water_pixel_center","pixel_area_m2":10000.0,"source_type":"land","target_h3":"8728d1009ffffff"},"type":"Feature"},{"geometry":{"coordinates":[-122.97087299323124,48.53935024591878],"type":"Point"},"id":"land:8728d1009ffffff:172:229","properties":{"kind":"raster_water_pixel_center","pixel_area_m2":10000.0,"source_type":"land","target_h3":"8728d1009ffffff"},"type":"Feature"},{"geometry":{"coordinates":[-122.96951824892572,48.539349895212865],"type":"Point"},"id":"land:8728d1009ffffff:172:230","properties":{"kind":"raster_water_pixel_center","pixel_area_m2":10000.0,"source_type":"land","target_h3":"8728d1009ffffff"},"type":"Feature"},{"geometry":{"coordinates":[-122.96816350464678,48.53934952856578],"type":"Point"},"id":"land:8728d1009ffffff:172:231","properties":{"kind":"raster_water_pixel_center","pixel_area_m2":10000.0,"source_type":"land","target_h3":"8728d1009ffffff"},"type":"Feature"},{"geometry":{"coordinates":[-122.96680876039568,48.53934914597752],"type":"Point"},"id":"land:8728d1009ffffff:172:232","properties":{"kind":"raster_water_pixel_center","pixel_area_m2":10000.0,"source_type":"land","target_h3":"8728d1009ffffff"},"type":"Feature"},{"geometry":{"coordinates":[-122.99525847795367,48.538454198689806],"type":"Point"},"id":"land:8728d1009ffffff:173:211","properties":{"kind":"raster_water_pixel_center","pixel_area_m2":10000.0,"source_type":"land","target_h3":"8728d1009ffffff"},"type":"Feature"},{"geometry":{"coordinates":[-122.99390375737609,48.53845413492709],"type":"Point"},"id":"land:8728d1009ffffff:173:212","properties":{"kind":"raster_water_pixel_center","pixel_area_m2":10000.0,"source_type":"land","target_h3":"8728d1009ffffff"},"type":"Feature"},{"geometry":{"coordinates":[-122.99254903680384,48.53845405522369],"type":"Point"},"id":"land:8728d1009ffffff:173:213","properties":{"kind":"raster_water_pixel_center","pixel_area_m2":10000.0,"source_type":"land","target_h3":"8728d1009ffffff"},"type":"Feature"},{"geometry":{"coordinates":[-122.99119431623812,48.53845395957961],"type":"Point"},"id":"land:8728d1009ffffff:173:214","properties":{"kind":"raster_water_pixel_center","pixel_area_m2":10000.0,"source_type":"land","target_h3":"8728d1009ffffff"},"type":"Feature"},{"geometry":{"coordinates":[-122.98983959568007,48.53845384799486],"type":"Point"},"id":"land:8728d1009ffffff:173:215","properties":{"kind":"raster_water_pixel_center","pixel_area_m2":10000.0,"source_type":"land","target_h3":"8728d1009ffffff"},"type":"Feature"},{"geometry":{"coordinates":[-122.98848487513091,48.53845372046942],"type":"Point"},"id":"land:8728d1009ffffff:173:216","properties":{"kind":"raster_water_pixel_center","pixel_area_m2":10000.0,"source_type":"land","target_h3":"8728d1009ffffff"},"type":"Feature"},{"geometry":{"coordinates":[-122.98713015459181,48.53845357700331],"type":"Point"},"id":"land:8728d1009ffffff:173:217","properties":{"kind":"raster_water_pixel_center","pixel_area_m2":10000.0,"source_type":"land","target_h3":"8728d1009ffffff"},"type":"Feature"},{"geometry":{"coordinates":[-122.98577543406395,48.538453417596514],"type":"Point"},"id":"land:8728d1009ffffff:173:218","properties":{"kind":"raster_water_pixel_center","pixel_area_m2":10000.0,"source_type":"land","target_h3":"8728d1009ffffff"},"type":"Feature"},{"geometry":{"coordinates":[-122.98442071354852,48.53845324224905],"type":"Point"},"id":"land:8728d1009ffffff:173:219","properties":{"kind":"raster_water_pixel_center","pixel_area_m2":10000.0,"source_type":"land","target_h3":"8728d1009ffffff"},"type":"Feature"},{"geometry":{"coordinates":[-122.98306599304672,48.5384530509609],"type":"Point"},"id":"land:8728d1009ffffff:173:220","properties":{"kind":"raster_water_pixel_center","pixel_area_m2":10000.0,"source_type":"land","target_h3":"8728d1009ffffff"},"type":"Feature"},{"geometry":{"coordinates":[-122.9817112725597,48.53845284373207],"type":"Point"},"id":"land:8728d1009ffffff:173:221","properties":{"kind":"raster_water_pixel_center","pixel_area_m2":10000.0,"source_type":"land","target_h3":"8728d1009ffffff"},"type":"Feature"},{"geometry":{"coordinates":[-122.98035655208867,48.53845262056257],"type":"Point"},"id":"land:8728d1009ffffff:173:222","properties":{"kind":"raster_water_pixel_center","pixel_area_m2":10000.0,"source_type":"land","target_h3":"8728d1009ffffff"},"type":"Feature"},{"geometry":{"coordinates":[-122.97900183163478,48.5384523814524],"type":"Point"},"id":"land:8728d1009ffffff:173:223","properties":{"kind":"raster_water_pixel_center","pixel_area_m2":10000.0,"source_type":"land","target_h3":"8728d1009ffffff"},"type":"Feature"},{"geometry":{"coordinates":[-122.97764711119926,48.538452126401545],"type":"Point"},"id":"land:8728d1009ffffff:173:224","properties":{"kind":"raster_water_pixel_center","pixel_area_m2":10000.0,"source_type":"land","target_h3":"8728d1009ffffff"},"type":"Feature"},{"geometry":{"coordinates":[-122.97629239078326,48.53845185541001],"type":"Point"},"id":"land:8728d1009ffffff:173:225","properties":{"kind":"raster_water_pixel_center","pixel_area_m2":10000.0,"source_type":"land","target_h3":"8728d1009ffffff"},"type":"Feature"},{"geometry":{"coordinates":[-122.97493767038797,48.538451568477804],"type":"Point"},"id":"land:8728d1009ffffff:173:226","properties":{"kind":"raster_water_pixel_center","pixel_area_m2":10000.0,"source_type":"land","target_h3":"8728d1009ffffff"},"type":"Feature"},{"geometry":{"coordinates":[-122.97358295001459,48.53845126560494],"type":"Point"},"id":"land:8728d1009ffffff:173:227","properties":{"kind":"raster_water_pixel_center","pixel_area_m2":10000.0,"source_type":"land","target_h3":"8728d1009ffffff"},"type":"Feature"},{"geometry":{"coordinates":[-122.97222822966428,48.538450946791386],"type":"Point"},"id":"land:8728d1009ffffff:173:228","properties":{"kind":"raster_water_pixel_center","pixel_area_m2":10000.0,"source_type":"land","target_h3":"8728d1009ffffff"},"type":"Feature"},{"geometry":{"coordinates":[-122.97087350933825,48.53845061203716],"type":"Point"},"id":"land:8728d1009ffffff:173:229","properties":{"kind":"raster_water_pixel_center","pixel_area_m2":10000.0,"source_type":"land","target_h3":"8728d1009ffffff"},"type":"Feature"},{"geometry":{"coordinates":[-122.96951878903766,48.53845026134227],"type":"Point"},"id":"land:8728d1009ffffff:173:230","properties":{"kind":"raster_water_pixel_center","pixel_area_m2":10000.0,"source_type":"land","target_h3":"8728d1009ffffff"},"type":"Feature"},{"geometry":{"coordinates":[-122.9681640687637,48.53844989470671],"type":"Point"},"id":"land:8728d1009ffffff:173:231","properties":{"kind":"raster_water_pixel_center","pixel_area_m2":10000.0,"source_type":"land","target_h3":"8728d1009ffffff"},"type":"Feature"},{"geometry":{"coordinates":[-122.99390386539318,48.53755450079342],"type":"Point"},"id":"land:8728d1009ffffff:174:212","properties":{"kind":"raster_water_pixel_center","pixel_area_m2":10000.0,"source_type":"land","target_h3":"8728d1009ffffff"},"type":"Feature"},{"geometry":{"coordinates":[-122.99254916882472,48.53755442109253],"type":"Point"},"id":"land:8728d1009ffffff:174:213","properties":{"kind":"raster_water_pixel_center","pixel_area_m2":10000.0,"source_type":"land","target_h3":"8728d1009ffffff"},"type":"Feature"},{"geometry":{"coordinates":[-122.9911944722628,48.53755432545146],"type":"Point"},"id":"land:8728d1009ffffff:174:214","properties":{"kind":"raster_water_pixel_center","pixel_area_m2":10000.0,"source_type":"land","target_h3":"8728d1009ffffff"},"type":"Feature"},{"geometry":{"coordinates":[-122.98983977570855,48.53755421387021],"type":"Point"},"id":"land:8728d1009ffffff:174:215","properties":{"kind":"raster_water_pixel_center","pixel_area_m2":10000.0,"source_type":"land","target_h3":"8728d1009ffffff"},"type":"Feature"},{"geometry":{"coordinates":[-122.98848507916318,48.537554086348784],"type":"Point"},"id":"land:8728d1009ffffff:174:216","properties":{"kind":"raster_water_pixel_center","pixel_area_m2":10000.0,"source_type":"land","target_h3":"8728d1009ffffff"},"type":"Feature"},{"geometry":{"coordinates":[-122.98713038262788,48.537553942887186],"type":"Point"},"id":"land:8728d1009ffffff:174:217","properties":{"kind":"raster_water_pixel_center","pixel_area_m2":10000.0,"source_type":"land","target_h3":"8728d1009ffffff"},"type":"Feature"},{"geometry":{"coordinates":[-122.98577568610384,48.5375537834854],"type":"Point"},"id":"land:8728d1009ffffff:174:218","properties":{"kind":"raster_water_pixel_center","pixel_area_m2":10000.0,"source_type":"land","target_h3":"8728d1009ffffff"},"type":"Feature"},{"geometry":{"coordinates":[-122.9844209895922,48.53755360814344],"type":"Point"},"id":"land:8728d1009ffffff:174:219","properties":{"kind":"raster_water_pixel_center","pixel_area_m2":10000.0,"source_type":"land","target_h3":"8728d1009ffffff"},"type":"Feature"},{"geometry":{"coordinates":[-122.98306629309417,48.53755341686131],"type":"Point"},"id":"land:8728d1009ffffff:174:220","properties":{"kind":"raster_water_pixel_center","pixel_area_m2":10000.0,"source_type":"land","target_h3":"8728d1009ffffff"},"type":"Feature"},{"geometry":{"coordinates":[-122.98171159661095,48.537553209639],"type":"Point"},"id":"land:8728d1009ffffff:174:221","properties":{"kind":"raster_water_pixel_center","pixel_area_m2":10000.0,"source_type":"land","target_h3":"8728d1009ffffff"},"type":"Feature"},{"geometry":{"coordinates":[-122.98035690014369,48.537552986476506],"type":"Point"},"id":"land:8728d1009ffffff:174:222","properties":{"kind":"raster_water_pixel_center","pixel_area_m2":10000.0,"source_type":"land","target_h3":"8728d1009ffffff"},"type":"Feature"},{"geometry":{"coordinates":[-122.97900220369363,48.537552747373844],"type":"Point"},"id":"land:8728d1009ffffff:174:223","properties":{"kind":"raster_water_pixel_center","pixel_area_m2":10000.0,"source_type":"land","target_h3":"8728d1009ffffff"},"type":"Feature"},{"geometry":{"coordinates":[-122.97764750726188,48.53755249233102],"type":"Point"},"id":"land:8728d1009ffffff:174:224","properties":{"kind":"raster_water_pixel_center","pixel_area_m2":10000.0,"source_type":"land","target_h3":"8728d1009ffffff"},"type":"Feature"},{"geometry":{"coordinates":[-122.97629281084964,48.537552221348],"type":"Point"},"id":"land:8728d1009ffffff:174:225","properties":{"kind":"raster_water_pixel_center","pixel_area_m2":10000.0,"source_type":"land","target_h3":"8728d1009ffffff"},"type":"Feature"},{"geometry":{"coordinates":[-122.97493811445815,48.537551934424826],"type":"Point"},"id":"land:8728d1009ffffff:174:226","properties":{"kind":"raster_water_pixel_center","pixel_area_m2":10000.0,"source_type":"land","target_h3":"8728d1009ffffff"},"type":"Feature"},{"geometry":{"coordinates":[-122.97358341808855,48.53755163156146],"type":"Point"},"id":"land:8728d1009ffffff:174:227","properties":{"kind":"raster_water_pixel_center","pixel_area_m2":10000.0,"source_type":"land","target_h3":"8728d1009ffffff"},"type":"Feature"},{"geometry":{"coordinates":[-122.97222872174204,48.537551312757934],"type":"Point"},"id":"land:8728d1009ffffff:174:228","properties":{"kind":"raster_water_pixel_center","pixel_area_m2":10000.0,"source_type":"land","target_h3":"8728d1009ffffff"},"type":"Feature"},{"geometry":{"coordinates":[-122.97087402541979,48.53755097801424],"type":"Point"},"id":"land:8728d1009ffffff:174:229","properties":{"kind":"raster_water_pixel_center","pixel_area_m2":10000.0,"source_type":"land","target_h3":"8728d1009ffffff"},"type":"Feature"},{"geometry":{"coordinates":[-122.96951932912297,48.53755062733037],"type":"Point"},"id":"land:8728d1009ffffff:174:230","properties":{"kind":"raster_water_pixel_center","pixel_area_m2":10000.0,"source_type":"land","target_h3":"8728d1009ffffff"},"type":"Feature"},{"geometry":{"coordinates":[-122.9681646328528,48.53755026070633],"type":"Point"},"id":"land:8728d1009ffffff:174:231","properties":{"kind":"raster_water_pixel_center","pixel_area_m2":10000.0,"source_type":"land","target_h3":"8728d1009ffffff"},"type":"Feature"},{"geometry":{"coordinates":[-122.99254930083912,48.53665478682007],"type":"Point"},"id":"land:8728d1009ffffff:175:213","properties":{"kind":"raster_water_pixel_center","pixel_area_m2":10000.0,"source_type":"land","target_h3":"8728d1009ffffff"},"type":"Feature"},{"geometry":{"coordinates":[-122.9911946282798,48.53665469118201],"type":"Point"},"id":"land:8728d1009ffffff:175:214","properties":{"kind":"raster_water_pixel_center","pixel_area_m2":10000.0,"source_type":"land","target_h3":"8728d1009ffffff"},"type":"Feature"},{"geometry":{"coordinates":[-122.98983995572817,48.53665457960427],"type":"Point"},"id":"land:8728d1009ffffff:175:215","properties":{"kind":"raster_water_pixel_center","pixel_area_m2":10000.0,"source_type":"land","target_h3":"8728d1009ffffff"},"type":"Feature"},{"geometry":{"coordinates":[-122.98848528318541,48.53665445208686],"type":"Point"},"id":"land:8728d1009ffffff:175:216","properties":{"kind":"raster_water_pixel_center","pixel_area_m2":10000.0,"source_type":"land","target_h3":"8728d1009ffffff"},"type":"Feature"},{"geometry":{"coordinates":[-122.98713061065271,48.536654308629764],"type":"Point"},"id":"land:8728d1009ffffff:175:217","properties":{"kind":"raster_water_pixel_center","pixel_area_m2":10000.0,"source_type":"land","target_h3":"8728d1009ffffff"},"type":"Feature"},{"geometry":{"coordinates":[-122.98577593813127,48.53665414923299],"type":"Point"},"id":"land:8728d1009ffffff:175:218","properties":{"kind":"raster_water_pixel_center","pixel_area_m2":10000.0,"source_type":"land","target_h3":"8728d1009ffffff"},"type":"Feature"},{"geometry":{"coordinates":[-122.98442126562223,48.536653973896534],"type":"Point"},"id":"land:8728d1009ffffff:175:219","properties":{"kind":"raster_water_pixel_center","pixel_area_m2":10000.0,"source_type":"land","target_h3":"8728d1009ffffff"},"type":"Feature"},{"geometry":{"coordinates":[-122.98306659312684,48.53665378262041],"type":"Point"},"id":"land:8728d1009ffffff:175:220","properties":{"kind":"raster_water_pixel_center","pixel_area_m2":10000.0,"source_type":"land","target_h3":"8728d1009ffffff"},"type":"Feature"},{"geometry":{"coordinates":[-122.98171192064622,48.53665357540462],"type":"Point"},"id":"land:8728d1009ffffff:175:221","properties":{"kind":"raster_water_pixel_center","pixel_area_m2":10000.0,"source_type":"land","target_h3":"8728d1009ffffff"},"type":"Feature"},{"geometry":{"coordinates":[-122.98035724818158,48.536653352249154],"type":"Point"},"id":"land:8728d1009ffffff:175:222","properties":{"kind":"raster_water_pixel_center","pixel_area_m2":10000.0,"source_type":"land","target_h3":"8728d1009ffffff"},"type":"Feature"},{"geometry":{"coordinates":[-122.97900257573409,48.53665311315401],"type":"Point"},"id":"land:8728d1009ffffff:175:223","properties":{"kind":"raster_water_pixel_center","pixel_area_m2":10000.0,"source_type":"land","target_h3":"8728d1009ffffff"},"type":"Feature"},{"geometry":{"coordinates":[-122.97764790330496,48.53665285811918],"type":"Point"},"id":"land:8728d1009ffffff:175:224","properties":{"kind":"raster_water_pixel_center","pixel_area_m2":10000.0,"source_type":"land","target_h3":"8728d1009ffffff"},"type":"Feature"},{"geometry":{"coordinates":[-122.97629323089535,48.536652587144694],"type":"Point"},"id":"land:8728d1009ffffff:175:225","properties":{"kind":"raster_water_pixel_center","pixel_area_m2":10000.0,"source_type":"land","target_h3":"8728d1009ffffff"},"type":"Feature"},{"geometry":{"coordinates":[-122.97493855850647,48.53665230023053],"type":"Point"},"id":"land:8728d1009ffffff:175:226","properties":{"kind":"raster_water_pixel_center","pixel_area_m2":10000.0,"source_type":"land","target_h3":"8728d1009ffffff"},"type":"Feature"},{"geometry":{"coordinates":[-122.97358388613947,48.536651997376694],"type":"Point"},"id":"land:8728d1009ffffff:175:227","properties":{"kind":"raster_water_pixel_center","pixel_area_m2":10000.0,"source_type":"land","target_h3":"8728d1009ffffff"},"type":"Feature"},{"geometry":{"coordinates":[-122.97222921379553,48.53665167858318],"type":"Point"},"id":"land:8728d1009ffffff:175:228","properties":{"kind":"raster_water_pixel_center","pixel_area_m2":10000.0,"source_type":"land","target_h3":"8728d1009ffffff"},"type":"Feature"},{"geometry":{"coordinates":[-122.97087454147588,48.53665134385001],"type":"Point"},"id":"land:8728d1009ffffff:175:229","properties":{"kind":"raster_water_pixel_center","pixel_area_m2":10000.0,"source_type":"land","target_h3":"8728d1009ffffff"},"type":"Feature"},{"geometry":{"coordinates":[-122.96951986918167,48.53665099317717],"type":"Point"},"id":"land:8728d1009ffffff:175:230","properties":{"kind":"raster_water_pixel_center","pixel_area_m2":10000.0,"source_type":"land","target_h3":"8728d1009ffffff"},"type":"Feature"},{"geometry":{"coordinates":[-122.99119478428908,48.53575505677126],"type":"Point"},"id":"land:8728d1009ffffff:176:214","properties":{"kind":"raster_water_pixel_center","pixel_area_m2":10000.0,"source_type":"land","target_h3":"8728d1009ffffff"},"type":"Feature"},{"geometry":{"coordinates":[-122.98984013573889,48.53575494519703],"type":"Point"},"id":"land:8728d1009ffffff:176:215","properties":{"kind":"raster_water_pixel_center","pixel_area_m2":10000.0,"source_type":"land","target_h3":"8728d1009ffffff"},"type":"Feature"},{"geometry":{"coordinates":[-122.98848548719756,48.53575481768361],"type":"Point"},"id":"land:8728d1009ffffff:176:216","properties":{"kind":"raster_water_pixel_center","pixel_area_m2":10000.0,"source_type":"land","target_h3":"8728d1009ffffff"},"type":"Feature"},{"geometry":{"coordinates":[-122.9871308386663,48.53575467423103],"type":"Point"},"id":"land:8728d1009ffffff:176:217","properties":{"kind":"raster_water_pixel_center","pixel_area_m2":10000.0,"source_type":"land","target_h3":"8728d1009ffffff"},"type":"Feature"},{"geometry":{"coordinates":[-122.98577619014628,48.53575451483926],"type":"Point"},"id":"land:8728d1009ffffff:176:218","properties":{"kind":"raster_water_pixel_center","pixel_area_m2":10000.0,"source_type":"land","target_h3":"8728d1009ffffff"},"type":"Feature"},{"geometry":{"coordinates":[-122.98442154163868,48.53575433950834],"type":"Point"},"id":"land:8728d1009ffffff:176:219","properties":{"kind":"raster_water_pixel_center","pixel_area_m2":10000.0,"source_type":"land","target_h3":"8728d1009ffffff"},"type":"Feature"},{"geometry":{"coordinates":[-122.98306689314468,48.53575414823823],"type":"Point"},"id":"land:8728d1009ffffff:176:220","properties":{"kind":"raster_water_pixel_center","pixel_area_m2":10000.0,"source_type":"land","target_h3":"8728d1009ffffff"},"type":"Feature"},{"geometry":{"coordinates":[-122.9817122446655,48.53575394102894],"type":"Point"},"id":"land:8728d1009ffffff:176:221","properties":{"kind":"raster_water_pixel_center","pixel_area_m2":10000.0,"source_type":"land","target_h3":"8728d1009ffffff"},"type":"Feature"},{"geometry":{"coordinates":[-122.98035759620227,48.53575371788049],"type":"Point"},"id":"land:8728d1009ffffff:176:222","properties":{"kind":"raster_water_pixel_center","pixel_area_m2":10000.0,"source_type":"land","target_h3":"8728d1009ffffff"},"type":"Feature"},{"geometry":{"coordinates":[-122.97900294775621,48.535753478792856],"type":"Point"},"id":"land:8728d1009ffffff:176:223","properties":{"kind":"raster_water_pixel_center","pixel_area_m2":10000.0,"source_type":"land","target_h3":"8728d1009ffffff"},"type":"Feature"},{"geometry":{"coordinates":[-122.97764829932851,48.53575322376606],"type":"Point"},"id":"land:8728d1009ffffff:176:224","properties":{"kind":"raster_water_pixel_center","pixel_area_m2":10000.0,"source_type":"land","target_h3":"8728d1009ffffff"},"type":"Feature"},{"geometry":{"coordinates":[-122.97629365092033,48.53575295280008],"type":"Point"},"id":"land:8728d1009ffffff:176:225","properties":{"kind":"raster_water_pixel_center","pixel_area_m2":10000.0,"source_type":"land","target_h3":"8728d1009ffffff"},"type":"Feature"},{"geometry":{"coordinates":[-122.97493900253284,48.53575266589493],"type":"Point"},"id":"land:8728d1009ffffff:176:226","properties":{"kind":"raster_water_pixel_center","pixel_area_m2":10000.0,"source_type":"land","target_h3":"8728d1009ffffff"},"type":"Feature"},{"geometry":{"coordinates":[-122.97358435416727,48.53575236305062],"type":"Point"},"id":"land:8728d1009ffffff:176:227","properties":{"kind":"raster_water_pixel_center","pixel_area_m2":10000.0,"source_type":"land","target_h3":"8728d1009ffffff"},"type":"Feature"},{"geometry":{"coordinates":[-122.97222970582477,48.535752044267134],"type":"Point"},"id":"land:8728d1009ffffff:176:228","properties":{"kind":"raster_water_pixel_center","pixel_area_m2":10000.0,"source_type":"land","target_h3":"8728d1009ffffff"},"type":"Feature"},{"geometry":{"coordinates":[-122.97087505750652,48.53575170954448],"type":"Point"},"id":"land:8728d1009ffffff:176:229","properties":{"kind":"raster_water_pixel_center","pixel_area_m2":10000.0,"source_type":"land","target_h3":"8728d1009ffffff"},"type":"Feature"},{"geometry":{"coordinates":[-122.96952040921373,48.535751358882656],"type":"Point"},"id":"land:8728d1009ffffff:176:230","properties":{"kind":"raster_water_pixel_center","pixel_area_m2":10000.0,"source_type":"land","target_h3":"8728d1009ffffff"},"type":"Feature"},{"geometry":{"coordinates":[-122.99119494029068,48.534855422219216],"type":"Point"},"id":"land:8728d1009ffffff:177:214","properties":{"kind":"raster_water_pixel_center","pixel_area_m2":10000.0,"source_type":"land","target_h3":"8728d1009ffffff"},"type":"Feature"},{"geometry":{"coordinates":[-122.98984031574075,48.534855310648496],"type":"Point"},"id":"land:8728d1009ffffff:177:215","properties":{"kind":"raster_water_pixel_center","pixel_area_m2":10000.0,"source_type":"land","target_h3":"8728d1009ffffff"},"type":"Feature"},{"geometry":{"coordinates":[-122.98848569119967,48.534855183139086],"type":"Point"},"id":"land:8728d1009ffffff:177:216","properties":{"kind":"raster_water_pixel_center","pixel_area_m2":10000.0,"source_type":"land","target_h3":"8728d1009ffffff"},"type":"Feature"},{"geometry":{"coordinates":[-122.98713106666864,48.53485503969102],"type":"Point"},"id":"land:8728d1009ffffff:177:217","properties":{"kind":"raster_water_pixel_center","pixel_area_m2":10000.0,"source_type":"land","target_h3":"8728d1009ffffff"},"type":"Feature"},{"geometry":{"coordinates":[-122.98577644214885,48.534854880304266],"type":"Point"},"id":"land:8728d1009ffffff:177:218","properties":{"kind":"raster_water_pixel_center","pixel_area_m2":10000.0,"source_type":"land","target_h3":"8728d1009ffffff"},"type":"Feature"},{"geometry":{"coordinates":[-122.98442181764152,48.53485470497885],"type":"Point"},"id":"land:8728d1009ffffff:177:219","properties":{"kind":"raster_water_pixel_center","pixel_area_m2":10000.0,"source_type":"land","target_h3":"8728d1009ffffff"},"type":"Feature"},{"geometry":{"coordinates":[-122.98306719314776,48.53485451371475],"type":"Point"},"id":"land:8728d1009ffffff:177:220","properties":{"kind":"raster_water_pixel_center","pixel_area_m2":10000.0,"source_type":"land","target_h3":"8728d1009ffffff"},"type":"Feature"},{"geometry":{"coordinates":[-122.98171256866881,48.53485430651198],"type":"Point"},"id":"land:8728d1009ffffff:177:221","properties":{"kind":"raster_water_pixel_center","pixel_area_m2":10000.0,"source_type":"land","target_h3":"8728d1009ffffff"},"type":"Feature"},{"geometry":{"coordinates":[-122.98035794420585,48.53485408337053],"type":"Point"},"id":"land:8728d1009ffffff:177:222","properties":{"kind":"raster_water_pixel_center","pixel_area_m2":10000.0,"source_type":"land","target_h3":"8728d1009ffffff"},"type":"Feature"},{"geometry":{"coordinates":[-122.97900331976003,48.53485384429042],"type":"Point"},"id":"land:8728d1009ffffff:177:223","properties":{"kind":"raster_water_pixel_center","pixel_area_m2":10000.0,"source_type":"land","target_h3":"8728d1009ffffff"},"type":"Feature"},{"geometry":{"coordinates":[-122.97764869533253,48.53485358927163],"type":"Point"},"id":"land:8728d1009ffffff:177:224","properties":{"kind":"raster_water_pixel_center","pixel_area_m2":10000.0,"source_type":"land","target_h3":"8728d1009ffffff"},"type":"Feature"},{"geometry":{"coordinates":[-122.9762940709246,48.534853318314184],"type":"Point"},"id":"land:8728d1009ffffff:177:225","properties":{"kind":"raster_water_pixel_center","pixel_area_m2":10000.0,"source_type":"land","target_h3":"8728d1009ffffff"},"type":"Feature"},{"geometry":{"coordinates":[-122.97493944653736,48.53485303141805],"type":"Point"},"id":"land:8728d1009ffffff:177:226","properties":{"kind":"raster_water_pixel_center","pixel_area_m2":10000.0,"source_type":"land","target_h3":"8728d1009ffffff"},"type":"Feature"},{"geometry":{"coordinates":[-122.973584822172,48.53485272858326],"type":"Point"},"id":"land:8728d1009ffffff:177:227","properties":{"kind":"raster_water_pixel_center","pixel_area_m2":10000.0,"source_type":"land","target_h3":"8728d1009ffffff"},"type":"Feature"},{"geometry":{"coordinates":[-122.97223019782973,48.53485240980979],"type":"Point"},"id":"land:8728d1009ffffff:177:228","properties":{"kind":"raster_water_pixel_center","pixel_area_m2":10000.0,"source_type":"land","target_h3":"8728d1009ffffff"},"type":"Feature"},{"geometry":{"coordinates":[-122.97087557351172,48.53485207509765],"type":"Point"},"id":"land:8728d1009ffffff:177:229","properties":{"kind":"raster_water_pixel_center","pixel_area_m2":10000.0,"source_type":"land","target_h3":"8728d1009ffffff"},"type":"Feature"},{"geometry":{"coordinates":[-122.98713129465973,48.533955405009706],"type":"Point"},"id":"land:8728d1009ffffff:178:217","properties":{"kind":"raster_water_pixel_center","pixel_area_m2":10000.0,"source_type":"land","target_h3":"8728d1009ffffff"},"type":"Feature"},{"geometry":{"coordinates":[-122.985776694139,48.53395524562795],"type":"Point"},"id":"land:8728d1009ffffff:178:218","properties":{"kind":"raster_water_pixel_center","pixel_area_m2":10000.0,"source_type":"land","target_h3":"8728d1009ffffff"},"type":"Feature"},{"geometry":{"coordinates":[-122.98442209363074,48.53395507030804],"type":"Point"},"id":"land:8728d1009ffffff:178:219","properties":{"kind":"raster_water_pixel_center","pixel_area_m2":10000.0,"source_type":"land","target_h3":"8728d1009ffffff"},"type":"Feature"},{"geometry":{"coordinates":[-122.98306749313605,48.533954879049965],"type":"Point"},"id":"land:8728d1009ffffff:178:220","properties":{"kind":"raster_water_pixel_center","pixel_area_m2":10000.0,"source_type":"land","target_h3":"8728d1009ffffff"},"type":"Feature"},{"geometry":{"coordinates":[-122.98171289265615,48.533954671853714],"type":"Point"},"id":"land:8728d1009ffffff:178:221","properties":{"kind":"raster_water_pixel_center","pixel_area_m2":10000.0,"source_type":"land","target_h3":"8728d1009ffffff"},"type":"Feature"},{"geometry":{"coordinates":[-122.98035829219222,48.53395444871928],"type":"Point"},"id":"land:8728d1009ffffff:178:222","properties":{"kind":"raster_water_pixel_center","pixel_area_m2":10000.0,"source_type":"land","target_h3":"8728d1009ffffff"},"type":"Feature"},{"geometry":{"coordinates":[-122.97900369174546,48.53395420964668],"type":"Point"},"id":"land:8728d1009ffffff:178:223","properties":{"kind":"raster_water_pixel_center","pixel_area_m2":10000.0,"source_type":"land","target_h3":"8728d1009ffffff"},"type":"Feature"},{"geometry":{"coordinates":[-122.97764909131703,48.53395395463591],"type":"Point"},"id":"land:8728d1009ffffff:178:224","properties":{"kind":"raster_water_pixel_center","pixel_area_m2":10000.0,"source_type":"land","target_h3":"8728d1009ffffff"},"type":"Feature"},{"geometry":{"coordinates":[-122.97629449090815,48.53395368368697],"type":"Point"},"id":"land:8728d1009ffffff:178:225","properties":{"kind":"raster_water_pixel_center","pixel_area_m2":10000.0,"source_type":"land","target_h3":"8728d1009ffffff"},"type":"Feature"},{"geometry":{"coordinates":[-122.98052445547371,48.543338590226796],"type":"Point"},"id":"water:8728d1009ffffff:0","properties":{"kind":"opaque_land_mask_target_sample","source_type":"water","target_h3":"8728d1009ffffff"},"type":"Feature"},{"geometry":{"coordinates":[-122.9976686648818,48.54114976559445],"type":"Point"},"id":"water:8728d1009ffffff:1","properties":{"kind":"opaque_land_mask_target_sample","source_type":"water","target_h3":"8728d1009ffffff"},"type":"Feature"},{"geometry":{"coordinates":[-122.96337911855005,48.5454554559187],"type":"Point"},"id":"water:8728d1009ffffff:2","properties":{"kind":"opaque_land_mask_target_sample","source_type":"water","target_h3":"8728d1009ffffff"},"type":"Feature"},{"geometry":{"coordinates":[-122.97493989051996,48.533953396799866],"type":"Point"},"id":"land:8728d100dffffff:178:226","properties":{"kind":"raster_water_pixel_center","pixel_area_m2":10000.0,"source_type":"land","target_h3":"8728d100dffffff"},"type":"Feature"},{"geometry":{"coordinates":[-122.97358529015366,48.53395309397459],"type":"Point"},"id":"land:8728d100dffffff:178:227","properties":{"kind":"raster_water_pixel_center","pixel_area_m2":10000.0,"source_type":"land","target_h3":"8728d100dffffff"},"type":"Feature"},{"geometry":{"coordinates":[-122.97223068981046,48.53395277521114],"type":"Point"},"id":"land:8728d100dffffff:178:228","properties":{"kind":"raster_water_pixel_center","pixel_area_m2":10000.0,"source_type":"land","target_h3":"8728d100dffffff"},"type":"Feature"},{"geometry":{"coordinates":[-122.97087608949148,48.53395244050952],"type":"Point"},"id":"land:8728d100dffffff:178:229","properties":{"kind":"raster_water_pixel_center","pixel_area_m2":10000.0,"source_type":"land","target_h3":"8728d100dffffff"},"type":"Feature"},{"geometry":{"coordinates":[-122.98442236960635,48.53305543549596],"type":"Point"},"id":"land:8728d100dffffff:179:219","properties":{"kind":"raster_water_pixel_center","pixel_area_m2":10000.0,"source_type":"land","target_h3":"8728d100dffffff"},"type":"Feature"},{"geometry":{"coordinates":[-122.98306779310953,48.53305524424389],"type":"Point"},"id":"land:8728d100dffffff:179:220","properties":{"kind":"raster_water_pixel_center","pixel_area_m2":10000.0,"source_type":"land","target_h3":"8728d100dffffff"},"type":"Feature"},{"geometry":{"coordinates":[-122.98171321662751,48.53305503705415],"type":"Point"},"id":"land:8728d100dffffff:179:221","properties":{"kind":"raster_water_pixel_center","pixel_area_m2":10000.0,"source_type":"land","target_h3":"8728d100dffffff"},"type":"Feature"},{"geometry":{"coordinates":[-122.98035864016146,48.53305481392672],"type":"Point"},"id":"land:8728d100dffffff:179:222","properties":{"kind":"raster_water_pixel_center","pixel_area_m2":10000.0,"source_type":"land","target_h3":"8728d100dffffff"},"type":"Feature"},{"geometry":{"coordinates":[-122.97900406371258,48.53305457486164],"type":"Point"},"id":"land:8728d100dffffff:179:223","properties":{"kind":"raster_water_pixel_center","pixel_area_m2":10000.0,"source_type":"land","target_h3":"8728d100dffffff"},"type":"Feature"},{"geometry":{"coordinates":[-122.97764948728202,48.533054319858884],"type":"Point"},"id":"land:8728d100dffffff:179:224","properties":{"kind":"raster_water_pixel_center","pixel_area_m2":10000.0,"source_type":"land","target_h3":"8728d100dffffff"},"type":"Feature"},{"geometry":{"coordinates":[-122.976294910871,48.533054048918466],"type":"Point"},"id":"land:8728d100dffffff:179:225","properties":{"kind":"raster_water_pixel_center","pixel_area_m2":10000.0,"source_type":"land","target_h3":"8728d100dffffff"},"type":"Feature"},{"geometry":{"coordinates":[-122.97494033448069,48.533053762040375],"type":"Point"},"id":"land:8728d100dffffff:179:226","properties":{"kind":"raster_water_pixel_center","pixel_area_m2":10000.0,"source_type":"land","target_h3":"8728d100dffffff"},"type":"Feature"},{"geometry":{"coordinates":[-122.97358575811224,48.53305345922462],"type":"Point"},"id":"land:8728d100dffffff:179:227","properties":{"kind":"raster_water_pixel_center","pixel_area_m2":10000.0,"source_type":"land","target_h3":"8728d100dffffff"},"type":"Feature"},{"geometry":{"coordinates":[-122.9722311817669,48.5330531404712],"type":"Point"},"id":"land:8728d100dffffff:179:228","properties":{"kind":"raster_water_pixel_center","pixel_area_m2":10000.0,"source_type":"land","target_h3":"8728d100dffffff"},"type":"Feature"},{"geometry":{"coordinates":[-122.9708766054458,48.5330528057801],"type":"Point"},"id":"land:8728d100dffffff:179:229","properties":{"kind":"raster_water_pixel_center","pixel_area_m2":10000.0,"source_type":"land","target_h3":"8728d100dffffff"},"type":"Feature"},{"geometry":{"coordinates":[-122.96952202915014,48.53305245515134],"type":"Point"},"id":"land:8728d100dffffff:179:230","properties":{"kind":"raster_water_pixel_center","pixel_area_m2":10000.0,"source_type":"land","target_h3":"8728d100dffffff"},"type":"Feature"},{"geometry":{"coordinates":[-122.98171354058289,48.532155402113275],"type":"Point"},"id":"land:8728d100dffffff:180:221","properties":{"kind":"raster_water_pixel_center","pixel_area_m2":10000.0,"source_type":"land","target_h3":"8728d100dffffff"},"type":"Feature"},{"geometry":{"coordinates":[-122.98035898811354,48.53215517899288],"type":"Point"},"id":"land:8728d100dffffff:180:222","properties":{"kind":"raster_water_pixel_center","pixel_area_m2":10000.0,"source_type":"land","target_h3":"8728d100dffffff"},"type":"Feature"},{"geometry":{"coordinates":[-122.97900443566135,48.53215493993531],"type":"Point"},"id":"land:8728d100dffffff:180:223","properties":{"kind":"raster_water_pixel_center","pixel_area_m2":10000.0,"source_type":"land","target_h3":"8728d100dffffff"},"type":"Feature"},{"geometry":{"coordinates":[-122.97764988322749,48.53215468494057],"type":"Point"},"id":"land:8728d100dffffff:180:224","properties":{"kind":"raster_water_pixel_center","pixel_area_m2":10000.0,"source_type":"land","target_h3":"8728d100dffffff"},"type":"Feature"},{"geometry":{"coordinates":[-122.97629533081314,48.532154414008666],"type":"Point"},"id":"land:8728d100dffffff:180:225","properties":{"kind":"raster_water_pixel_center","pixel_area_m2":10000.0,"source_type":"land","target_h3":"8728d100dffffff"},"type":"Feature"},{"geometry":{"coordinates":[-122.97494077841951,48.5321541271396],"type":"Point"},"id":"land:8728d100dffffff:180:226","properties":{"kind":"raster_water_pixel_center","pixel_area_m2":10000.0,"source_type":"land","target_h3":"8728d100dffffff"},"type":"Feature"},{"geometry":{"coordinates":[-122.97358622604776,48.532153824333356],"type":"Point"},"id":"land:8728d100dffffff:180:227","properties":{"kind":"raster_water_pixel_center","pixel_area_m2":10000.0,"source_type":"land","target_h3":"8728d100dffffff"},"type":"Feature"},{"geometry":{"coordinates":[-122.97223167369908,48.53215350558995],"type":"Point"},"id":"land:8728d100dffffff:180:228","properties":{"kind":"raster_water_pixel_center","pixel_area_m2":10000.0,"source_type":"land","target_h3":"8728d100dffffff"},"type":"Feature"},{"geometry":{"coordinates":[-122.97087712137467,48.53215317090938],"type":"Point"},"id":"land:8728d100dffffff:180:229","properties":{"kind":"raster_water_pixel_center","pixel_area_m2":10000.0,"source_type":"land","target_h3":"8728d100dffffff"},"type":"Feature"},{"geometry":{"coordinates":[-122.96952256907568,48.53215282029164],"type":"Point"},"id":"land:8728d100dffffff:180:230","properties":{"kind":"raster_water_pixel_center","pixel_area_m2":10000.0,"source_type":"land","target_h3":"8728d100dffffff"},"type":"Feature"},{"geometry":{"coordinates":[-122.96816801680332,48.53215245373674],"type":"Point"},"id":"land:8728d100dffffff:180:231","properties":{"kind":"raster_water_pixel_center","pixel_area_m2":10000.0,"source_type":"land","target_h3":"8728d100dffffff"},"type":"Feature"},{"geometry":{"coordinates":[-122.97900480759178,48.53125530486768],"type":"Point"},"id":"land:8728d100dffffff:181:223","properties":{"kind":"raster_water_pixel_center","pixel_area_m2":10000.0,"source_type":"land","target_h3":"8728d100dffffff"},"type":"Feature"},{"geometry":{"coordinates":[-122.97765027915342,48.53125504988095],"type":"Point"},"id":"land:8728d100dffffff:181:224","properties":{"kind":"raster_water_pixel_center","pixel_area_m2":10000.0,"source_type":"land","target_h3":"8728d100dffffff"},"type":"Feature"},{"geometry":{"coordinates":[-122.97629575073458,48.53125477895755],"type":"Point"},"id":"land:8728d100dffffff:181:225","properties":{"kind":"raster_water_pixel_center","pixel_area_m2":10000.0,"source_type":"land","target_h3":"8728d100dffffff"},"type":"Feature"},{"geometry":{"coordinates":[-122.97494122233645,48.5312544920975],"type":"Point"},"id":"land:8728d100dffffff:181:226","properties":{"kind":"raster_water_pixel_center","pixel_area_m2":10000.0,"source_type":"land","target_h3":"8728d100dffffff"},"type":"Feature"},{"geometry":{"coordinates":[-122.9735866939602,48.531254189300775],"type":"Point"},"id":"land:8728d100dffffff:181:227","properties":{"kind":"raster_water_pixel_center","pixel_area_m2":10000.0,"source_type":"land","target_h3":"8728d100dffffff"},"type":"Feature"},{"geometry":{"coordinates":[-122.97223216560704,48.5312538705674],"type":"Point"},"id":"land:8728d100dffffff:181:228","properties":{"kind":"raster_water_pixel_center","pixel_area_m2":10000.0,"source_type":"land","target_h3":"8728d100dffffff"},"type":"Feature"},{"geometry":{"coordinates":[-122.97087763727812,48.531253535897335],"type":"Point"},"id":"land:8728d100dffffff:181:229","properties":{"kind":"raster_water_pixel_center","pixel_area_m2":10000.0,"source_type":"land","target_h3":"8728d100dffffff"},"type":"Feature"},{"geometry":{"coordinates":[-122.96952310897464,48.53125318529063],"type":"Point"},"id":"land:8728d100dffffff:181:230","properties":{"kind":"raster_water_pixel_center","pixel_area_m2":10000.0,"source_type":"land","target_h3":"8728d100dffffff"},"type":"Feature"},{"geometry":{"coordinates":[-122.96816858069775,48.531252818747255],"type":"Point"},"id":"land:8728d100dffffff:181:231","properties":{"kind":"raster_water_pixel_center","pixel_area_m2":10000.0,"source_type":"land","target_h3":"8728d100dffffff"},"type":"Feature"},{"geometry":{"coordinates":[-122.97765067505983,48.53035541468002],"type":"Point"},"id":"land:8728d100dffffff:182:224","properties":{"kind":"raster_water_pixel_center","pixel_area_m2":10000.0,"source_type":"land","target_h3":"8728d100dffffff"},"type":"Feature"},{"geometry":{"coordinates":[-122.97629617063532,48.53035514376514],"type":"Point"},"id":"land:8728d100dffffff:182:225","properties":{"kind":"raster_water_pixel_center","pixel_area_m2":10000.0,"source_type":"land","target_h3":"8728d100dffffff"},"type":"Feature"},{"geometry":{"coordinates":[-122.9749416662315,48.53035485691411],"type":"Point"},"id":"land:8728d100dffffff:182:226","properties":{"kind":"raster_water_pixel_center","pixel_area_m2":10000.0,"source_type":"land","target_h3":"8728d100dffffff"},"type":"Feature"},{"geometry":{"coordinates":[-122.97358716184957,48.530354554126895],"type":"Point"},"id":"land:8728d100dffffff:182:227","properties":{"kind":"raster_water_pixel_center","pixel_area_m2":10000.0,"source_type":"land","target_h3":"8728d100dffffff"},"type":"Feature"},{"geometry":{"coordinates":[-122.97223265749074,48.530354235403536],"type":"Point"},"id":"land:8728d100dffffff:182:228","properties":{"kind":"raster_water_pixel_center","pixel_area_m2":10000.0,"source_type":"land","target_h3":"8728d100dffffff"},"type":"Feature"},{"geometry":{"coordinates":[-122.97087815315612,48.530353900744004],"type":"Point"},"id":"land:8728d100dffffff:182:229","properties":{"kind":"raster_water_pixel_center","pixel_area_m2":10000.0,"source_type":"land","target_h3":"8728d100dffffff"},"type":"Feature"},{"geometry":{"coordinates":[-122.96952364884696,48.53035355014831],"type":"Point"},"id":"land:8728d100dffffff:182:230","properties":{"kind":"raster_water_pixel_center","pixel_area_m2":10000.0,"source_type":"land","target_h3":"8728d100dffffff"},"type":"Feature"},{"geometry":{"coordinates":[-122.9681691445644,48.530353183616455],"type":"Point"},"id":"land:8728d100dffffff:182:231","properties":{"kind":"raster_water_pixel_center","pixel_area_m2":10000.0,"source_type":"land","target_h3":"8728d100dffffff"},"type":"Feature"},{"geometry":{"coordinates":[-122.96681464030964,48.530352801148425],"type":"Point"},"id":"land:8728d100dffffff:182:232","properties":{"kind":"raster_water_pixel_center","pixel_area_m2":10000.0,"source_type":"land","target_h3":"8728d100dffffff"},"type":"Feature"},{"geometry":{"coordinates":[-122.97900555139762,48.52945603430849],"type":"Point"},"id":"land:8728d100dffffff:183:223","properties":{"kind":"raster_water_pixel_center","pixel_area_m2":10000.0,"source_type":"land","target_h3":"8728d100dffffff"},"type":"Feature"},{"geometry":{"coordinates":[-122.97765107094673,48.52945577933779],"type":"Point"},"id":"land:8728d100dffffff:183:224","properties":{"kind":"raster_water_pixel_center","pixel_area_m2":10000.0,"source_type":"land","target_h3":"8728d100dffffff"},"type":"Feature"},{"geometry":{"coordinates":[-122.97629659051533,48.52945550843143],"type":"Point"},"id":"land:8728d100dffffff:183:225","properties":{"kind":"raster_water_pixel_center","pixel_area_m2":10000.0,"source_type":"land","target_h3":"8728d100dffffff"},"type":"Feature"},{"geometry":{"coordinates":[-122.97494211010468,48.529455221589416],"type":"Point"},"id":"land:8728d100dffffff:183:226","properties":{"kind":"raster_water_pixel_center","pixel_area_m2":10000.0,"source_type":"land","target_h3":"8728d100dffffff"},"type":"Feature"},{"geometry":{"coordinates":[-122.97358762971588,48.52945491881173],"type":"Point"},"id":"land:8728d100dffffff:183:227","properties":{"kind":"raster_water_pixel_center","pixel_area_m2":10000.0,"source_type":"land","target_h3":"8728d100dffffff"},"type":"Feature"},{"geometry":{"coordinates":[-122.97223314935016,48.529454600098376],"type":"Point"},"id":"land:8728d100dffffff:183:228","properties":{"kind":"raster_water_pixel_center","pixel_area_m2":10000.0,"source_type":"land","target_h3":"8728d100dffffff"},"type":"Feature"},{"geometry":{"coordinates":[-122.97087866900868,48.52945426544937],"type":"Point"},"id":"land:8728d100dffffff:183:229","properties":{"kind":"raster_water_pixel_center","pixel_area_m2":10000.0,"source_type":"land","target_h3":"8728d100dffffff"},"type":"Feature"},{"geometry":{"coordinates":[-122.96952418869265,48.52945391486469],"type":"Point"},"id":"land:8728d100dffffff:183:230","properties":{"kind":"raster_water_pixel_center","pixel_area_m2":10000.0,"source_type":"land","target_h3":"8728d100dffffff"},"type":"Feature"},{"geometry":{"coordinates":[-122.96816970840321,48.52945354834436],"type":"Point"},"id":"land:8728d100dffffff:183:231","properties":{"kind":"raster_water_pixel_center","pixel_area_m2":10000.0,"source_type":"land","target_h3":"8728d100dffffff"},"type":"Feature"},{"geometry":{"coordinates":[-122.96681522814161,48.529453165888356],"type":"Point"},"id":"land:8728d100dffffff:183:232","properties":{"kind":"raster_water_pixel_center","pixel_area_m2":10000.0,"source_type":"land","target_h3":"8728d100dffffff"},"type":"Feature"},{"geometry":{"coordinates":[-122.96546074790896,48.52945276749671],"type":"Point"},"id":"land:8728d100dffffff:183:233","properties":{"kind":"raster_water_pixel_center","pixel_area_m2":10000.0,"source_type":"land","target_h3":"8728d100dffffff"},"type":"Feature"},{"geometry":{"coordinates":[-122.97900592327304,48.52855639881693],"type":"Point"},"id":"land:8728d100dffffff:184:223","properties":{"kind":"raster_water_pixel_center","pixel_area_m2":10000.0,"source_type":"land","target_h3":"8728d100dffffff"},"type":"Feature"},{"geometry":{"coordinates":[-122.9776514668141,48.52855614385426],"type":"Point"},"id":"land:8728d100dffffff:184:224","properties":{"kind":"raster_water_pixel_center","pixel_area_m2":10000.0,"source_type":"land","target_h3":"8728d100dffffff"},"type":"Feature"},{"geometry":{"coordinates":[-122.9762970103747,48.52855587295642],"type":"Point"},"id":"land:8728d100dffffff:184:225","properties":{"kind":"raster_water_pixel_center","pixel_area_m2":10000.0,"source_type":"land","target_h3":"8728d100dffffff"},"type":"Feature"},{"geometry":{"coordinates":[-122.97494255395594,48.52855558612341],"type":"Point"},"id":"land:8728d100dffffff:184:226","properties":{"kind":"raster_water_pixel_center","pixel_area_m2":10000.0,"source_type":"land","target_h3":"8728d100dffffff"},"type":"Feature"},{"geometry":{"coordinates":[-122.97358809755912,48.528555283355246],"type":"Point"},"id":"land:8728d100dffffff:184:227","properties":{"kind":"raster_water_pixel_center","pixel_area_m2":10000.0,"source_type":"land","target_h3":"8728d100dffffff"},"type":"Feature"},{"geometry":{"coordinates":[-122.97223364118535,48.52855496465191],"type":"Point"},"id":"land:8728d100dffffff:184:228","properties":{"kind":"raster_water_pixel_center","pixel_area_m2":10000.0,"source_type":"land","target_h3":"8728d100dffffff"},"type":"Feature"},{"geometry":{"coordinates":[-122.97087918483582,48.528554630013424],"type":"Point"},"id":"land:8728d100dffffff:184:229","properties":{"kind":"raster_water_pixel_center","pixel_area_m2":10000.0,"source_type":"land","target_h3":"8728d100dffffff"},"type":"Feature"},{"geometry":{"coordinates":[-122.96952472851173,48.528554279439774],"type":"Point"},"id":"land:8728d100dffffff:184:230","properties":{"kind":"raster_water_pixel_center","pixel_area_m2":10000.0,"source_type":"land","target_h3":"8728d100dffffff"},"type":"Feature"},{"geometry":{"coordinates":[-122.96817027221427,48.52855391293095],"type":"Point"},"id":"land:8728d100dffffff:184:231","properties":{"kind":"raster_water_pixel_center","pixel_area_m2":10000.0,"source_type":"land","target_h3":"8728d100dffffff"},"type":"Feature"},{"geometry":{"coordinates":[-122.96681581594457,48.52855353048698],"type":"Point"},"id":"land:8728d100dffffff:184:232","properties":{"kind":"raster_water_pixel_center","pixel_area_m2":10000.0,"source_type":"land","target_h3":"8728d100dffffff"},"type":"Feature"},{"geometry":{"coordinates":[-122.96546135970387,48.52855313210785],"type":"Point"},"id":"land:8728d100dffffff:184:233","properties":{"kind":"raster_water_pixel_center","pixel_area_m2":10000.0,"source_type":"land","target_h3":"8728d100dffffff"},"type":"Feature"},{"geometry":{"coordinates":[-122.97900629513013,48.52765676318409],"type":"Point"},"id":"land:8728d100dffffff:185:223","properties":{"kind":"raster_water_pixel_center","pixel_area_m2":10000.0,"source_type":"land","target_h3":"8728d100dffffff"},"type":"Feature"},{"geometry":{"coordinates":[-122.97765186266196,48.52765650822943],"type":"Point"},"id":"land:8728d100dffffff:185:224","properties":{"kind":"raster_water_pixel_center","pixel_area_m2":10000.0,"source_type":"land","target_h3":"8728d100dffffff"},"type":"Feature"},{"geometry":{"coordinates":[-122.9762974302133,48.5276562373401],"type":"Point"},"id":"land:8728d100dffffff:185:225","properties":{"kind":"raster_water_pixel_center","pixel_area_m2":10000.0,"source_type":"land","target_h3":"8728d100dffffff"},"type":"Feature"},{"geometry":{"coordinates":[-122.97494299778535,48.52765595051611],"type":"Point"},"id":"land:8728d100dffffff:185:226","properties":{"kind":"raster_water_pixel_center","pixel_area_m2":10000.0,"source_type":"land","target_h3":"8728d100dffffff"},"type":"Feature"},{"geometry":{"coordinates":[-122.97358856537929,48.52765564775745],"type":"Point"},"id":"land:8728d100dffffff:185:227","properties":{"kind":"raster_water_pixel_center","pixel_area_m2":10000.0,"source_type":"land","target_h3":"8728d100dffffff"},"type":"Feature"},{"geometry":{"coordinates":[-122.97223413299628,48.52765532906414],"type":"Point"},"id":"land:8728d100dffffff:185:228","properties":{"kind":"raster_water_pixel_center","pixel_area_m2":10000.0,"source_type":"land","target_h3":"8728d100dffffff"},"type":"Feature"},{"geometry":{"coordinates":[-122.97087970063752,48.527654994436176],"type":"Point"},"id":"land:8728d100dffffff:185:229","properties":{"kind":"raster_water_pixel_center","pixel_area_m2":10000.0,"source_type":"land","target_h3":"8728d100dffffff"},"type":"Feature"},{"geometry":{"coordinates":[-122.96952526830421,48.52765464387354],"type":"Point"},"id":"land:8728d100dffffff:185:230","properties":{"kind":"raster_water_pixel_center","pixel_area_m2":10000.0,"source_type":"land","target_h3":"8728d100dffffff"},"type":"Feature"},{"geometry":{"coordinates":[-122.96817083599747,48.52765427737624],"type":"Point"},"id":"land:8728d100dffffff:185:231","properties":{"kind":"raster_water_pixel_center","pixel_area_m2":10000.0,"source_type":"land","target_h3":"8728d100dffffff"},"type":"Feature"},{"geometry":{"coordinates":[-122.96681640371855,48.52765389494429],"type":"Point"},"id":"land:8728d100dffffff:185:232","properties":{"kind":"raster_water_pixel_center","pixel_area_m2":10000.0,"source_type":"land","target_h3":"8728d100dffffff"},"type":"Feature"},{"geometry":{"coordinates":[-122.96546197146863,48.527653496577685],"type":"Point"},"id":"land:8728d100dffffff:185:233","properties":{"kind":"raster_water_pixel_center","pixel_area_m2":10000.0,"source_type":"land","target_h3":"8728d100dffffff"},"type":"Feature"},{"geometry":{"coordinates":[-122.96410753924884,48.527653082276416],"type":"Point"},"id":"land:8728d100dffffff:185:234","properties":{"kind":"raster_water_pixel_center","pixel_area_m2":10000.0,"source_type":"land","target_h3":"8728d100dffffff"},"type":"Feature"},{"geometry":{"coordinates":[-122.97900666696889,48.52675712740994],"type":"Point"},"id":"land:8728d100dffffff:186:223","properties":{"kind":"raster_water_pixel_center","pixel_area_m2":10000.0,"source_type":"land","target_h3":"8728d100dffffff"},"type":"Feature"},{"geometry":{"coordinates":[-122.97765225849031,48.526756872463295],"type":"Point"},"id":"land:8728d100dffffff:186:224","properties":{"kind":"raster_water_pixel_center","pixel_area_m2":10000.0,"source_type":"land","target_h3":"8728d100dffffff"},"type":"Feature"},{"geometry":{"coordinates":[-122.97629785003124,48.52675660158248],"type":"Point"},"id":"land:8728d100dffffff:186:225","properties":{"kind":"raster_water_pixel_center","pixel_area_m2":10000.0,"source_type":"land","target_h3":"8728d100dffffff"},"type":"Feature"},{"geometry":{"coordinates":[-122.97494344159288,48.52675631476751],"type":"Point"},"id":"land:8728d100dffffff:186:226","properties":{"kind":"raster_water_pixel_center","pixel_area_m2":10000.0,"source_type":"land","target_h3":"8728d100dffffff"},"type":"Feature"},{"geometry":{"coordinates":[-122.9735890331764,48.52675601201836],"type":"Point"},"id":"land:8728d100dffffff:186:227","properties":{"kind":"raster_water_pixel_center","pixel_area_m2":10000.0,"source_type":"land","target_h3":"8728d100dffffff"},"type":"Feature"},{"geometry":{"coordinates":[-122.97223462478298,48.52675569333507],"type":"Point"},"id":"land:8728d100dffffff:186:228","properties":{"kind":"raster_water_pixel_center","pixel_area_m2":10000.0,"source_type":"land","target_h3":"8728d100dffffff"},"type":"Feature"},{"geometry":{"coordinates":[-122.9708802164138,48.52675535871762],"type":"Point"},"id":"land:8728d100dffffff:186:229","properties":{"kind":"raster_water_pixel_center","pixel_area_m2":10000.0,"source_type":"land","target_h3":"8728d100dffffff"},"type":"Feature"},{"geometry":{"coordinates":[-122.96952580807006,48.52675500816601],"type":"Point"},"id":"land:8728d100dffffff:186:230","properties":{"kind":"raster_water_pixel_center","pixel_area_m2":10000.0,"source_type":"land","target_h3":"8728d100dffffff"},"type":"Feature"},{"geometry":{"coordinates":[-122.96817139975293,48.52675464168024],"type":"Point"},"id":"land:8728d100dffffff:186:231","properties":{"kind":"raster_water_pixel_center","pixel_area_m2":10000.0,"source_type":"land","target_h3":"8728d100dffffff"},"type":"Feature"},{"geometry":{"coordinates":[-122.96681699146359,48.526754259260294],"type":"Point"},"id":"land:8728d100dffffff:186:232","properties":{"kind":"raster_water_pixel_center","pixel_area_m2":10000.0,"source_type":"land","target_h3":"8728d100dffffff"},"type":"Feature"},{"geometry":{"coordinates":[-122.9654625832032,48.52675386090621],"type":"Point"},"id":"land:8728d100dffffff:186:233","properties":{"kind":"raster_water_pixel_center","pixel_area_m2":10000.0,"source_type":"land","target_h3":"8728d100dffffff"},"type":"Feature"},{"geometry":{"coordinates":[-122.96410817497299,48.526753446617974],"type":"Point"},"id":"land:8728d100dffffff:186:234","properties":{"kind":"raster_water_pixel_center","pixel_area_m2":10000.0,"source_type":"land","target_h3":"8728d100dffffff"},"type":"Feature"},{"geometry":{"coordinates":[-122.96275376677413,48.526753016395574],"type":"Point"},"id":"land:8728d100dffffff:186:235","properties":{"kind":"raster_water_pixel_center","pixel_area_m2":10000.0,"source_type":"land","target_h3":"8728d100dffffff"},"type":"Feature"},{"geometry":{"coordinates":[-122.9803614232978,48.52585773049946],"type":"Point"},"id":"land:8728d100dffffff:187:222","properties":{"kind":"raster_water_pixel_center","pixel_area_m2":10000.0,"source_type":"land","target_h3":"8728d100dffffff"},"type":"Feature"},{"geometry":{"coordinates":[-122.9790070387893,48.525857491494484],"type":"Point"},"id":"land:8728d100dffffff:187:223","properties":{"kind":"raster_water_pixel_center","pixel_area_m2":10000.0,"source_type":"land","target_h3":"8728d100dffffff"},"type":"Feature"},{"geometry":{"coordinates":[-122.97765265429913,48.525857236555844],"type":"Point"},"id":"land:8728d100dffffff:187:224","properties":{"kind":"raster_water_pixel_center","pixel_area_m2":10000.0,"source_type":"land","target_h3":"8728d100dffffff"},"type":"Feature"},{"geometry":{"coordinates":[-122.97629826982846,48.52585696568355],"type":"Point"},"id":"land:8728d100dffffff:187:225","properties":{"kind":"raster_water_pixel_center","pixel_area_m2":10000.0,"source_type":"land","target_h3":"8728d100dffffff"},"type":"Feature"},{"geometry":{"coordinates":[-122.97494388537852,48.525856678877595],"type":"Point"},"id":"land:8728d100dffffff:187:226","properties":{"kind":"raster_water_pixel_center","pixel_area_m2":10000.0,"source_type":"land","target_h3":"8728d100dffffff"},"type":"Feature"},{"geometry":{"coordinates":[-122.97358950095044,48.52585637613797],"type":"Point"},"id":"land:8728d100dffffff:187:227","properties":{"kind":"raster_water_pixel_center","pixel_area_m2":10000.0,"source_type":"land","target_h3":"8728d100dffffff"},"type":"Feature"},{"geometry":{"coordinates":[-122.97223511654542,48.5258560574647],"type":"Point"},"id":"land:8728d100dffffff:187:228","properties":{"kind":"raster_water_pixel_center","pixel_area_m2":10000.0,"source_type":"land","target_h3":"8728d100dffffff"},"type":"Feature"},{"geometry":{"coordinates":[-122.97088073216466,48.52585572285776],"type":"Point"},"id":"land:8728d100dffffff:187:229","properties":{"kind":"raster_water_pixel_center","pixel_area_m2":10000.0,"source_type":"land","target_h3":"8728d100dffffff"},"type":"Feature"},{"geometry":{"coordinates":[-122.96952634780929,48.52585537231716],"type":"Point"},"id":"land:8728d100dffffff:187:230","properties":{"kind":"raster_water_pixel_center","pixel_area_m2":10000.0,"source_type":"land","target_h3":"8728d100dffffff"},"type":"Feature"},{"geometry":{"coordinates":[-122.96817196348057,48.5258550058429],"type":"Point"},"id":"land:8728d100dffffff:187:231","properties":{"kind":"raster_water_pixel_center","pixel_area_m2":10000.0,"source_type":"land","target_h3":"8728d100dffffff"},"type":"Feature"},{"geometry":{"coordinates":[-122.96681757917962,48.525854623434995],"type":"Point"},"id":"land:8728d100dffffff:187:232","properties":{"kind":"raster_water_pixel_center","pixel_area_m2":10000.0,"source_type":"land","target_h3":"8728d100dffffff"},"type":"Feature"},{"geometry":{"coordinates":[-122.96546319490766,48.52585422509343],"type":"Point"},"id":"land:8728d100dffffff:187:233","properties":{"kind":"raster_water_pixel_center","pixel_area_m2":10000.0,"source_type":"land","target_h3":"8728d100dffffff"},"type":"Feature"},{"geometry":{"coordinates":[-122.96410881066583,48.52585381081821],"type":"Point"},"id":"land:8728d100dffffff:187:234","properties":{"kind":"raster_water_pixel_center","pixel_area_m2":10000.0,"source_type":"land","target_h3":"8728d100dffffff"},"type":"Feature"},{"geometry":{"coordinates":[-122.96275442645535,48.525853380609334],"type":"Point"},"id":"land:8728d100dffffff:187:235","properties":{"kind":"raster_water_pixel_center","pixel_area_m2":10000.0,"source_type":"land","target_h3":"8728d100dffffff"},"type":"Feature"},{"geometry":{"coordinates":[-122.9614000422774,48.52585293446681],"type":"Point"},"id":"land:8728d100dffffff:187:236","properties":{"kind":"raster_water_pixel_center","pixel_area_m2":10000.0,"source_type":"land","target_h3":"8728d100dffffff"},"type":"Feature"},{"geometry":{"coordinates":[-122.98036177111267,48.52495809443518],"type":"Point"},"id":"land:8728d100dffffff:188:222","properties":{"kind":"raster_water_pixel_center","pixel_area_m2":10000.0,"source_type":"land","target_h3":"8728d100dffffff"},"type":"Feature"},{"geometry":{"coordinates":[-122.9790074105914,48.52495785543773],"type":"Point"},"id":"land:8728d100dffffff:188:223","properties":{"kind":"raster_water_pixel_center","pixel_area_m2":10000.0,"source_type":"land","target_h3":"8728d100dffffff"},"type":"Feature"},{"geometry":{"coordinates":[-122.97765305008843,48.52495760050709],"type":"Point"},"id":"land:8728d100dffffff:188:224","properties":{"kind":"raster_water_pixel_center","pixel_area_m2":10000.0,"source_type":"land","target_h3":"8728d100dffffff"},"type":"Feature"},{"geometry":{"coordinates":[-122.97629868960502,48.52495732964332],"type":"Point"},"id":"land:8728d100dffffff:188:225","properties":{"kind":"raster_water_pixel_center","pixel_area_m2":10000.0,"source_type":"land","target_h3":"8728d100dffffff"},"type":"Feature"},{"geometry":{"coordinates":[-122.97494432914229,48.52495704284637],"type":"Point"},"id":"land:8728d100dffffff:188:226","properties":{"kind":"raster_water_pixel_center","pixel_area_m2":10000.0,"source_type":"land","target_h3":"8728d100dffffff"},"type":"Feature"},{"geometry":{"coordinates":[-122.97358996870142,48.524956740116274],"type":"Point"},"id":"land:8728d100dffffff:188:227","properties":{"kind":"raster_water_pixel_center","pixel_area_m2":10000.0,"source_type":"land","target_h3":"8728d100dffffff"},"type":"Feature"},{"geometry":{"coordinates":[-122.97223560828363,48.524956421453005],"type":"Point"},"id":"land:8728d100dffffff:188:228","properties":{"kind":"raster_water_pixel_center","pixel_area_m2":10000.0,"source_type":"land","target_h3":"8728d100dffffff"},"type":"Feature"},{"geometry":{"coordinates":[-122.97088124789008,48.524956086856584],"type":"Point"},"id":"land:8728d100dffffff:188:229","properties":{"kind":"raster_water_pixel_center","pixel_area_m2":10000.0,"source_type":"land","target_h3":"8728d100dffffff"},"type":"Feature"},{"geometry":{"coordinates":[-122.96952688752195,48.524955736327016],"type":"Point"},"id":"land:8728d100dffffff:188:230","properties":{"kind":"raster_water_pixel_center","pixel_area_m2":10000.0,"source_type":"land","target_h3":"8728d100dffffff"},"type":"Feature"},{"geometry":{"coordinates":[-122.96817252718041,48.52495536986428],"type":"Point"},"id":"land:8728d100dffffff:188:231","properties":{"kind":"raster_water_pixel_center","pixel_area_m2":10000.0,"source_type":"land","target_h3":"8728d100dffffff"},"type":"Feature"},{"geometry":{"coordinates":[-122.96681816686667,48.524954987468384],"type":"Point"},"id":"land:8728d100dffffff:188:232","properties":{"kind":"raster_water_pixel_center","pixel_area_m2":10000.0,"source_type":"land","target_h3":"8728d100dffffff"},"type":"Feature"},{"geometry":{"coordinates":[-122.96546380658191,48.524954589139334],"type":"Point"},"id":"land:8728d100dffffff:188:233","properties":{"kind":"raster_water_pixel_center","pixel_area_m2":10000.0,"source_type":"land","target_h3":"8728d100dffffff"},"type":"Feature"},{"geometry":{"coordinates":[-122.96410944632731,48.52495417487714],"type":"Point"},"id":"land:8728d100dffffff:188:234","properties":{"kind":"raster_water_pixel_center","pixel_area_m2":10000.0,"source_type":"land","target_h3":"8728d100dffffff"},"type":"Feature"},{"geometry":{"coordinates":[-122.96275508610404,48.524953744681795],"type":"Point"},"id":"land:8728d100dffffff:188:235","properties":{"kind":"raster_water_pixel_center","pixel_area_m2":10000.0,"source_type":"land","target_h3":"8728d100dffffff"},"type":"Feature"},{"geometry":{"coordinates":[-122.96140072591331,48.52495329855328],"type":"Point"},"id":"land:8728d100dffffff:188:236","properties":{"kind":"raster_water_pixel_center","pixel_area_m2":10000.0,"source_type":"land","target_h3":"8728d100dffffff"},"type":"Feature"},{"geometry":{"coordinates":[-122.98171645546276,48.524058681286895],"type":"Point"},"id":"land:8728d100dffffff:189:221","properties":{"kind":"raster_water_pixel_center","pixel_area_m2":10000.0,"source_type":"land","target_h3":"8728d100dffffff"},"type":"Feature"},{"geometry":{"coordinates":[-122.98036211891036,48.52405845822961],"type":"Point"},"id":"land:8728d100dffffff:189:222","properties":{"kind":"raster_water_pixel_center","pixel_area_m2":10000.0,"source_type":"land","target_h3":"8728d100dffffff"},"type":"Feature"},{"geometry":{"coordinates":[-122.97900778237516,48.524058219239656],"type":"Point"},"id":"land:8728d100dffffff:189:223","properties":{"kind":"raster_water_pixel_center","pixel_area_m2":10000.0,"source_type":"land","target_h3":"8728d100dffffff"},"type":"Feature"},{"geometry":{"coordinates":[-122.97765344585824,48.52405796431704],"type":"Point"},"id":"land:8728d100dffffff:189:224","properties":{"kind":"raster_water_pixel_center","pixel_area_m2":10000.0,"source_type":"land","target_h3":"8728d100dffffff"},"type":"Feature"},{"geometry":{"coordinates":[-122.97629910936087,48.52405769346178],"type":"Point"},"id":"land:8728d100dffffff:189:225","properties":{"kind":"raster_water_pixel_center","pixel_area_m2":10000.0,"source_type":"land","target_h3":"8728d100dffffff"},"type":"Feature"},{"geometry":{"coordinates":[-122.97494477288417,48.52405740667385],"type":"Point"},"id":"land:8728d100dffffff:189:226","properties":{"kind":"raster_water_pixel_center","pixel_area_m2":10000.0,"source_type":"land","target_h3":"8728d100dffffff"},"type":"Feature"},{"geometry":{"coordinates":[-122.97359043642933,48.52405710395326],"type":"Point"},"id":"land:8728d100dffffff:189:227","properties":{"kind":"raster_water_pixel_center","pixel_area_m2":10000.0,"source_type":"land","target_h3":"8728d100dffffff"},"type":"Feature"},{"geometry":{"coordinates":[-122.97223609999757,48.52405678530001],"type":"Point"},"id":"land:8728d100dffffff:189:228","properties":{"kind":"raster_water_pixel_center","pixel_area_m2":10000.0,"source_type":"land","target_h3":"8728d100dffffff"},"type":"Feature"},{"geometry":{"coordinates":[-122.97088176359007,48.524056450714106],"type":"Point"},"id":"land:8728d100dffffff:189:229","properties":{"kind":"raster_water_pixel_center","pixel_area_m2":10000.0,"source_type":"land","target_h3":"8728d100dffffff"},"type":"Feature"},{"geometry":{"coordinates":[-122.96952742720795,48.52405610019556],"type":"Point"},"id":"land:8728d100dffffff:189:230","properties":{"kind":"raster_water_pixel_center","pixel_area_m2":10000.0,"source_type":"land","target_h3":"8728d100dffffff"},"type":"Feature"},{"geometry":{"coordinates":[-122.96817309085247,48.52405573374433],"type":"Point"},"id":"land:8728d100dffffff:189:231","properties":{"kind":"raster_water_pixel_center","pixel_area_m2":10000.0,"source_type":"land","target_h3":"8728d100dffffff"},"type":"Feature"},{"geometry":{"coordinates":[-122.96681875452477,48.52405535136046],"type":"Point"},"id":"land:8728d100dffffff:189:232","properties":{"kind":"raster_water_pixel_center","pixel_area_m2":10000.0,"source_type":"land","target_h3":"8728d100dffffff"},"type":"Feature"},{"geometry":{"coordinates":[-122.96546441822603,48.52405495304394],"type":"Point"},"id":"land:8728d100dffffff:189:233","properties":{"kind":"raster_water_pixel_center","pixel_area_m2":10000.0,"source_type":"land","target_h3":"8728d100dffffff"},"type":"Feature"},{"geometry":{"coordinates":[-122.96411008195746,48.524054538794765],"type":"Point"},"id":"land:8728d100dffffff:189:234","properties":{"kind":"raster_water_pixel_center","pixel_area_m2":10000.0,"source_type":"land","target_h3":"8728d100dffffff"},"type":"Feature"},{"geometry":{"coordinates":[-122.96275574572022,48.52405410861292],"type":"Point"},"id":"land:8728d100dffffff:189:235","properties":{"kind":"raster_water_pixel_center","pixel_area_m2":10000.0,"source_type":"land","target_h3":"8728d100dffffff"},"type":"Feature"},{"geometry":{"coordinates":[-122.98307109184194,48.52315925205112],"type":"Point"},"id":"land:8728d100dffffff:190:220","properties":{"kind":"raster_water_pixel_center","pixel_area_m2":10000.0,"source_type":"land","target_h3":"8728d100dffffff"},"type":"Feature"},{"geometry":{"coordinates":[-122.98171677925846,48.523159044932996],"type":"Point"},"id":"land:8728d100dffffff:190:221","properties":{"kind":"raster_water_pixel_center","pixel_area_m2":10000.0,"source_type":"land","target_h3":"8728d100dffffff"},"type":"Feature"},{"geometry":{"coordinates":[-122.98036246669095,48.523158821882724],"type":"Point"},"id":"land:8728d100dffffff:190:222","properties":{"kind":"raster_water_pixel_center","pixel_area_m2":10000.0,"source_type":"land","target_h3":"8728d100dffffff"},"type":"Feature"},{"geometry":{"coordinates":[-122.97900815414057,48.52315858290029],"type":"Point"},"id":"land:8728d100dffffff:190:223","properties":{"kind":"raster_water_pixel_center","pixel_area_m2":10000.0,"source_type":"land","target_h3":"8728d100dffffff"},"type":"Feature"},{"geometry":{"coordinates":[-122.97765384160854,48.52315832798569],"type":"Point"},"id":"land:8728d100dffffff:190:224","properties":{"kind":"raster_water_pixel_center","pixel_area_m2":10000.0,"source_type":"land","target_h3":"8728d100dffffff"},"type":"Feature"},{"geometry":{"coordinates":[-122.97629952909601,48.52315805713893],"type":"Point"},"id":"land:8728d100dffffff:190:225","properties":{"kind":"raster_water_pixel_center","pixel_area_m2":10000.0,"source_type":"land","target_h3":"8728d100dffffff"},"type":"Feature"},{"geometry":{"coordinates":[-122.97494521660417,48.523157770360015],"type":"Point"},"id":"land:8728d100dffffff:190:226","properties":{"kind":"raster_water_pixel_center","pixel_area_m2":10000.0,"source_type":"land","target_h3":"8728d100dffffff"},"type":"Feature"},{"geometry":{"coordinates":[-122.9735909041342,48.523157467648936],"type":"Point"},"id":"land:8728d100dffffff:190:227","properties":{"kind":"raster_water_pixel_center","pixel_area_m2":10000.0,"source_type":"land","target_h3":"8728d100dffffff"},"type":"Feature"},{"geometry":{"coordinates":[-122.9722365916873,48.52315714900571],"type":"Point"},"id":"land:8728d100dffffff:190:228","properties":{"kind":"raster_water_pixel_center","pixel_area_m2":10000.0,"source_type":"land","target_h3":"8728d100dffffff"},"type":"Feature"},{"geometry":{"coordinates":[-122.97088227926461,48.52315681443033],"type":"Point"},"id":"land:8728d100dffffff:190:229","properties":{"kind":"raster_water_pixel_center","pixel_area_m2":10000.0,"source_type":"land","target_h3":"8728d100dffffff"},"type":"Feature"},{"geometry":{"coordinates":[-122.9695279668674,48.523156463922795],"type":"Point"},"id":"land:8728d100dffffff:190:230","properties":{"kind":"raster_water_pixel_center","pixel_area_m2":10000.0,"source_type":"land","target_h3":"8728d100dffffff"},"type":"Feature"},{"geometry":{"coordinates":[-122.96817365449674,48.52315609748309],"type":"Point"},"id":"land:8728d100dffffff:190:231","properties":{"kind":"raster_water_pixel_center","pixel_area_m2":10000.0,"source_type":"land","target_h3":"8728d100dffffff"},"type":"Feature"},{"geometry":{"coordinates":[-122.9668193421539,48.52315571511124],"type":"Point"},"id":"land:8728d100dffffff:190:232","properties":{"kind":"raster_water_pixel_center","pixel_area_m2":10000.0,"source_type":"land","target_h3":"8728d100dffffff"},"type":"Feature"},{"geometry":{"coordinates":[-122.96546502984,48.523155316807234],"type":"Point"},"id":"land:8728d100dffffff:190:233","properties":{"kind":"raster_water_pixel_center","pixel_area_m2":10000.0,"source_type":"land","target_h3":"8728d100dffffff"},"type":"Feature"},{"geometry":{"coordinates":[-122.96411071755627,48.52315490257108],"type":"Point"},"id":"land:8728d100dffffff:190:234","properties":{"kind":"raster_water_pixel_center","pixel_area_m2":10000.0,"source_type":"land","target_h3":"8728d100dffffff"},"type":"Feature"},{"geometry":{"coordinates":[-122.96275640530388,48.523154472402766],"type":"Point"},"id":"land:8728d100dffffff:190:235","properties":{"kind":"raster_water_pixel_center","pixel_area_m2":10000.0,"source_type":"land","target_h3":"8728d100dffffff"},"type":"Feature"},{"geometry":{"coordinates":[-122.98307139163799,48.5222596155494],"type":"Point"},"id":"land:8728d100dffffff:191:220","properties":{"kind":"raster_water_pixel_center","pixel_area_m2":10000.0,"source_type":"land","target_h3":"8728d100dffffff"},"type":"Feature"},{"geometry":{"coordinates":[-122.98171710303819,48.5222594084378],"type":"Point"},"id":"land:8728d100dffffff:191:221","properties":{"kind":"raster_water_pixel_center","pixel_area_m2":10000.0,"source_type":"land","target_h3":"8728d100dffffff"},"type":"Feature"},{"geometry":{"coordinates":[-122.98036281445437,48.52225918539453],"type":"Point"},"id":"land:8728d100dffffff:191:222","properties":{"kind":"raster_water_pixel_center","pixel_area_m2":10000.0,"source_type":"land","target_h3":"8728d100dffffff"},"type":"Feature"},{"geometry":{"coordinates":[-122.97900852588768,48.522258946419605],"type":"Point"},"id":"land:8728d100dffffff:191:223","properties":{"kind":"raster_water_pixel_center","pixel_area_m2":10000.0,"source_type":"land","target_h3":"8728d100dffffff"},"type":"Feature"},{"geometry":{"coordinates":[-122.97765423733932,48.52225869151302],"type":"Point"},"id":"land:8728d100dffffff:191:224","properties":{"kind":"raster_water_pixel_center","pixel_area_m2":10000.0,"source_type":"land","target_h3":"8728d100dffffff"},"type":"Feature"},{"geometry":{"coordinates":[-122.97629994881046,48.52225842067478],"type":"Point"},"id":"land:8728d100dffffff:191:225","properties":{"kind":"raster_water_pixel_center","pixel_area_m2":10000.0,"source_type":"land","target_h3":"8728d100dffffff"},"type":"Feature"},{"geometry":{"coordinates":[-122.97494566030231,48.522258133904884],"type":"Point"},"id":"land:8728d100dffffff:191:226","properties":{"kind":"raster_water_pixel_center","pixel_area_m2":10000.0,"source_type":"land","target_h3":"8728d100dffffff"},"type":"Feature"},{"geometry":{"coordinates":[-122.97359137181601,48.52225783120332],"type":"Point"},"id":"land:8728d100dffffff:191:227","properties":{"kind":"raster_water_pixel_center","pixel_area_m2":10000.0,"source_type":"land","target_h3":"8728d100dffffff"},"type":"Feature"},{"geometry":{"coordinates":[-122.97223708335277,48.52225751257011],"type":"Point"},"id":"land:8728d100dffffff:191:228","properties":{"kind":"raster_water_pixel_center","pixel_area_m2":10000.0,"source_type":"land","target_h3":"8728d100dffffff"},"type":"Feature"},{"geometry":{"coordinates":[-122.97088279491378,48.52225717800523],"type":"Point"},"id":"land:8728d100dffffff:191:229","properties":{"kind":"raster_water_pixel_center","pixel_area_m2":10000.0,"source_type":"land","target_h3":"8728d100dffffff"},"type":"Feature"},{"geometry":{"coordinates":[-122.96952850650021,48.522256827508706],"type":"Point"},"id":"land:8728d100dffffff:191:230","properties":{"kind":"raster_water_pixel_center","pixel_area_m2":10000.0,"source_type":"land","target_h3":"8728d100dffffff"},"type":"Feature"},{"geometry":{"coordinates":[-122.96817421811325,48.52225646108054],"type":"Point"},"id":"land:8728d100dffffff:191:231","properties":{"kind":"raster_water_pixel_center","pixel_area_m2":10000.0,"source_type":"land","target_h3":"8728d100dffffff"},"type":"Feature"},{"geometry":{"coordinates":[-122.96681992975405,48.52225607872071],"type":"Point"},"id":"land:8728d100dffffff:191:232","properties":{"kind":"raster_water_pixel_center","pixel_area_m2":10000.0,"source_type":"land","target_h3":"8728d100dffffff"},"type":"Feature"},{"geometry":{"coordinates":[-122.96546564142383,48.52225568042922],"type":"Point"},"id":"land:8728d100dffffff:191:233","properties":{"kind":"raster_water_pixel_center","pixel_area_m2":10000.0,"source_type":"land","target_h3":"8728d100dffffff"},"type":"Feature"},{"geometry":{"coordinates":[-122.96411135312376,48.52225526620607],"type":"Point"},"id":"land:8728d100dffffff:191:234","properties":{"kind":"raster_water_pixel_center","pixel_area_m2":10000.0,"source_type":"land","target_h3":"8728d100dffffff"},"type":"Feature"},{"geometry":{"coordinates":[-122.98442595605135,48.52136017008032],"type":"Point"},"id":"land:8728d100dffffff:192:219","properties":{"kind":"raster_water_pixel_center","pixel_area_m2":10000.0,"source_type":"land","target_h3":"8728d100dffffff"},"type":"Feature"},{"geometry":{"coordinates":[-122.9830716914193,48.52135997890638],"type":"Point"},"id":"land:8728d100dffffff:192:220","properties":{"kind":"raster_water_pixel_center","pixel_area_m2":10000.0,"source_type":"land","target_h3":"8728d100dffffff"},"type":"Feature"},{"geometry":{"coordinates":[-122.98171742680199,48.521359771801286],"type":"Point"},"id":"land:8728d100dffffff:192:221","properties":{"kind":"raster_water_pixel_center","pixel_area_m2":10000.0,"source_type":"land","target_h3":"8728d100dffffff"},"type":"Feature"},{"geometry":{"coordinates":[-122.98036316220065,48.52135954876504],"type":"Point"},"id":"land:8728d100dffffff:192:222","properties":{"kind":"raster_water_pixel_center","pixel_area_m2":10000.0,"source_type":"land","target_h3":"8728d100dffffff"},"type":"Feature"},{"geometry":{"coordinates":[-122.97900889761645,48.521359309797624],"type":"Point"},"id":"land:8728d100dffffff:192:223","properties":{"kind":"raster_water_pixel_center","pixel_area_m2":10000.0,"source_type":"land","target_h3":"8728d100dffffff"},"type":"Feature"},{"geometry":{"coordinates":[-122.9776546330506,48.521359054899044],"type":"Point"},"id":"land:8728d100dffffff:192:224","properties":{"kind":"raster_water_pixel_center","pixel_area_m2":10000.0,"source_type":"land","target_h3":"8728d100dffffff"},"type":"Feature"},{"geometry":{"coordinates":[-122.97630036850424,48.52135878406932],"type":"Point"},"id":"land:8728d100dffffff:192:225","properties":{"kind":"raster_water_pixel_center","pixel_area_m2":10000.0,"source_type":"land","target_h3":"8728d100dffffff"},"type":"Feature"},{"geometry":{"coordinates":[-122.97494610397857,48.52135849730843],"type":"Point"},"id":"land:8728d100dffffff:192:226","properties":{"kind":"raster_water_pixel_center","pixel_area_m2":10000.0,"source_type":"land","target_h3":"8728d100dffffff"},"type":"Feature"},{"geometry":{"coordinates":[-122.97359183947478,48.52135819461639],"type":"Point"},"id":"land:8728d100dffffff:192:227","properties":{"kind":"raster_water_pixel_center","pixel_area_m2":10000.0,"source_type":"land","target_h3":"8728d100dffffff"},"type":"Feature"},{"geometry":{"coordinates":[-122.97223757499401,48.52135787599319],"type":"Point"},"id":"land:8728d100dffffff:192:228","properties":{"kind":"raster_water_pixel_center","pixel_area_m2":10000.0,"source_type":"land","target_h3":"8728d100dffffff"},"type":"Feature"},{"geometry":{"coordinates":[-122.97088331053752,48.52135754143884],"type":"Point"},"id":"land:8728d100dffffff:192:229","properties":{"kind":"raster_water_pixel_center","pixel_area_m2":10000.0,"source_type":"land","target_h3":"8728d100dffffff"},"type":"Feature"},{"geometry":{"coordinates":[-122.96952904610642,48.52135719095333],"type":"Point"},"id":"land:8728d100dffffff:192:230","properties":{"kind":"raster_water_pixel_center","pixel_area_m2":10000.0,"source_type":"land","target_h3":"8728d100dffffff"},"type":"Feature"},{"geometry":{"coordinates":[-122.96817478170193,48.521356824536674],"type":"Point"},"id":"land:8728d100dffffff:192:231","properties":{"kind":"raster_water_pixel_center","pixel_area_m2":10000.0,"source_type":"land","target_h3":"8728d100dffffff"},"type":"Feature"},{"geometry":{"coordinates":[-122.96682051732525,48.52135644218885],"type":"Point"},"id":"land:8728d100dffffff:192:232","properties":{"kind":"raster_water_pixel_center","pixel_area_m2":10000.0,"source_type":"land","target_h3":"8728d100dffffff"},"type":"Feature"},{"geometry":{"coordinates":[-122.96546625297749,48.52135604390989],"type":"Point"},"id":"land:8728d100dffffff:192:233","properties":{"kind":"raster_water_pixel_center","pixel_area_m2":10000.0,"source_type":"land","target_h3":"8728d100dffffff"},"type":"Feature"},{"geometry":{"coordinates":[-122.96411198865991,48.52135562969977],"type":"Point"},"id":"land:8728d100dffffff:192:234","properties":{"kind":"raster_water_pixel_center","pixel_area_m2":10000.0,"source_type":"land","target_h3":"8728d100dffffff"},"type":"Feature"},{"geometry":{"coordinates":[-122.9857804725009,48.52046070852727],"type":"Point"},"id":"land:8728d100dffffff:193:218","properties":{"kind":"raster_water_pixel_center","pixel_area_m2":10000.0,"source_type":"land","target_h3":"8728d100dffffff"},"type":"Feature"},{"geometry":{"coordinates":[-122.98442623183654,48.520460533289985],"type":"Point"},"id":"land:8728d100dffffff:193:219","properties":{"kind":"raster_water_pixel_center","pixel_area_m2":10000.0,"source_type":"land","target_h3":"8728d100dffffff"},"type":"Feature"},{"geometry":{"coordinates":[-122.98307199118578,48.520460342122064],"type":"Point"},"id":"land:8728d100dffffff:193:220","properties":{"kind":"raster_water_pixel_center","pixel_area_m2":10000.0,"source_type":"land","target_h3":"8728d100dffffff"},"type":"Feature"},{"geometry":{"coordinates":[-122.98171775054982,48.52046013502348],"type":"Point"},"id":"land:8728d100dffffff:193:221","properties":{"kind":"raster_water_pixel_center","pixel_area_m2":10000.0,"source_type":"land","target_h3":"8728d100dffffff"},"type":"Feature"},{"geometry":{"coordinates":[-122.9803635099298,48.52045991199423],"type":"Point"},"id":"land:8728d100dffffff:193:222","properties":{"kind":"raster_water_pixel_center","pixel_area_m2":10000.0,"source_type":"land","target_h3":"8728d100dffffff"},"type":"Feature"},{"geometry":{"coordinates":[-122.97900926932691,48.520459673034324],"type":"Point"},"id":"land:8728d100dffffff:193:223","properties":{"kind":"raster_water_pixel_center","pixel_area_m2":10000.0,"source_type":"land","target_h3":"8728d100dffffff"},"type":"Feature"},{"geometry":{"coordinates":[-122.97765502874236,48.52045941814377],"type":"Point"},"id":"land:8728d100dffffff:193:224","properties":{"kind":"raster_water_pixel_center","pixel_area_m2":10000.0,"source_type":"land","target_h3":"8728d100dffffff"},"type":"Feature"},{"geometry":{"coordinates":[-122.97630078817731,48.520459147322555],"type":"Point"},"id":"land:8728d100dffffff:193:225","properties":{"kind":"raster_water_pixel_center","pixel_area_m2":10000.0,"source_type":"land","target_h3":"8728d100dffffff"},"type":"Feature"},{"geometry":{"coordinates":[-122.97494654763294,48.52045886057067],"type":"Point"},"id":"land:8728d100dffffff:193:226","properties":{"kind":"raster_water_pixel_center","pixel_area_m2":10000.0,"source_type":"land","target_h3":"8728d100dffffff"},"type":"Feature"},{"geometry":{"coordinates":[-122.97359230711045,48.52045855788815],"type":"Point"},"id":"land:8728d100dffffff:193:227","properties":{"kind":"raster_water_pixel_center","pixel_area_m2":10000.0,"source_type":"land","target_h3":"8728d100dffffff"},"type":"Feature"},{"geometry":{"coordinates":[-122.97223806661103,48.520458239274966],"type":"Point"},"id":"land:8728d100dffffff:193:228","properties":{"kind":"raster_water_pixel_center","pixel_area_m2":10000.0,"source_type":"land","target_h3":"8728d100dffffff"},"type":"Feature"},{"geometry":{"coordinates":[-122.97088382613582,48.52045790473113],"type":"Point"},"id":"land:8728d100dffffff:193:229","properties":{"kind":"raster_water_pixel_center","pixel_area_m2":10000.0,"source_type":"land","target_h3":"8728d100dffffff"},"type":"Feature"},{"geometry":{"coordinates":[-122.96952958568605,48.52045755425664],"type":"Point"},"id":"land:8728d100dffffff:193:230","properties":{"kind":"raster_water_pixel_center","pixel_area_m2":10000.0,"source_type":"land","target_h3":"8728d100dffffff"},"type":"Feature"},{"geometry":{"coordinates":[-122.96817534526285,48.5204571878515],"type":"Point"},"id":"land:8728d100dffffff:193:231","properties":{"kind":"raster_water_pixel_center","pixel_area_m2":10000.0,"source_type":"land","target_h3":"8728d100dffffff"},"type":"Feature"},{"geometry":{"coordinates":[-122.96682110486745,48.52045680551569],"type":"Point"},"id":"land:8728d100dffffff:193:232","properties":{"kind":"raster_water_pixel_center","pixel_area_m2":10000.0,"source_type":"land","target_h3":"8728d100dffffff"},"type":"Feature"},{"geometry":{"coordinates":[-122.96546686450101,48.52045640724925],"type":"Point"},"id":"land:8728d100dffffff:193:233","properties":{"kind":"raster_water_pixel_center","pixel_area_m2":10000.0,"source_type":"land","target_h3":"8728d100dffffff"},"type":"Feature"},{"geometry":{"coordinates":[-122.98578072429237,48.519561071590104],"type":"Point"},"id":"land:8728d100dffffff:194:218","properties":{"kind":"raster_water_pixel_center","pixel_area_m2":10000.0,"source_type":"land","target_h3":"8728d100dffffff"},"type":"Feature"},{"geometry":{"coordinates":[-122.98442650760813,48.51956089635835],"type":"Point"},"id":"land:8728d100dffffff:194:219","properties":{"kind":"raster_water_pixel_center","pixel_area_m2":10000.0,"source_type":"land","target_h3":"8728d100dffffff"},"type":"Feature"},{"geometry":{"coordinates":[-122.98307229093751,48.519560705196426],"type":"Point"},"id":"land:8728d100dffffff:194:220","properties":{"kind":"raster_water_pixel_center","pixel_area_m2":10000.0,"source_type":"land","target_h3":"8728d100dffffff"},"type":"Feature"},{"geometry":{"coordinates":[-122.98171807428169,48.51956049810434],"type":"Point"},"id":"land:8728d100dffffff:194:221","properties":{"kind":"raster_water_pixel_center","pixel_area_m2":10000.0,"source_type":"land","target_h3":"8728d100dffffff"},"type":"Feature"},{"geometry":{"coordinates":[-122.98036385764178,48.519560275082114],"type":"Point"},"id":"land:8728d100dffffff:194:222","properties":{"kind":"raster_water_pixel_center","pixel_area_m2":10000.0,"source_type":"land","target_h3":"8728d100dffffff"},"type":"Feature"},{"geometry":{"coordinates":[-122.97900964101905,48.519560036129725],"type":"Point"},"id":"land:8728d100dffffff:194:223","properties":{"kind":"raster_water_pixel_center","pixel_area_m2":10000.0,"source_type":"land","target_h3":"8728d100dffffff"},"type":"Feature"},{"geometry":{"coordinates":[-122.97765542441462,48.519559781247175],"type":"Point"},"id":"land:8728d100dffffff:194:224","properties":{"kind":"raster_water_pixel_center","pixel_area_m2":10000.0,"source_type":"land","target_h3":"8728d100dffffff"},"type":"Feature"},{"geometry":{"coordinates":[-122.97630120782969,48.51955951043447],"type":"Point"},"id":"land:8728d100dffffff:194:225","properties":{"kind":"raster_water_pixel_center","pixel_area_m2":10000.0,"source_type":"land","target_h3":"8728d100dffffff"},"type":"Feature"},{"geometry":{"coordinates":[-122.97494699126547,48.519559223691616],"type":"Point"},"id":"land:8728d100dffffff:194:226","properties":{"kind":"raster_water_pixel_center","pixel_area_m2":10000.0,"source_type":"land","target_h3":"8728d100dffffff"},"type":"Feature"},{"geometry":{"coordinates":[-122.97359277472312,48.5195589210186],"type":"Point"},"id":"land:8728d100dffffff:194:227","properties":{"kind":"raster_water_pixel_center","pixel_area_m2":10000.0,"source_type":"land","target_h3":"8728d100dffffff"},"type":"Feature"},{"geometry":{"coordinates":[-122.97223855820378,48.51955860241543],"type":"Point"},"id":"land:8728d100dffffff:194:228","properties":{"kind":"raster_water_pixel_center","pixel_area_m2":10000.0,"source_type":"land","target_h3":"8728d100dffffff"},"type":"Feature"},{"geometry":{"coordinates":[-122.97088434170871,48.519558267882104],"type":"Point"},"id":"land:8728d100dffffff:194:229","properties":{"kind":"raster_water_pixel_center","pixel_area_m2":10000.0,"source_type":"land","target_h3":"8728d100dffffff"},"type":"Feature"},{"geometry":{"coordinates":[-122.96953012523906,48.519557917418624],"type":"Point"},"id":"land:8728d100dffffff:194:230","properties":{"kind":"raster_water_pixel_center","pixel_area_m2":10000.0,"source_type":"land","target_h3":"8728d100dffffff"},"type":"Feature"},{"geometry":{"coordinates":[-122.96817590879598,48.519557551024995],"type":"Point"},"id":"land:8728d100dffffff:194:231","properties":{"kind":"raster_water_pixel_center","pixel_area_m2":10000.0,"source_type":"land","target_h3":"8728d100dffffff"},"type":"Feature"},{"geometry":{"coordinates":[-122.9668216923807,48.51955716870122],"type":"Point"},"id":"land:8728d100dffffff:194:232","properties":{"kind":"raster_water_pixel_center","pixel_area_m2":10000.0,"source_type":"land","target_h3":"8728d100dffffff"},"type":"Feature"},{"geometry":{"coordinates":[-122.96546747599439,48.51955677044729],"type":"Point"},"id":"land:8728d100dffffff:194:233","properties":{"kind":"raster_water_pixel_center","pixel_area_m2":10000.0,"source_type":"land","target_h3":"8728d100dffffff"},"type":"Feature"},{"geometry":{"coordinates":[-122.9871351687891,48.51866159380825],"type":"Point"},"id":"land:8728d100dffffff:195:217","properties":{"kind":"raster_water_pixel_center","pixel_area_m2":10000.0,"source_type":"land","target_h3":"8728d100dffffff"},"type":"Feature"},{"geometry":{"coordinates":[-122.98578097607141,48.51866143451164],"type":"Point"},"id":"land:8728d100dffffff:195:218","properties":{"kind":"raster_water_pixel_center","pixel_area_m2":10000.0,"source_type":"land","target_h3":"8728d100dffffff"},"type":"Feature"},{"geometry":{"coordinates":[-122.98442678336615,48.518661259285395],"type":"Point"},"id":"land:8728d100dffffff:195:219","properties":{"kind":"raster_water_pixel_center","pixel_area_m2":10000.0,"source_type":"land","target_h3":"8728d100dffffff"},"type":"Feature"},{"geometry":{"coordinates":[-122.98307259067447,48.51866106812948],"type":"Point"},"id":"land:8728d100dffffff:195:220","properties":{"kind":"raster_water_pixel_center","pixel_area_m2":10000.0,"source_type":"land","target_h3":"8728d100dffffff"},"type":"Feature"},{"geometry":{"coordinates":[-122.98171839799757,48.51866086104391],"type":"Point"},"id":"land:8728d100dffffff:195:221","properties":{"kind":"raster_water_pixel_center","pixel_area_m2":10000.0,"source_type":"land","target_h3":"8728d100dffffff"},"type":"Feature"},{"geometry":{"coordinates":[-122.98036420533663,48.5186606380287],"type":"Point"},"id":"land:8728d100dffffff:195:222","properties":{"kind":"raster_water_pixel_center","pixel_area_m2":10000.0,"source_type":"land","target_h3":"8728d100dffffff"},"type":"Feature"},{"geometry":{"coordinates":[-122.97901001269284,48.518660399083814],"type":"Point"},"id":"land:8728d100dffffff:195:223","properties":{"kind":"raster_water_pixel_center","pixel_area_m2":10000.0,"source_type":"land","target_h3":"8728d100dffffff"},"type":"Feature"},{"geometry":{"coordinates":[-122.97765582006737,48.51866014420927],"type":"Point"},"id":"land:8728d100dffffff:195:224","properties":{"kind":"raster_water_pixel_center","pixel_area_m2":10000.0,"source_type":"land","target_h3":"8728d100dffffff"},"type":"Feature"},{"geometry":{"coordinates":[-122.9763016274614,48.518659873405085],"type":"Point"},"id":"land:8728d100dffffff:195:225","properties":{"kind":"raster_water_pixel_center","pixel_area_m2":10000.0,"source_type":"land","target_h3":"8728d100dffffff"},"type":"Feature"},{"geometry":{"coordinates":[-122.97494743487613,48.518659586671234],"type":"Point"},"id":"land:8728d100dffffff:195:226","properties":{"kind":"raster_water_pixel_center","pixel_area_m2":10000.0,"source_type":"land","target_h3":"8728d100dffffff"},"type":"Feature"},{"geometry":{"coordinates":[-122.97359324231269,48.51865928400774],"type":"Point"},"id":"land:8728d100dffffff:195:227","properties":{"kind":"raster_water_pixel_center","pixel_area_m2":10000.0,"source_type":"land","target_h3":"8728d100dffffff"},"type":"Feature"},{"geometry":{"coordinates":[-122.97223904977233,48.51865896541458],"type":"Point"},"id":"land:8728d100dffffff:195:228","properties":{"kind":"raster_water_pixel_center","pixel_area_m2":10000.0,"source_type":"land","target_h3":"8728d100dffffff"},"type":"Feature"},{"geometry":{"coordinates":[-122.9708848572562,48.51865863089177],"type":"Point"},"id":"land:8728d100dffffff:195:229","properties":{"kind":"raster_water_pixel_center","pixel_area_m2":10000.0,"source_type":"land","target_h3":"8728d100dffffff"},"type":"Feature"},{"geometry":{"coordinates":[-122.96953066476547,48.51865828043932],"type":"Point"},"id":"land:8728d100dffffff:195:230","properties":{"kind":"raster_water_pixel_center","pixel_area_m2":10000.0,"source_type":"land","target_h3":"8728d100dffffff"},"type":"Feature"},{"geometry":{"coordinates":[-122.96817647230135,48.5186579140572],"type":"Point"},"id":"land:8728d100dffffff:195:231","properties":{"kind":"raster_water_pixel_center","pixel_area_m2":10000.0,"source_type":"land","target_h3":"8728d100dffffff"},"type":"Feature"},{"geometry":{"coordinates":[-122.96682227986499,48.51865753174544],"type":"Point"},"id":"land:8728d100dffffff:195:232","properties":{"kind":"raster_water_pixel_center","pixel_area_m2":10000.0,"source_type":"land","target_h3":"8728d100dffffff"},"type":"Feature"},{"geometry":{"coordinates":[-122.98848956532908,48.5177620999459],"type":"Point"},"id":"land:8728d100dffffff:196:216","properties":{"kind":"raster_water_pixel_center","pixel_area_m2":10000.0,"source_type":"land","target_h3":"8728d100dffffff"},"type":"Feature"},{"geometry":{"coordinates":[-122.98713539657794,48.51776195658347],"type":"Point"},"id":"land:8728d100dffffff:196:217","properties":{"kind":"raster_water_pixel_center","pixel_area_m2":10000.0,"source_type":"land","target_h3":"8728d100dffffff"},"type":"Feature"},{"geometry":{"coordinates":[-122.98578122783803,48.51776179729188],"type":"Point"},"id":"land:8728d100dffffff:196:218","properties":{"kind":"raster_water_pixel_center","pixel_area_m2":10000.0,"source_type":"land","target_h3":"8728d100dffffff"},"type":"Feature"},{"geometry":{"coordinates":[-122.98442705911054,48.51776162207114],"type":"Point"},"id":"land:8728d100dffffff:196:219","properties":{"kind":"raster_water_pixel_center","pixel_area_m2":10000.0,"source_type":"land","target_h3":"8728d100dffffff"},"type":"Feature"},{"geometry":{"coordinates":[-122.98307289039666,48.51776143092124],"type":"Point"},"id":"land:8728d100dffffff:196:220","properties":{"kind":"raster_water_pixel_center","pixel_area_m2":10000.0,"source_type":"land","target_h3":"8728d100dffffff"},"type":"Feature"},{"geometry":{"coordinates":[-122.98171872169753,48.51776122384218],"type":"Point"},"id":"land:8728d100dffffff:196:221","properties":{"kind":"raster_water_pixel_center","pixel_area_m2":10000.0,"source_type":"land","target_h3":"8728d100dffffff"},"type":"Feature"},{"geometry":{"coordinates":[-122.98036455301437,48.517761000833964],"type":"Point"},"id":"land:8728d100dffffff:196:222","properties":{"kind":"raster_water_pixel_center","pixel_area_m2":10000.0,"source_type":"land","target_h3":"8728d100dffffff"},"type":"Feature"},{"geometry":{"coordinates":[-122.97901038434834,48.5177607618966],"type":"Point"},"id":"land:8728d100dffffff:196:223","properties":{"kind":"raster_water_pixel_center","pixel_area_m2":10000.0,"source_type":"land","target_h3":"8728d100dffffff"},"type":"Feature"},{"geometry":{"coordinates":[-122.97765621570062,48.51776050703006],"type":"Point"},"id":"land:8728d100dffffff:196:224","properties":{"kind":"raster_water_pixel_center","pixel_area_m2":10000.0,"source_type":"land","target_h3":"8728d100dffffff"},"type":"Feature"},{"geometry":{"coordinates":[-122.97630204707244,48.51776023623439],"type":"Point"},"id":"land:8728d100dffffff:196:225","properties":{"kind":"raster_water_pixel_center","pixel_area_m2":10000.0,"source_type":"land","target_h3":"8728d100dffffff"},"type":"Feature"},{"geometry":{"coordinates":[-122.9749478784649,48.517759949509546],"type":"Point"},"id":"land:8728d100dffffff:196:226","properties":{"kind":"raster_water_pixel_center","pixel_area_m2":10000.0,"source_type":"land","target_h3":"8728d100dffffff"},"type":"Feature"},{"geometry":{"coordinates":[-122.97359370987924,48.517759646855566],"type":"Point"},"id":"land:8728d100dffffff:196:227","properties":{"kind":"raster_water_pixel_center","pixel_area_m2":10000.0,"source_type":"land","target_h3":"8728d100dffffff"},"type":"Feature"},{"geometry":{"coordinates":[-122.97223954131663,48.517759328272426],"type":"Point"},"id":"land:8728d100dffffff:196:228","properties":{"kind":"raster_water_pixel_center","pixel_area_m2":10000.0,"source_type":"land","target_h3":"8728d100dffffff"},"type":"Feature"},{"geometry":{"coordinates":[-122.97088537277826,48.51775899376014],"type":"Point"},"id":"land:8728d100dffffff:196:229","properties":{"kind":"raster_water_pixel_center","pixel_area_m2":10000.0,"source_type":"land","target_h3":"8728d100dffffff"},"type":"Feature"},{"geometry":{"coordinates":[-122.96953120426528,48.51775864331869],"type":"Point"},"id":"land:8728d100dffffff:196:230","properties":{"kind":"raster_water_pixel_center","pixel_area_m2":10000.0,"source_type":"land","target_h3":"8728d100dffffff"},"type":"Feature"},{"geometry":{"coordinates":[-122.96817703577892,48.517758276948086],"type":"Point"},"id":"land:8728d100dffffff:196:231","properties":{"kind":"raster_water_pixel_center","pixel_area_m2":10000.0,"source_type":"land","target_h3":"8728d100dffffff"},"type":"Feature"},{"geometry":{"coordinates":[-122.96682286732033,48.51775789464834],"type":"Point"},"id":"land:8728d100dffffff:196:232","properties":{"kind":"raster_water_pixel_center","pixel_area_m2":10000.0,"source_type":"land","target_h3":"8728d100dffffff"},"type":"Feature"},{"geometry":{"coordinates":[-122.9898439139147,48.51686259000459],"type":"Point"},"id":"land:8728d100dffffff:197:215","properties":{"kind":"raster_water_pixel_center","pixel_area_m2":10000.0,"source_type":"land","target_h3":"8728d100dffffff"},"type":"Feature"},{"geometry":{"coordinates":[-122.98848976913011,48.516862462575325],"type":"Point"},"id":"land:8728d100dffffff:197:216","properties":{"kind":"raster_water_pixel_center","pixel_area_m2":10000.0,"source_type":"land","target_h3":"8728d100dffffff"},"type":"Feature"},{"geometry":{"coordinates":[-122.98713562435559,48.516862319217395],"type":"Point"},"id":"land:8728d100dffffff:197:217","properties":{"kind":"raster_water_pixel_center","pixel_area_m2":10000.0,"source_type":"land","target_h3":"8728d100dffffff"},"type":"Feature"},{"geometry":{"coordinates":[-122.98578147959228,48.516862159930824],"type":"Point"},"id":"land:8728d100dffffff:197:218","properties":{"kind":"raster_water_pixel_center","pixel_area_m2":10000.0,"source_type":"land","target_h3":"8728d100dffffff"},"type":"Feature"},{"geometry":{"coordinates":[-122.98442733484137,48.516861984715575],"type":"Point"},"id":"land:8728d100dffffff:197:219","properties":{"kind":"raster_water_pixel_center","pixel_area_m2":10000.0,"source_type":"land","target_h3":"8728d100dffffff"},"type":"Feature"},{"geometry":{"coordinates":[-122.98307319010407,48.516861793571685],"type":"Point"},"id":"land:8728d100dffffff:197:220","properties":{"kind":"raster_water_pixel_center","pixel_area_m2":10000.0,"source_type":"land","target_h3":"8728d100dffffff"},"type":"Feature"},{"geometry":{"coordinates":[-122.98171904538151,48.51686158649914],"type":"Point"},"id":"land:8728d100dffffff:197:221","properties":{"kind":"raster_water_pixel_center","pixel_area_m2":10000.0,"source_type":"land","target_h3":"8728d100dffffff"},"type":"Feature"},{"geometry":{"coordinates":[-122.98036490067494,48.51686136349793],"type":"Point"},"id":"land:8728d100dffffff:197:222","properties":{"kind":"raster_water_pixel_center","pixel_area_m2":10000.0,"source_type":"land","target_h3":"8728d100dffffff"},"type":"Feature"},{"geometry":{"coordinates":[-122.9790107559855,48.51686112456807],"type":"Point"},"id":"land:8728d100dffffff:197:223","properties":{"kind":"raster_water_pixel_center","pixel_area_m2":10000.0,"source_type":"land","target_h3":"8728d100dffffff"},"type":"Feature"},{"geometry":{"coordinates":[-122.97765661131437,48.51686086970956],"type":"Point"},"id":"land:8728d100dffffff:197:224","properties":{"kind":"raster_water_pixel_center","pixel_area_m2":10000.0,"source_type":"land","target_h3":"8728d100dffffff"},"type":"Feature"},{"geometry":{"coordinates":[-122.97630246666276,48.516860598922385],"type":"Point"},"id":"land:8728d100dffffff:197:225","properties":{"kind":"raster_water_pixel_center","pixel_area_m2":10000.0,"source_type":"land","target_h3":"8728d100dffffff"},"type":"Feature"},{"geometry":{"coordinates":[-122.9749483220318,48.51686031220657],"type":"Point"},"id":"land:8728d100dffffff:197:226","properties":{"kind":"raster_water_pixel_center","pixel_area_m2":10000.0,"source_type":"land","target_h3":"8728d100dffffff"},"type":"Feature"},{"geometry":{"coordinates":[-122.97359417742274,48.51686000956209],"type":"Point"},"id":"land:8728d100dffffff:197:227","properties":{"kind":"raster_water_pixel_center","pixel_area_m2":10000.0,"source_type":"land","target_h3":"8728d100dffffff"},"type":"Feature"},{"geometry":{"coordinates":[-122.97224003283672,48.516859690988966],"type":"Point"},"id":"land:8728d100dffffff:197:228","properties":{"kind":"raster_water_pixel_center","pixel_area_m2":10000.0,"source_type":"land","target_h3":"8728d100dffffff"},"type":"Feature"},{"geometry":{"coordinates":[-122.9708858882749,48.51685935648719],"type":"Point"},"id":"land:8728d100dffffff:197:229","properties":{"kind":"raster_water_pixel_center","pixel_area_m2":10000.0,"source_type":"land","target_h3":"8728d100dffffff"},"type":"Feature"},{"geometry":{"coordinates":[-122.96953174373853,48.516859006056755],"type":"Point"},"id":"land:8728d100dffffff:197:230","properties":{"kind":"raster_water_pixel_center","pixel_area_m2":10000.0,"source_type":"land","target_h3":"8728d100dffffff"},"type":"Feature"},{"geometry":{"coordinates":[-122.96817759922872,48.51685863969767],"type":"Point"},"id":"land:8728d100dffffff:197:231","properties":{"kind":"raster_water_pixel_center","pixel_area_m2":10000.0,"source_type":"land","target_h3":"8728d100dffffff"},"type":"Feature"},{"geometry":{"coordinates":[-122.98984409373028,48.51596295248869],"type":"Point"},"id":"land:8728d100dffffff:198:215","properties":{"kind":"raster_water_pixel_center","pixel_area_m2":10000.0,"source_type":"land","target_h3":"8728d100dffffff"},"type":"Feature"},{"geometry":{"coordinates":[-122.9884899729211,48.515962825063426],"type":"Point"},"id":"land:8728d100dffffff:198:216","properties":{"kind":"raster_water_pixel_center","pixel_area_m2":10000.0,"source_type":"land","target_h3":"8728d100dffffff"},"type":"Feature"},{"geometry":{"coordinates":[-122.98713585212198,48.515962681710015],"type":"Point"},"id":"land:8728d100dffffff:198:217","properties":{"kind":"raster_water_pixel_center","pixel_area_m2":10000.0,"source_type":"land","target_h3":"8728d100dffffff"},"type":"Feature"},{"geometry":{"coordinates":[-122.98578173133409,48.51596252242844],"type":"Point"},"id":"land:8728d100dffffff:198:218","properties":{"kind":"raster_water_pixel_center","pixel_area_m2":10000.0,"source_type":"land","target_h3":"8728d100dffffff"},"type":"Feature"},{"geometry":{"coordinates":[-122.9844276105586,48.515962347218704],"type":"Point"},"id":"land:8728d100dffffff:198:219","properties":{"kind":"raster_water_pixel_center","pixel_area_m2":10000.0,"source_type":"land","target_h3":"8728d100dffffff"},"type":"Feature"},{"geometry":{"coordinates":[-122.9830734897967,48.51596215608082],"type":"Point"},"id":"land:8728d100dffffff:198:220","properties":{"kind":"raster_water_pixel_center","pixel_area_m2":10000.0,"source_type":"land","target_h3":"8728d100dffffff"},"type":"Feature"},{"geometry":{"coordinates":[-122.98171936904954,48.51596194901478],"type":"Point"},"id":"land:8728d100dffffff:198:221","properties":{"kind":"raster_water_pixel_center","pixel_area_m2":10000.0,"source_type":"land","target_h3":"8728d100dffffff"},"type":"Feature"},{"geometry":{"coordinates":[-122.98036524831838,48.515961726020585],"type":"Point"},"id":"land:8728d100dffffff:198:222","properties":{"kind":"raster_water_pixel_center","pixel_area_m2":10000.0,"source_type":"land","target_h3":"8728d100dffffff"},"type":"Feature"},{"geometry":{"coordinates":[-122.97901112760432,48.51596148709823],"type":"Point"},"id":"land:8728d100dffffff:198:223","properties":{"kind":"raster_water_pixel_center","pixel_area_m2":10000.0,"source_type":"land","target_h3":"8728d100dffffff"},"type":"Feature"},{"geometry":{"coordinates":[-122.97765700690863,48.515961232247726],"type":"Point"},"id":"land:8728d100dffffff:198:224","properties":{"kind":"raster_water_pixel_center","pixel_area_m2":10000.0,"source_type":"land","target_h3":"8728d100dffffff"},"type":"Feature"},{"geometry":{"coordinates":[-122.97630288623239,48.51596096146907],"type":"Point"},"id":"land:8728d100dffffff:198:225","properties":{"kind":"raster_water_pixel_center","pixel_area_m2":10000.0,"source_type":"land","target_h3":"8728d100dffffff"},"type":"Feature"},{"geometry":{"coordinates":[-122.97494876557687,48.515960674762255],"type":"Point"},"id":"land:8728d100dffffff:198:226","properties":{"kind":"raster_water_pixel_center","pixel_area_m2":10000.0,"source_type":"land","target_h3":"8728d100dffffff"},"type":"Feature"},{"geometry":{"coordinates":[-122.97359464494318,48.515960372127296],"type":"Point"},"id":"land:8728d100dffffff:198:227","properties":{"kind":"raster_water_pixel_center","pixel_area_m2":10000.0,"source_type":"land","target_h3":"8728d100dffffff"},"type":"Feature"},{"geometry":{"coordinates":[-122.97224052433255,48.51596005356418],"type":"Point"},"id":"land:8728d100dffffff:198:228","properties":{"kind":"raster_water_pixel_center","pixel_area_m2":10000.0,"source_type":"land","target_h3":"8728d100dffffff"},"type":"Feature"},{"geometry":{"coordinates":[-122.97088640374615,48.515959719072924],"type":"Point"},"id":"land:8728d100dffffff:198:229","properties":{"kind":"raster_water_pixel_center","pixel_area_m2":10000.0,"source_type":"land","target_h3":"8728d100dffffff"},"type":"Feature"},{"geometry":{"coordinates":[-122.96953228318516,48.515959368653505],"type":"Point"},"id":"land:8728d100dffffff:198:230","properties":{"kind":"raster_water_pixel_center","pixel_area_m2":10000.0,"source_type":"land","target_h3":"8728d100dffffff"},"type":"Feature"},{"geometry":{"coordinates":[-122.96817816265074,48.515959002305934],"type":"Point"},"id":"land:8728d100dffffff:198:231","properties":{"kind":"raster_water_pixel_center","pixel_area_m2":10000.0,"source_type":"land","target_h3":"8728d100dffffff"},"type":"Feature"},{"geometry":{"coordinates":[-122.98849017670207,48.51506318741023],"type":"Point"},"id":"land:8728d100dffffff:199:216","properties":{"kind":"raster_water_pixel_center","pixel_area_m2":10000.0,"source_type":"land","target_h3":"8728d100dffffff"},"type":"Feature"},{"geometry":{"coordinates":[-122.98713607987717,48.515063044061314],"type":"Point"},"id":"land:8728d100dffffff:199:217","properties":{"kind":"raster_water_pixel_center","pixel_area_m2":10000.0,"source_type":"land","target_h3":"8728d100dffffff"},"type":"Feature"},{"geometry":{"coordinates":[-122.98578198306349,48.51506288478475],"type":"Point"},"id":"land:8728d100dffffff:199:218","properties":{"kind":"raster_water_pixel_center","pixel_area_m2":10000.0,"source_type":"land","target_h3":"8728d100dffffff"},"type":"Feature"},{"geometry":{"coordinates":[-122.98442788626222,48.51506270958052],"type":"Point"},"id":"land:8728d100dffffff:199:219","properties":{"kind":"raster_water_pixel_center","pixel_area_m2":10000.0,"source_type":"land","target_h3":"8728d100dffffff"},"type":"Feature"},{"geometry":{"coordinates":[-122.98307378947453,48.515062518448644],"type":"Point"},"id":"land:8728d100dffffff:199:220","properties":{"kind":"raster_water_pixel_center","pixel_area_m2":10000.0,"source_type":"land","target_h3":"8728d100dffffff"},"type":"Feature"},{"geometry":{"coordinates":[-122.98171969270165,48.51506231138911],"type":"Point"},"id":"land:8728d100dffffff:199:221","properties":{"kind":"raster_water_pixel_center","pixel_area_m2":10000.0,"source_type":"land","target_h3":"8728d100dffffff"},"type":"Feature"},{"geometry":{"coordinates":[-122.98036559594468,48.515062088401926],"type":"Point"},"id":"land:8728d100dffffff:199:222","properties":{"kind":"raster_water_pixel_center","pixel_area_m2":10000.0,"source_type":"land","target_h3":"8728d100dffffff"},"type":"Feature"},{"geometry":{"coordinates":[-122.97901149920487,48.51506184948708],"type":"Point"},"id":"land:8728d100dffffff:199:223","properties":{"kind":"raster_water_pixel_center","pixel_area_m2":10000.0,"source_type":"land","target_h3":"8728d100dffffff"},"type":"Feature"},{"geometry":{"coordinates":[-122.97765740248337,48.515061594644585],"type":"Point"},"id":"land:8728d100dffffff:199:224","properties":{"kind":"raster_water_pixel_center","pixel_area_m2":10000.0,"source_type":"land","target_h3":"8728d100dffffff"},"type":"Feature"},{"geometry":{"coordinates":[-122.97630330578137,48.51506132387445],"type":"Point"},"id":"land:8728d100dffffff:199:225","properties":{"kind":"raster_water_pixel_center","pixel_area_m2":10000.0,"source_type":"land","target_h3":"8728d100dffffff"},"type":"Feature"},{"geometry":{"coordinates":[-122.97494920910006,48.51506103717664],"type":"Point"},"id":"land:8728d100dffffff:199:226","properties":{"kind":"raster_water_pixel_center","pixel_area_m2":10000.0,"source_type":"land","target_h3":"8728d100dffffff"},"type":"Feature"},{"geometry":{"coordinates":[-122.97359511244059,48.5150607345512],"type":"Point"},"id":"land:8728d100dffffff:199:227","properties":{"kind":"raster_water_pixel_center","pixel_area_m2":10000.0,"source_type":"land","target_h3":"8728d100dffffff"},"type":"Feature"},{"geometry":{"coordinates":[-122.97224101580417,48.515060415998086],"type":"Point"},"id":"land:8728d100dffffff:199:228","properties":{"kind":"raster_water_pixel_center","pixel_area_m2":10000.0,"source_type":"land","target_h3":"8728d100dffffff"},"type":"Feature"},{"geometry":{"coordinates":[-122.97088691919198,48.51506008151733],"type":"Point"},"id":"land:8728d100dffffff:199:229","properties":{"kind":"raster_water_pixel_center","pixel_area_m2":10000.0,"source_type":"land","target_h3":"8728d100dffffff"},"type":"Feature"},{"geometry":{"coordinates":[-122.96953282260519,48.515059731108934],"type":"Point"},"id":"land:8728d100dffffff:199:230","properties":{"kind":"raster_water_pixel_center","pixel_area_m2":10000.0,"source_type":"land","target_h3":"8728d100dffffff"},"type":"Feature"},{"geometry":{"coordinates":[-122.98849038047298,48.51416354961571],"type":"Point"},"id":"land:8728d100dffffff:200:216","properties":{"kind":"raster_water_pixel_center","pixel_area_m2":10000.0,"source_type":"land","target_h3":"8728d100dffffff"},"type":"Feature"},{"geometry":{"coordinates":[-122.98713630762111,48.514163406271294],"type":"Point"},"id":"land:8728d100dffffff:200:217","properties":{"kind":"raster_water_pixel_center","pixel_area_m2":10000.0,"source_type":"land","target_h3":"8728d100dffffff"},"type":"Feature"},{"geometry":{"coordinates":[-122.98578223478047,48.514163246999736],"type":"Point"},"id":"land:8728d100dffffff:200:218","properties":{"kind":"raster_water_pixel_center","pixel_area_m2":10000.0,"source_type":"land","target_h3":"8728d100dffffff"},"type":"Feature"},{"geometry":{"coordinates":[-122.98442816195225,48.514163071801015],"type":"Point"},"id":"land:8728d100dffffff:200:219","properties":{"kind":"raster_water_pixel_center","pixel_area_m2":10000.0,"source_type":"land","target_h3":"8728d100dffffff"},"type":"Feature"},{"geometry":{"coordinates":[-122.98307408913762,48.514162880675144],"type":"Point"},"id":"land:8728d100dffffff:200:220","properties":{"kind":"raster_water_pixel_center","pixel_area_m2":10000.0,"source_type":"land","target_h3":"8728d100dffffff"},"type":"Feature"},{"geometry":{"coordinates":[-122.98172001633776,48.514162673622124],"type":"Point"},"id":"land:8728d100dffffff:200:221","properties":{"kind":"raster_water_pixel_center","pixel_area_m2":10000.0,"source_type":"land","target_h3":"8728d100dffffff"},"type":"Feature"},{"geometry":{"coordinates":[-122.98036594355386,48.514162450641955],"type":"Point"},"id":"land:8728d100dffffff:200:222","properties":{"kind":"raster_water_pixel_center","pixel_area_m2":10000.0,"source_type":"land","target_h3":"8728d100dffffff"},"type":"Feature"},{"geometry":{"coordinates":[-122.97901187078709,48.51416221173461],"type":"Point"},"id":"land:8728d100dffffff:200:223","properties":{"kind":"raster_water_pixel_center","pixel_area_m2":10000.0,"source_type":"land","target_h3":"8728d100dffffff"},"type":"Feature"},{"geometry":{"coordinates":[-122.9776577980386,48.514161956900125],"type":"Point"},"id":"land:8728d100dffffff:200:224","properties":{"kind":"raster_water_pixel_center","pixel_area_m2":10000.0,"source_type":"land","target_h3":"8728d100dffffff"},"type":"Feature"},{"geometry":{"coordinates":[-122.97630372530966,48.51416168613849],"type":"Point"},"id":"land:8728d100dffffff:200:225","properties":{"kind":"raster_water_pixel_center","pixel_area_m2":10000.0,"source_type":"land","target_h3":"8728d100dffffff"},"type":"Feature"},{"geometry":{"coordinates":[-122.97494965260137,48.514161399449705],"type":"Point"},"id":"land:8728d100dffffff:200:226","properties":{"kind":"raster_water_pixel_center","pixel_area_m2":10000.0,"source_type":"land","target_h3":"8728d100dffffff"},"type":"Feature"},{"geometry":{"coordinates":[-122.98713653535384,48.51326376833998],"type":"Point"},"id":"land:8728d100dffffff:201:217","properties":{"kind":"raster_water_pixel_center","pixel_area_m2":10000.0,"source_type":"land","target_h3":"8728d100dffffff"},"type":"Feature"},{"geometry":{"coordinates":[-122.98578248648506,48.51326360907343],"type":"Point"},"id":"land:8728d100dffffff:201:218","properties":{"kind":"raster_water_pixel_center","pixel_area_m2":10000.0,"source_type":"land","target_h3":"8728d100dffffff"},"type":"Feature"},{"geometry":{"coordinates":[-122.98442843762871,48.51326343388021],"type":"Point"},"id":"land:8728d100dffffff:201:219","properties":{"kind":"raster_water_pixel_center","pixel_area_m2":10000.0,"source_type":"land","target_h3":"8728d100dffffff"},"type":"Feature"},{"geometry":{"coordinates":[-122.97481713944279,48.52036074424941],"type":"Point"},"id":"water:8728d100dffffff:0","properties":{"kind":"opaque_land_mask_target_sample","source_type":"water","target_h3":"8728d100dffffff"},"type":"Feature"},{"geometry":{"coordinates":[-122.98297209663353,48.53307640286193],"type":"Point"},"id":"water:8728d100dffffff:1","properties":{"kind":"opaque_land_mask_target_sample","source_type":"water","target_h3":"8728d100dffffff"},"type":"Feature"},{"geometry":{"coordinates":[-122.96601842040775,48.529832551127825],"type":"Point"},"id":"water:8728d100dffffff:2","properties":{"kind":"opaque_land_mask_target_sample","source_type":"water","target_h3":"8728d100dffffff"},"type":"Feature"},{"geometry":{"coordinates":[-123.01827642471748,48.504266648858625],"type":"Point"},"id":"land:8728d1074ffffff:211:194","properties":{"kind":"raster_water_pixel_center","pixel_area_m2":10000.0,"source_type":"land","target_h3":"8728d1074ffffff"},"type":"Feature"},{"geometry":{"coordinates":[-123.01962988647229,48.503366786499775],"type":"Point"},"id":"land:8728d1074ffffff:212:193","properties":{"kind":"raster_water_pixel_center","pixel_area_m2":10000.0,"source_type":"land","target_h3":"8728d1074ffffff"},"type":"Feature"},{"geometry":{"coordinates":[-123.01827610127273,48.503367009395866],"type":"Point"},"id":"land:8728d1074ffffff:212:194","properties":{"kind":"raster_water_pixel_center","pixel_area_m2":10000.0,"source_type":"land","target_h3":"8728d1074ffffff"},"type":"Feature"},{"geometry":{"coordinates":[-123.01692231605722,48.50336721637081],"type":"Point"},"id":"land:8728d1074ffffff:212:195","properties":{"kind":"raster_water_pixel_center","pixel_area_m2":10000.0,"source_type":"land","target_h3":"8728d1074ffffff"},"type":"Feature"},{"geometry":{"coordinates":[-123.01962953908577,48.502467146902696],"type":"Point"},"id":"land:8728d1074ffffff:213:193","properties":{"kind":"raster_water_pixel_center","pixel_area_m2":10000.0,"source_type":"land","target_h3":"8728d1074ffffff"},"type":"Feature"},{"geometry":{"coordinates":[-123.01827577784391,48.50246736979179],"type":"Point"},"id":"land:8728d1074ffffff:213:194","properties":{"kind":"raster_water_pixel_center","pixel_area_m2":10000.0,"source_type":"land","target_h3":"8728d1074ffffff"},"type":"Feature"},{"geometry":{"coordinates":[-123.01692201658608,48.502467576760225],"type":"Point"},"id":"land:8728d1074ffffff:213:195","properties":{"kind":"raster_water_pixel_center","pixel_area_m2":10000.0,"source_type":"land","target_h3":"8728d1074ffffff"},"type":"Feature"},{"geometry":{"coordinates":[-123.01962919171639,48.50156750716432],"type":"Point"},"id":"land:8728d1074ffffff:214:193","properties":{"kind":"raster_water_pixel_center","pixel_area_m2":10000.0,"source_type":"land","target_h3":"8728d1074ffffff"},"type":"Feature"},{"geometry":{"coordinates":[-123.01827545443102,48.501567730046396],"type":"Point"},"id":"land:8728d1074ffffff:214:194","properties":{"kind":"raster_water_pixel_center","pixel_area_m2":10000.0,"source_type":"land","target_h3":"8728d1074ffffff"},"type":"Feature"},{"geometry":{"coordinates":[-123.0169217171297,48.50156793700833],"type":"Point"},"id":"land:8728d1074ffffff:214:195","properties":{"kind":"raster_water_pixel_center","pixel_area_m2":10000.0,"source_type":"land","target_h3":"8728d1074ffffff"},"type":"Feature"},{"geometry":{"coordinates":[-123.01556797981364,48.50156812805012],"type":"Point"},"id":"land:8728d1074ffffff:214:196","properties":{"kind":"raster_water_pixel_center","pixel_area_m2":10000.0,"source_type":"land","target_h3":"8728d1074ffffff"},"type":"Feature"},{"geometry":{"coordinates":[-123.01962884436412,48.5006678672846],"type":"Point"},"id":"land:8728d1074ffffff:215:193","properties":{"kind":"raster_water_pixel_center","pixel_area_m2":10000.0,"source_type":"land","target_h3":"8728d1074ffffff"},"type":"Feature"},{"geometry":{"coordinates":[-123.01827513103407,48.50066809015968],"type":"Point"},"id":"land:8728d1074ffffff:215:194","properties":{"kind":"raster_water_pixel_center","pixel_area_m2":10000.0,"source_type":"land","target_h3":"8728d1074ffffff"},"type":"Feature"},{"geometry":{"coordinates":[-123.0169214176881,48.500668297115105],"type":"Point"},"id":"land:8728d1074ffffff:215:195","properties":{"kind":"raster_water_pixel_center","pixel_area_m2":10000.0,"source_type":"land","target_h3":"8728d1074ffffff"},"type":"Feature"},{"geometry":{"coordinates":[-123.01556770432735,48.50066848815089],"type":"Point"},"id":"land:8728d1074ffffff:215:196","properties":{"kind":"raster_water_pixel_center","pixel_area_m2":10000.0,"source_type":"land","target_h3":"8728d1074ffffff"},"type":"Feature"},{"geometry":{"coordinates":[-123.01421399095302,48.500668663267035],"type":"Point"},"id":"land:8728d1074ffffff:215:197","properties":{"kind":"raster_water_pixel_center","pixel_area_m2":10000.0,"source_type":"land","target_h3":"8728d1074ffffff"},"type":"Feature"},{"geometry":{"coordinates":[-123.01962849702896,48.49976822726357],"type":"Point"},"id":"land:8728d1074ffffff:216:193","properties":{"kind":"raster_water_pixel_center","pixel_area_m2":10000.0,"source_type":"land","target_h3":"8728d1074ffffff"},"type":"Feature"},{"geometry":{"coordinates":[-123.01827480765306,48.49976845013164],"type":"Point"},"id":"land:8728d1074ffffff:216:194","properties":{"kind":"raster_water_pixel_center","pixel_area_m2":10000.0,"source_type":"land","target_h3":"8728d1074ffffff"},"type":"Feature"},{"geometry":{"coordinates":[-123.01692111826121,48.499768657080566],"type":"Point"},"id":"land:8728d1074ffffff:216:195","properties":{"kind":"raster_water_pixel_center","pixel_area_m2":10000.0,"source_type":"land","target_h3":"8728d1074ffffff"},"type":"Feature"},{"geometry":{"coordinates":[-123.01556742885462,48.49976884811035],"type":"Point"},"id":"land:8728d1074ffffff:216:196","properties":{"kind":"raster_water_pixel_center","pixel_area_m2":10000.0,"source_type":"land","target_h3":"8728d1074ffffff"},"type":"Feature"},{"geometry":{"coordinates":[-123.01962814971094,48.49886858710121],"type":"Point"},"id":"land:8728d1074ffffff:217:193","properties":{"kind":"raster_water_pixel_center","pixel_area_m2":10000.0,"source_type":"land","target_h3":"8728d1074ffffff"},"type":"Feature"},{"geometry":{"coordinates":[-123.018274484288,48.49886880996228],"type":"Point"},"id":"land:8728d1074ffffff:217:194","properties":{"kind":"raster_water_pixel_center","pixel_area_m2":10000.0,"source_type":"land","target_h3":"8728d1074ffffff"},"type":"Feature"},{"geometry":{"coordinates":[-123.01692081884912,48.49886901690471],"type":"Point"},"id":"land:8728d1074ffffff:217:195","properties":{"kind":"raster_water_pixel_center","pixel_area_m2":10000.0,"source_type":"land","target_h3":"8728d1074ffffff"},"type":"Feature"},{"geometry":{"coordinates":[-123.0155671533955,48.49886920792847],"type":"Point"},"id":"land:8728d1074ffffff:217:196","properties":{"kind":"raster_water_pixel_center","pixel_area_m2":10000.0,"source_type":"land","target_h3":"8728d1074ffffff"},"type":"Feature"},{"geometry":{"coordinates":[-123.01962780241001,48.497968946797535],"type":"Point"},"id":"land:8728d1074ffffff:218:193","properties":{"kind":"raster_water_pixel_center","pixel_area_m2":10000.0,"source_type":"land","target_h3":"8728d1074ffffff"},"type":"Feature"},{"geometry":{"coordinates":[-123.01827416093884,48.4979691696516],"type":"Point"},"id":"land:8728d1074ffffff:218:194","properties":{"kind":"raster_water_pixel_center","pixel_area_m2":10000.0,"source_type":"land","target_h3":"8728d1074ffffff"},"type":"Feature"},{"geometry":{"coordinates":[-123.01692051945177,48.49796937658752],"type":"Point"},"id":"land:8728d1074ffffff:218:195","properties":{"kind":"raster_water_pixel_center","pixel_area_m2":10000.0,"source_type":"land","target_h3":"8728d1074ffffff"},"type":"Feature"},{"geometry":{"coordinates":[-123.01827383760566,48.4970695291996],"type":"Point"},"id":"land:8728d1074ffffff:219:194","properties":{"kind":"raster_water_pixel_center","pixel_area_m2":10000.0,"source_type":"land","target_h3":"8728d1074ffffff"},"type":"Feature"},{"geometry":{"coordinates":[-123.01692022006915,48.49706973612901],"type":"Point"},"id":"land:8728d1074ffffff:219:195","properties":{"kind":"raster_water_pixel_center","pixel_area_m2":10000.0,"source_type":"land","target_h3":"8728d1074ffffff"},"type":"Feature"},{"geometry":{"coordinates":[-123.01766490530943,48.50271627006252],"type":"Point"},"id":"water:8728d1074ffffff:0","properties":{"kind":"opaque_land_mask_target_sample","source_type":"water","target_h3":"8728d1074ffffff"},"type":"Feature"},{"geometry":{"coordinates":[-123.01668744889024,48.496896522383466],"type":"Point"},"id":"water:8728d1074ffffff:1","properties":{"kind":"opaque_land_mask_target_sample","source_type":"water","target_h3":"8728d1074ffffff"},"type":"Feature"},{"geometry":{"coordinates":[-123.01417266123782,48.50013274640441],"type":"Point"},"id":"water:8728d1074ffffff:2","properties":{"kind":"opaque_land_mask_target_sample","source_type":"water","target_h3":"8728d1074ffffff"},"type":"Feature"},{"geometry":{"coordinates":[-123.1173934399805,48.62925679095921],"type":"Point"},"id":"land:8728d13a4ffffff:72:121","properties":{"kind":"raster_water_pixel_center","pixel_area_m2":10000.0,"source_type":"land","target_h3":"8728d13a4ffffff"},"type":"Feature"},{"geometry":{"coordinates":[-123.12689120819812,48.62834709874623],"type":"Point"},"id":"land:8728d13a4ffffff:73:114","properties":{"kind":"raster_water_pixel_center","pixel_area_m2":10000.0,"source_type":"land","target_h3":"8728d13a4ffffff"},"type":"Feature"},{"geometry":{"coordinates":[-123.12553408639243,48.6283485858932],"type":"Point"},"id":"land:8728d13a4ffffff:73:115","properties":{"kind":"raster_water_pixel_center","pixel_area_m2":10000.0,"source_type":"land","target_h3":"8728d13a4ffffff"},"type":"Feature"},{"geometry":{"coordinates":[-123.12417696447656,48.62835005704944],"type":"Point"},"id":"land:8728d13a4ffffff:73:116","properties":{"kind":"raster_water_pixel_center","pixel_area_m2":10000.0,"source_type":"land","target_h3":"8728d13a4ffffff"},"type":"Feature"},{"geometry":{"coordinates":[-123.12281984245172,48.62835151221494],"type":"Point"},"id":"land:8728d13a4ffffff:73:117","properties":{"kind":"raster_water_pixel_center","pixel_area_m2":10000.0,"source_type":"land","target_h3":"8728d13a4ffffff"},"type":"Feature"},{"geometry":{"coordinates":[-123.12146272031903,48.62835295138971],"type":"Point"},"id":"land:8728d13a4ffffff:73:118","properties":{"kind":"raster_water_pixel_center","pixel_area_m2":10000.0,"source_type":"land","target_h3":"8728d13a4ffffff"},"type":"Feature"},{"geometry":{"coordinates":[-123.12010559807977,48.62835437457374],"type":"Point"},"id":"land:8728d13a4ffffff:73:119","properties":{"kind":"raster_water_pixel_center","pixel_area_m2":10000.0,"source_type":"land","target_h3":"8728d13a4ffffff"},"type":"Feature"},{"geometry":{"coordinates":[-123.11874847573509,48.62835578176702],"type":"Point"},"id":"land:8728d13a4ffffff:73:120","properties":{"kind":"raster_water_pixel_center","pixel_area_m2":10000.0,"source_type":"land","target_h3":"8728d13a4ffffff"},"type":"Feature"},{"geometry":{"coordinates":[-123.11739135328615,48.628357172969565],"type":"Point"},"id":"land:8728d13a4ffffff:73:121","properties":{"kind":"raster_water_pixel_center","pixel_area_m2":10000.0,"source_type":"land","target_h3":"8728d13a4ffffff"},"type":"Feature"},{"geometry":{"coordinates":[-123.1160342307342,48.62835854818136],"type":"Point"},"id":"land:8728d13a4ffffff:73:122","properties":{"kind":"raster_water_pixel_center","pixel_area_m2":10000.0,"source_type":"land","target_h3":"8728d13a4ffffff"},"type":"Feature"},{"geometry":{"coordinates":[-123.13367443947423,48.627439805577815],"type":"Point"},"id":"land:8728d13a4ffffff:74:109","properties":{"kind":"raster_water_pixel_center","pixel_area_m2":10000.0,"source_type":"land","target_h3":"8728d13a4ffffff"},"type":"Feature"},{"geometry":{"coordinates":[-123.13231734235951,48.6274413726291],"type":"Point"},"id":"land:8728d13a4ffffff:74:110","properties":{"kind":"raster_water_pixel_center","pixel_area_m2":10000.0,"source_type":"land","target_h3":"8728d13a4ffffff"},"type":"Feature"},{"geometry":{"coordinates":[-123.13096024512863,48.62744292369016],"type":"Point"},"id":"land:8728d13a4ffffff:74:111","properties":{"kind":"raster_water_pixel_center","pixel_area_m2":10000.0,"source_type":"land","target_h3":"8728d13a4ffffff"},"type":"Feature"},{"geometry":{"coordinates":[-123.12960314778286,48.627444458761026],"type":"Point"},"id":"land:8728d13a4ffffff:74:112","properties":{"kind":"raster_water_pixel_center","pixel_area_m2":10000.0,"source_type":"land","target_h3":"8728d13a4ffffff"},"type":"Feature"},{"geometry":{"coordinates":[-123.12824605032331,48.62744597784167],"type":"Point"},"id":"land:8728d13a4ffffff:74:113","properties":{"kind":"raster_water_pixel_center","pixel_area_m2":10000.0,"source_type":"land","target_h3":"8728d13a4ffffff"},"type":"Feature"},{"geometry":{"coordinates":[-123.1268889527512,48.627447480932084],"type":"Point"},"id":"land:8728d13a4ffffff:74:114","properties":{"kind":"raster_water_pixel_center","pixel_area_m2":10000.0,"source_type":"land","target_h3":"8728d13a4ffffff"},"type":"Feature"},{"geometry":{"coordinates":[-123.1255318550677,48.62744896803229],"type":"Point"},"id":"land:8728d13a4ffffff:74:115","properties":{"kind":"raster_water_pixel_center","pixel_area_m2":10000.0,"source_type":"land","target_h3":"8728d13a4ffffff"},"type":"Feature"},{"geometry":{"coordinates":[-123.12417475727406,48.627450439142265],"type":"Point"},"id":"land:8728d13a4ffffff:74:116","properties":{"kind":"raster_water_pixel_center","pixel_area_m2":10000.0,"source_type":"land","target_h3":"8728d13a4ffffff"},"type":"Feature"},{"geometry":{"coordinates":[-123.12281765937142,48.62745189426201],"type":"Point"},"id":"land:8728d13a4ffffff:74:117","properties":{"kind":"raster_water_pixel_center","pixel_area_m2":10000.0,"source_type":"land","target_h3":"8728d13a4ffffff"},"type":"Feature"},{"geometry":{"coordinates":[-123.121460561361,48.62745333339151],"type":"Point"},"id":"land:8728d13a4ffffff:74:118","properties":{"kind":"raster_water_pixel_center","pixel_area_m2":10000.0,"source_type":"land","target_h3":"8728d13a4ffffff"},"type":"Feature"},{"geometry":{"coordinates":[-123.12010346324398,48.62745475653079],"type":"Point"},"id":"land:8728d13a4ffffff:74:119","properties":{"kind":"raster_water_pixel_center","pixel_area_m2":10000.0,"source_type":"land","target_h3":"8728d13a4ffffff"},"type":"Feature"},{"geometry":{"coordinates":[-123.11874636502152,48.627456163679824],"type":"Point"},"id":"land:8728d13a4ffffff:74:120","properties":{"kind":"raster_water_pixel_center","pixel_area_m2":10000.0,"source_type":"land","target_h3":"8728d13a4ffffff"},"type":"Feature"},{"geometry":{"coordinates":[-123.11738926669486,48.627457554838614],"type":"Point"},"id":"land:8728d13a4ffffff:74:121","properties":{"kind":"raster_water_pixel_center","pixel_area_m2":10000.0,"source_type":"land","target_h3":"8728d13a4ffffff"},"type":"Feature"},{"geometry":{"coordinates":[-123.11603216826516,48.627458930007165],"type":"Point"},"id":"land:8728d13a4ffffff:74:122","properties":{"kind":"raster_water_pixel_center","pixel_area_m2":10000.0,"source_type":"land","target_h3":"8728d13a4ffffff"},"type":"Feature"},{"geometry":{"coordinates":[-123.11467506973362,48.62746028918546],"type":"Point"},"id":"land:8728d13a4ffffff:74:123","properties":{"kind":"raster_water_pixel_center","pixel_area_m2":10000.0,"source_type":"land","target_h3":"8728d13a4ffffff"},"type":"Feature"},{"geometry":{"coordinates":[-123.13502913641011,48.626538604872],"type":"Point"},"id":"land:8728d13a4ffffff:75:108","properties":{"kind":"raster_water_pixel_center","pixel_area_m2":10000.0,"source_type":"land","target_h3":"8728d13a4ffffff"},"type":"Feature"},{"geometry":{"coordinates":[-123.13367206353368,48.62654018786372],"type":"Point"},"id":"land:8728d13a4ffffff:75:109","properties":{"kind":"raster_water_pixel_center","pixel_area_m2":10000.0,"source_type":"land","target_h3":"8728d13a4ffffff"},"type":"Feature"},{"geometry":{"coordinates":[-123.13231499053992,48.62654175486573],"type":"Point"},"id":"land:8728d13a4ffffff:75:110","properties":{"kind":"raster_water_pixel_center","pixel_area_m2":10000.0,"source_type":"land","target_h3":"8728d13a4ffffff"},"type":"Feature"},{"geometry":{"coordinates":[-123.13095791743008,48.626543305878016],"type":"Point"},"id":"land:8728d13a4ffffff:75:111","properties":{"kind":"raster_water_pixel_center","pixel_area_m2":10000.0,"source_type":"land","target_h3":"8728d13a4ffffff"},"type":"Feature"},{"geometry":{"coordinates":[-123.12960084420526,48.6265448409006],"type":"Point"},"id":"land:8728d13a4ffffff:75:112","properties":{"kind":"raster_water_pixel_center","pixel_area_m2":10000.0,"source_type":"land","target_h3":"8728d13a4ffffff"},"type":"Feature"},{"geometry":{"coordinates":[-123.12824377086672,48.62654635993347],"type":"Point"},"id":"land:8728d13a4ffffff:75:113","properties":{"kind":"raster_water_pixel_center","pixel_area_m2":10000.0,"source_type":"land","target_h3":"8728d13a4ffffff"},"type":"Feature"},{"geometry":{"coordinates":[-123.12688669741563,48.62654786297663],"type":"Point"},"id":"land:8728d13a4ffffff:75:114","properties":{"kind":"raster_water_pixel_center","pixel_area_m2":10000.0,"source_type":"land","target_h3":"8728d13a4ffffff"},"type":"Feature"},{"geometry":{"coordinates":[-123.12552962385315,48.62654935003006],"type":"Point"},"id":"land:8728d13a4ffffff:75:115","properties":{"kind":"raster_water_pixel_center","pixel_area_m2":10000.0,"source_type":"land","target_h3":"8728d13a4ffffff"},"type":"Feature"},{"geometry":{"coordinates":[-123.12417255018055,48.62655082109379],"type":"Point"},"id":"land:8728d13a4ffffff:75:116","properties":{"kind":"raster_water_pixel_center","pixel_area_m2":10000.0,"source_type":"land","target_h3":"8728d13a4ffffff"},"type":"Feature"},{"geometry":{"coordinates":[-123.12281547639894,48.626552276167764],"type":"Point"},"id":"land:8728d13a4ffffff:75:117","properties":{"kind":"raster_water_pixel_center","pixel_area_m2":10000.0,"source_type":"land","target_h3":"8728d13a4ffffff"},"type":"Feature"},{"geometry":{"coordinates":[-123.12145840250956,48.626553715252015],"type":"Point"},"id":"land:8728d13a4ffffff:75:118","properties":{"kind":"raster_water_pixel_center","pixel_area_m2":10000.0,"source_type":"land","target_h3":"8728d13a4ffffff"},"type":"Feature"},{"geometry":{"coordinates":[-123.12010132851358,48.62655513834654],"type":"Point"},"id":"land:8728d13a4ffffff:75:119","properties":{"kind":"raster_water_pixel_center","pixel_area_m2":10000.0,"source_type":"land","target_h3":"8728d13a4ffffff"},"type":"Feature"},{"geometry":{"coordinates":[-123.11874425441218,48.62655654545133],"type":"Point"},"id":"land:8728d13a4ffffff:75:120","properties":{"kind":"raster_water_pixel_center","pixel_area_m2":10000.0,"source_type":"land","target_h3":"8728d13a4ffffff"},"type":"Feature"},{"geometry":{"coordinates":[-123.11738718020659,48.62655793656638],"type":"Point"},"id":"land:8728d13a4ffffff:75:121","properties":{"kind":"raster_water_pixel_center","pixel_area_m2":10000.0,"source_type":"land","target_h3":"8728d13a4ffffff"},"type":"Feature"},{"geometry":{"coordinates":[-123.11603010589795,48.626559311691686],"type":"Point"},"id":"land:8728d13a4ffffff:75:122","properties":{"kind":"raster_water_pixel_center","pixel_area_m2":10000.0,"source_type":"land","target_h3":"8728d13a4ffffff"},"type":"Feature"},{"geometry":{"coordinates":[-123.1146730314875,48.62656067082724],"type":"Point"},"id":"land:8728d13a4ffffff:75:123","properties":{"kind":"raster_water_pixel_center","pixel_area_m2":10000.0,"source_type":"land","target_h3":"8728d13a4ffffff"},"type":"Feature"},{"geometry":{"coordinates":[-123.1133159569764,48.62656201397305],"type":"Point"},"id":"land:8728d13a4ffffff:75:124","properties":{"kind":"raster_water_pixel_center","pixel_area_m2":10000.0,"source_type":"land","target_h3":"8728d13a4ffffff"},"type":"Feature"},{"geometry":{"coordinates":[-123.13502673646708,48.62563898706636],"type":"Point"},"id":"land:8728d13a4ffffff:76:108","properties":{"kind":"raster_water_pixel_center","pixel_area_m2":10000.0,"source_type":"land","target_h3":"8728d13a4ffffff"},"type":"Feature"},{"geometry":{"coordinates":[-123.13366968771042,48.625640570008294],"type":"Point"},"id":"land:8728d13a4ffffff:76:109","properties":{"kind":"raster_water_pixel_center","pixel_area_m2":10000.0,"source_type":"land","target_h3":"8728d13a4ffffff"},"type":"Feature"},{"geometry":{"coordinates":[-123.13231263883648,48.62564213696103],"type":"Point"},"id":"land:8728d13a4ffffff:76:110","properties":{"kind":"raster_water_pixel_center","pixel_area_m2":10000.0,"source_type":"land","target_h3":"8728d13a4ffffff"},"type":"Feature"},{"geometry":{"coordinates":[-123.13095558984642,48.62564368792454],"type":"Point"},"id":"land:8728d13a4ffffff:76:111","properties":{"kind":"raster_water_pixel_center","pixel_area_m2":10000.0,"source_type":"land","target_h3":"8728d13a4ffffff"},"type":"Feature"},{"geometry":{"coordinates":[-123.12959854074143,48.625645222898854],"type":"Point"},"id":"land:8728d13a4ffffff:76:112","properties":{"kind":"raster_water_pixel_center","pixel_area_m2":10000.0,"source_type":"land","target_h3":"8728d13a4ffffff"},"type":"Feature"},{"geometry":{"coordinates":[-123.12824149152272,48.62564674188397],"type":"Point"},"id":"land:8728d13a4ffffff:76:113","properties":{"kind":"raster_water_pixel_center","pixel_area_m2":10000.0,"source_type":"land","target_h3":"8728d13a4ffffff"},"type":"Feature"},{"geometry":{"coordinates":[-123.12688444219141,48.625648244879855],"type":"Point"},"id":"land:8728d13a4ffffff:76:114","properties":{"kind":"raster_water_pixel_center","pixel_area_m2":10000.0,"source_type":"land","target_h3":"8728d13a4ffffff"},"type":"Feature"},{"geometry":{"coordinates":[-123.12552739274881,48.625649731886526],"type":"Point"},"id":"land:8728d13a4ffffff:76:115","properties":{"kind":"raster_water_pixel_center","pixel_area_m2":10000.0,"source_type":"land","target_h3":"8728d13a4ffffff"},"type":"Feature"},{"geometry":{"coordinates":[-123.12417034319603,48.625651202903974],"type":"Point"},"id":"land:8728d13a4ffffff:76:116","properties":{"kind":"raster_water_pixel_center","pixel_area_m2":10000.0,"source_type":"land","target_h3":"8728d13a4ffffff"},"type":"Feature"},{"geometry":{"coordinates":[-123.12281329353426,48.62565265793222],"type":"Point"},"id":"land:8728d13a4ffffff:76:117","properties":{"kind":"raster_water_pixel_center","pixel_area_m2":10000.0,"source_type":"land","target_h3":"8728d13a4ffffff"},"type":"Feature"},{"geometry":{"coordinates":[-123.12145624376471,48.62565409697121],"type":"Point"},"id":"land:8728d13a4ffffff:76:118","properties":{"kind":"raster_water_pixel_center","pixel_area_m2":10000.0,"source_type":"land","target_h3":"8728d13a4ffffff"},"type":"Feature"},{"geometry":{"coordinates":[-123.12009919388858,48.625655520020985],"type":"Point"},"id":"land:8728d13a4ffffff:76:119","properties":{"kind":"raster_water_pixel_center","pixel_area_m2":10000.0,"source_type":"land","target_h3":"8728d13a4ffffff"},"type":"Feature"},{"geometry":{"coordinates":[-123.11874214390706,48.62565692708152],"type":"Point"},"id":"land:8728d13a4ffffff:76:120","properties":{"kind":"raster_water_pixel_center","pixel_area_m2":10000.0,"source_type":"land","target_h3":"8728d13a4ffffff"},"type":"Feature"},{"geometry":{"coordinates":[-123.11738509382131,48.62565831815282],"type":"Point"},"id":"land:8728d13a4ffffff:76:121","properties":{"kind":"raster_water_pixel_center","pixel_area_m2":10000.0,"source_type":"land","target_h3":"8728d13a4ffffff"},"type":"Feature"},{"geometry":{"coordinates":[-123.11602804363257,48.62565969323488],"type":"Point"},"id":"land:8728d13a4ffffff:76:122","properties":{"kind":"raster_water_pixel_center","pixel_area_m2":10000.0,"source_type":"land","target_h3":"8728d13a4ffffff"},"type":"Feature"},{"geometry":{"coordinates":[-123.114670993342,48.6256610523277],"type":"Point"},"id":"land:8728d13a4ffffff:76:123","properties":{"kind":"raster_water_pixel_center","pixel_area_m2":10000.0,"source_type":"land","target_h3":"8728d13a4ffffff"},"type":"Feature"},{"geometry":{"coordinates":[-123.11331394295077,48.62566239543128],"type":"Point"},"id":"land:8728d13a4ffffff:76:124","properties":{"kind":"raster_water_pixel_center","pixel_area_m2":10000.0,"source_type":"land","target_h3":"8728d13a4ffffff"},"type":"Feature"},{"geometry":{"coordinates":[-123.1363813611621,48.62473777023854],"type":"Point"},"id":"land:8728d13a4ffffff:77:107","properties":{"kind":"raster_water_pixel_center","pixel_area_m2":10000.0,"source_type":"land","target_h3":"8728d13a4ffffff"},"type":"Feature"},{"geometry":{"coordinates":[-123.13502433664254,48.62473936911938],"type":"Point"},"id":"land:8728d13a4ffffff:77:108","properties":{"kind":"raster_water_pixel_center","pixel_area_m2":10000.0,"source_type":"land","target_h3":"8728d13a4ffffff"},"type":"Feature"},{"geometry":{"coordinates":[-123.13366731200449,48.62474095201155],"type":"Point"},"id":"land:8728d13a4ffffff:77:109","properties":{"kind":"raster_water_pixel_center","pixel_area_m2":10000.0,"source_type":"land","target_h3":"8728d13a4ffffff"},"type":"Feature"},{"geometry":{"coordinates":[-123.13231028724915,48.624742518915],"type":"Point"},"id":"land:8728d13a4ffffff:77:110","properties":{"kind":"raster_water_pixel_center","pixel_area_m2":10000.0,"source_type":"land","target_h3":"8728d13a4ffffff"},"type":"Feature"},{"geometry":{"coordinates":[-123.1309532623777,48.624744069829745],"type":"Point"},"id":"land:8728d13a4ffffff:77:111","properties":{"kind":"raster_water_pixel_center","pixel_area_m2":10000.0,"source_type":"land","target_h3":"8728d13a4ffffff"},"type":"Feature"},{"geometry":{"coordinates":[-123.12959623739131,48.624745604755795],"type":"Point"},"id":"land:8728d13a4ffffff:77:112","properties":{"kind":"raster_water_pixel_center","pixel_area_m2":10000.0,"source_type":"land","target_h3":"8728d13a4ffffff"},"type":"Feature"},{"geometry":{"coordinates":[-123.12823921229122,48.62474712369313],"type":"Point"},"id":"land:8728d13a4ffffff:77:113","properties":{"kind":"raster_water_pixel_center","pixel_area_m2":10000.0,"source_type":"land","target_h3":"8728d13a4ffffff"},"type":"Feature"},{"geometry":{"coordinates":[-123.12688218707858,48.62474862664177],"type":"Point"},"id":"land:8728d13a4ffffff:77:114","properties":{"kind":"raster_water_pixel_center","pixel_area_m2":10000.0,"source_type":"land","target_h3":"8728d13a4ffffff"},"type":"Feature"},{"geometry":{"coordinates":[-123.12552516175458,48.62475011360168],"type":"Point"},"id":"land:8728d13a4ffffff:77:115","properties":{"kind":"raster_water_pixel_center","pixel_area_m2":10000.0,"source_type":"land","target_h3":"8728d13a4ffffff"},"type":"Feature"},{"geometry":{"coordinates":[-123.12416813632045,48.62475158457287],"type":"Point"},"id":"land:8728d13a4ffffff:77:116","properties":{"kind":"raster_water_pixel_center","pixel_area_m2":10000.0,"source_type":"land","target_h3":"8728d13a4ffffff"},"type":"Feature"},{"geometry":{"coordinates":[-123.12281111077735,48.62475303955536],"type":"Point"},"id":"land:8728d13a4ffffff:77:117","properties":{"kind":"raster_water_pixel_center","pixel_area_m2":10000.0,"source_type":"land","target_h3":"8728d13a4ffffff"},"type":"Feature"},{"geometry":{"coordinates":[-123.12145408512644,48.6247544785491],"type":"Point"},"id":"land:8728d13a4ffffff:77:118","properties":{"kind":"raster_water_pixel_center","pixel_area_m2":10000.0,"source_type":"land","target_h3":"8728d13a4ffffff"},"type":"Feature"},{"geometry":{"coordinates":[-123.120097059369,48.62475590155412],"type":"Point"},"id":"land:8728d13a4ffffff:77:119","properties":{"kind":"raster_water_pixel_center","pixel_area_m2":10000.0,"source_type":"land","target_h3":"8728d13a4ffffff"},"type":"Feature"},{"geometry":{"coordinates":[-123.11874003350613,48.624757308570416],"type":"Point"},"id":"land:8728d13a4ffffff:77:120","properties":{"kind":"raster_water_pixel_center","pixel_area_m2":10000.0,"source_type":"land","target_h3":"8728d13a4ffffff"},"type":"Feature"},{"geometry":{"coordinates":[-123.11738300753909,48.62475869959796],"type":"Point"},"id":"land:8728d13a4ffffff:77:121","properties":{"kind":"raster_water_pixel_center","pixel_area_m2":10000.0,"source_type":"land","target_h3":"8728d13a4ffffff"},"type":"Feature"},{"geometry":{"coordinates":[-123.11602598146904,48.62476007463679],"type":"Point"},"id":"land:8728d13a4ffffff:77:122","properties":{"kind":"raster_water_pixel_center","pixel_area_m2":10000.0,"source_type":"land","target_h3":"8728d13a4ffffff"},"type":"Feature"},{"geometry":{"coordinates":[-123.11466895529715,48.62476143368687],"type":"Point"},"id":"land:8728d13a4ffffff:77:123","properties":{"kind":"raster_water_pixel_center","pixel_area_m2":10000.0,"source_type":"land","target_h3":"8728d13a4ffffff"},"type":"Feature"},{"geometry":{"coordinates":[-123.11331192902462,48.624762776748206],"type":"Point"},"id":"land:8728d13a4ffffff:77:124","properties":{"kind":"raster_water_pixel_center","pixel_area_m2":10000.0,"source_type":"land","target_h3":"8728d13a4ffffff"},"type":"Feature"},{"geometry":{"coordinates":[-123.11195490265268,48.6247641038208],"type":"Point"},"id":"land:8728d13a4ffffff:77:125","properties":{"kind":"raster_water_pixel_center","pixel_area_m2":10000.0,"source_type":"land","target_h3":"8728d13a4ffffff"},"type":"Feature"},{"geometry":{"coordinates":[-123.13637893733868,48.62383815220053],"type":"Point"},"id":"land:8728d13a4ffffff:78:107","properties":{"kind":"raster_water_pixel_center","pixel_area_m2":10000.0,"source_type":"land","target_h3":"8728d13a4ffffff"},"type":"Feature"},{"geometry":{"coordinates":[-123.13502193693651,48.6238397510311],"type":"Point"},"id":"land:8728d13a4ffffff:78:108","properties":{"kind":"raster_water_pixel_center","pixel_area_m2":10000.0,"source_type":"land","target_h3":"8728d13a4ffffff"},"type":"Feature"},{"geometry":{"coordinates":[-123.13366493641587,48.623841333873465],"type":"Point"},"id":"land:8728d13a4ffffff:78:109","properties":{"kind":"raster_water_pixel_center","pixel_area_m2":10000.0,"source_type":"land","target_h3":"8728d13a4ffffff"},"type":"Feature"},{"geometry":{"coordinates":[-123.13230793577793,48.62384290072766],"type":"Point"},"id":"land:8728d13a4ffffff:78:110","properties":{"kind":"raster_water_pixel_center","pixel_area_m2":10000.0,"source_type":"land","target_h3":"8728d13a4ffffff"},"type":"Feature"},{"geometry":{"coordinates":[-123.1309509350239,48.623844451593634],"type":"Point"},"id":"land:8728d13a4ffffff:78:111","properties":{"kind":"raster_water_pixel_center","pixel_area_m2":10000.0,"source_type":"land","target_h3":"8728d13a4ffffff"},"type":"Feature"},{"geometry":{"coordinates":[-123.12959393415495,48.623845986471416],"type":"Point"},"id":"land:8728d13a4ffffff:78:112","properties":{"kind":"raster_water_pixel_center","pixel_area_m2":10000.0,"source_type":"land","target_h3":"8728d13a4ffffff"},"type":"Feature"},{"geometry":{"coordinates":[-123.12823693317227,48.62384750536099],"type":"Point"},"id":"land:8728d13a4ffffff:78:113","properties":{"kind":"raster_water_pixel_center","pixel_area_m2":10000.0,"source_type":"land","target_h3":"8728d13a4ffffff"},"type":"Feature"},{"geometry":{"coordinates":[-123.12687993207707,48.62384900826236],"type":"Point"},"id":"land:8728d13a4ffffff:78:114","properties":{"kind":"raster_water_pixel_center","pixel_area_m2":10000.0,"source_type":"land","target_h3":"8728d13a4ffffff"},"type":"Feature"},{"geometry":{"coordinates":[-123.12552293087052,48.62385049517551],"type":"Point"},"id":"land:8728d13a4ffffff:78:115","properties":{"kind":"raster_water_pixel_center","pixel_area_m2":10000.0,"source_type":"land","target_h3":"8728d13a4ffffff"},"type":"Feature"},{"geometry":{"coordinates":[-123.12416592955385,48.62385196610045],"type":"Point"},"id":"land:8728d13a4ffffff:78:116","properties":{"kind":"raster_water_pixel_center","pixel_area_m2":10000.0,"source_type":"land","target_h3":"8728d13a4ffffff"},"type":"Feature"},{"geometry":{"coordinates":[-123.12280892812821,48.623853421037175],"type":"Point"},"id":"land:8728d13a4ffffff:78:117","properties":{"kind":"raster_water_pixel_center","pixel_area_m2":10000.0,"source_type":"land","target_h3":"8728d13a4ffffff"},"type":"Feature"},{"geometry":{"coordinates":[-123.12145192659477,48.62385485998567],"type":"Point"},"id":"land:8728d13a4ffffff:78:118","properties":{"kind":"raster_water_pixel_center","pixel_area_m2":10000.0,"source_type":"land","target_h3":"8728d13a4ffffff"},"type":"Feature"},{"geometry":{"coordinates":[-123.12009492495481,48.623856282945944],"type":"Point"},"id":"land:8728d13a4ffffff:78:119","properties":{"kind":"raster_water_pixel_center","pixel_area_m2":10000.0,"source_type":"land","target_h3":"8728d13a4ffffff"},"type":"Feature"},{"geometry":{"coordinates":[-123.11873792320942,48.62385768991799],"type":"Point"},"id":"land:8728d13a4ffffff:78:120","properties":{"kind":"raster_water_pixel_center","pixel_area_m2":10000.0,"source_type":"land","target_h3":"8728d13a4ffffff"},"type":"Feature"},{"geometry":{"coordinates":[-123.11738092135984,48.62385908090181],"type":"Point"},"id":"land:8728d13a4ffffff:78:121","properties":{"kind":"raster_water_pixel_center","pixel_area_m2":10000.0,"source_type":"land","target_h3":"8728d13a4ffffff"},"type":"Feature"},{"geometry":{"coordinates":[-123.1160239194073,48.623860455897386],"type":"Point"},"id":"land:8728d13a4ffffff:78:122","properties":{"kind":"raster_water_pixel_center","pixel_area_m2":10000.0,"source_type":"land","target_h3":"8728d13a4ffffff"},"type":"Feature"},{"geometry":{"coordinates":[-123.1146669173529,48.62386181490474],"type":"Point"},"id":"land:8728d13a4ffffff:78:123","properties":{"kind":"raster_water_pixel_center","pixel_area_m2":10000.0,"source_type":"land","target_h3":"8728d13a4ffffff"},"type":"Feature"},{"geometry":{"coordinates":[-123.1133099151979,48.62386315792384],"type":"Point"},"id":"land:8728d13a4ffffff:78:124","properties":{"kind":"raster_water_pixel_center","pixel_area_m2":10000.0,"source_type":"land","target_h3":"8728d13a4ffffff"},"type":"Feature"},{"geometry":{"coordinates":[-123.11195291294345,48.6238644849547],"type":"Point"},"id":"land:8728d13a4ffffff:78:125","properties":{"kind":"raster_water_pixel_center","pixel_area_m2":10000.0,"source_type":"land","target_h3":"8728d13a4ffffff"},"type":"Feature"},{"geometry":{"coordinates":[-123.11059591059079,48.62386579599733],"type":"Point"},"id":"land:8728d13a4ffffff:78:126","properties":{"kind":"raster_water_pixel_center","pixel_area_m2":10000.0,"source_type":"land","target_h3":"8728d13a4ffffff"},"type":"Feature"},{"geometry":{"coordinates":[-123.13773348980122,48.6229369192532],"type":"Point"},"id":"land:8728d13a4ffffff:79:106","properties":{"kind":"raster_water_pixel_center","pixel_area_m2":10000.0,"source_type":"land","target_h3":"8728d13a4ffffff"},"type":"Feature"},{"geometry":{"coordinates":[-123.13637651363491,48.62293853402118],"type":"Point"},"id":"land:8728d13a4ffffff:79:107","properties":{"kind":"raster_water_pixel_center","pixel_area_m2":10000.0,"source_type":"land","target_h3":"8728d13a4ffffff"},"type":"Feature"},{"geometry":{"coordinates":[-123.13501953734897,48.62294013280147],"type":"Point"},"id":"land:8728d13a4ffffff:79:108","properties":{"kind":"raster_water_pixel_center","pixel_area_m2":10000.0,"source_type":"land","target_h3":"8728d13a4ffffff"},"type":"Feature"},{"geometry":{"coordinates":[-123.13366256094453,48.622941715594074],"type":"Point"},"id":"land:8728d13a4ffffff:79:109","properties":{"kind":"raster_water_pixel_center","pixel_area_m2":10000.0,"source_type":"land","target_h3":"8728d13a4ffffff"},"type":"Feature"},{"geometry":{"coordinates":[-123.13230558442284,48.622943282398985],"type":"Point"},"id":"land:8728d13a4ffffff:79:110","properties":{"kind":"raster_water_pixel_center","pixel_area_m2":10000.0,"source_type":"land","target_h3":"8728d13a4ffffff"},"type":"Feature"},{"geometry":{"coordinates":[-123.130948607785,48.622944833216195],"type":"Point"},"id":"land:8728d13a4ffffff:79:111","properties":{"kind":"raster_water_pixel_center","pixel_area_m2":10000.0,"source_type":"land","target_h3":"8728d13a4ffffff"},"type":"Feature"},{"geometry":{"coordinates":[-123.12959163103228,48.62294636804571],"type":"Point"},"id":"land:8728d13a4ffffff:79:112","properties":{"kind":"raster_water_pixel_center","pixel_area_m2":10000.0,"source_type":"land","target_h3":"8728d13a4ffffff"},"type":"Feature"},{"geometry":{"coordinates":[-123.12823465416587,48.62294788688753],"type":"Point"},"id":"land:8728d13a4ffffff:79:113","properties":{"kind":"raster_water_pixel_center","pixel_area_m2":10000.0,"source_type":"land","target_h3":"8728d13a4ffffff"},"type":"Feature"},{"geometry":{"coordinates":[-123.1268776771869,48.622949389741635],"type":"Point"},"id":"land:8728d13a4ffffff:79:114","properties":{"kind":"raster_water_pixel_center","pixel_area_m2":10000.0,"source_type":"land","target_h3":"8728d13a4ffffff"},"type":"Feature"},{"geometry":{"coordinates":[-123.12552070009662,48.62295087660803],"type":"Point"},"id":"land:8728d13a4ffffff:79:115","properties":{"kind":"raster_water_pixel_center","pixel_area_m2":10000.0,"source_type":"land","target_h3":"8728d13a4ffffff"},"type":"Feature"},{"geometry":{"coordinates":[-123.12416372289621,48.62295234748672],"type":"Point"},"id":"land:8728d13a4ffffff:79:116","properties":{"kind":"raster_water_pixel_center","pixel_area_m2":10000.0,"source_type":"land","target_h3":"8728d13a4ffffff"},"type":"Feature"},{"geometry":{"coordinates":[-123.12280674558683,48.622953802377694],"type":"Point"},"id":"land:8728d13a4ffffff:79:117","properties":{"kind":"raster_water_pixel_center","pixel_area_m2":10000.0,"source_type":"land","target_h3":"8728d13a4ffffff"},"type":"Feature"},{"geometry":{"coordinates":[-123.12144976816968,48.62295524128094],"type":"Point"},"id":"land:8728d13a4ffffff:79:118","properties":{"kind":"raster_water_pixel_center","pixel_area_m2":10000.0,"source_type":"land","target_h3":"8728d13a4ffffff"},"type":"Feature"},{"geometry":{"coordinates":[-123.12009279064598,48.622956664196465],"type":"Point"},"id":"land:8728d13a4ffffff:79:119","properties":{"kind":"raster_water_pixel_center","pixel_area_m2":10000.0,"source_type":"land","target_h3":"8728d13a4ffffff"},"type":"Feature"},{"geometry":{"coordinates":[-123.11873581301691,48.622958071124266],"type":"Point"},"id":"land:8728d13a4ffffff:79:120","properties":{"kind":"raster_water_pixel_center","pixel_area_m2":10000.0,"source_type":"land","target_h3":"8728d13a4ffffff"},"type":"Feature"},{"geometry":{"coordinates":[-123.11737883528362,48.622959462064344],"type":"Point"},"id":"land:8728d13a4ffffff:79:121","properties":{"kind":"raster_water_pixel_center","pixel_area_m2":10000.0,"source_type":"land","target_h3":"8728d13a4ffffff"},"type":"Feature"},{"geometry":{"coordinates":[-123.11602185744735,48.62296083701669],"type":"Point"},"id":"land:8728d13a4ffffff:79:122","properties":{"kind":"raster_water_pixel_center","pixel_area_m2":10000.0,"source_type":"land","target_h3":"8728d13a4ffffff"},"type":"Feature"},{"geometry":{"coordinates":[-123.11466487950929,48.6229621959813],"type":"Point"},"id":"land:8728d13a4ffffff:79:123","properties":{"kind":"raster_water_pixel_center","pixel_area_m2":10000.0,"source_type":"land","target_h3":"8728d13a4ffffff"},"type":"Feature"},{"geometry":{"coordinates":[-123.11330790147059,48.62296353895817],"type":"Point"},"id":"land:8728d13a4ffffff:79:124","properties":{"kind":"raster_water_pixel_center","pixel_area_m2":10000.0,"source_type":"land","target_h3":"8728d13a4ffffff"},"type":"Feature"},{"geometry":{"coordinates":[-123.11195092333249,48.62296486594731],"type":"Point"},"id":"land:8728d13a4ffffff:79:125","properties":{"kind":"raster_water_pixel_center","pixel_area_m2":10000.0,"source_type":"land","target_h3":"8728d13a4ffffff"},"type":"Feature"},{"geometry":{"coordinates":[-123.11059394509613,48.6229661769487],"type":"Point"},"id":"land:8728d13a4ffffff:79:126","properties":{"kind":"raster_water_pixel_center","pixel_area_m2":10000.0,"source_type":"land","target_h3":"8728d13a4ffffff"},"type":"Feature"},{"geometry":{"coordinates":[-123.1377310421021,48.62203730098329],"type":"Point"},"id":"land:8728d13a4ffffff:80:106","properties":{"kind":"raster_water_pixel_center","pixel_area_m2":10000.0,"source_type":"land","target_h3":"8728d13a4ffffff"},"type":"Feature"},{"geometry":{"coordinates":[-123.13637409005082,48.62203891570049],"type":"Point"},"id":"land:8728d13a4ffffff:80:107","properties":{"kind":"raster_water_pixel_center","pixel_area_m2":10000.0,"source_type":"land","target_h3":"8728d13a4ffffff"},"type":"Feature"},{"geometry":{"coordinates":[-123.13501713787988,48.62204051443051],"type":"Point"},"id":"land:8728d13a4ffffff:80:108","properties":{"kind":"raster_water_pixel_center","pixel_area_m2":10000.0,"source_type":"land","target_h3":"8728d13a4ffffff"},"type":"Feature"},{"geometry":{"coordinates":[-123.13366018559047,48.622042097173335],"type":"Point"},"id":"land:8728d13a4ffffff:80:109","properties":{"kind":"raster_water_pixel_center","pixel_area_m2":10000.0,"source_type":"land","target_h3":"8728d13a4ffffff"},"type":"Feature"},{"geometry":{"coordinates":[-123.13230323318379,48.622043663928984],"type":"Point"},"id":"land:8728d13a4ffffff:80:110","properties":{"kind":"raster_water_pixel_center","pixel_area_m2":10000.0,"source_type":"land","target_h3":"8728d13a4ffffff"},"type":"Feature"},{"geometry":{"coordinates":[-123.13094628066102,48.62204521469744],"type":"Point"},"id":"land:8728d13a4ffffff:80:111","properties":{"kind":"raster_water_pixel_center","pixel_area_m2":10000.0,"source_type":"land","target_h3":"8728d13a4ffffff"},"type":"Feature"},{"geometry":{"coordinates":[-123.12958932802336,48.622046749478685],"type":"Point"},"id":"land:8728d13a4ffffff:80:112","properties":{"kind":"raster_water_pixel_center","pixel_area_m2":10000.0,"source_type":"land","target_h3":"8728d13a4ffffff"},"type":"Feature"},{"geometry":{"coordinates":[-123.12823237527198,48.62204826827274],"type":"Point"},"id":"land:8728d13a4ffffff:80:113","properties":{"kind":"raster_water_pixel_center","pixel_area_m2":10000.0,"source_type":"land","target_h3":"8728d13a4ffffff"},"type":"Feature"},{"geometry":{"coordinates":[-123.12687542240808,48.62204977107959],"type":"Point"},"id":"land:8728d13a4ffffff:80:114","properties":{"kind":"raster_water_pixel_center","pixel_area_m2":10000.0,"source_type":"land","target_h3":"8728d13a4ffffff"},"type":"Feature"},{"geometry":{"coordinates":[-123.12551846943286,48.62205125789924],"type":"Point"},"id":"land:8728d13a4ffffff:80:115","properties":{"kind":"raster_water_pixel_center","pixel_area_m2":10000.0,"source_type":"land","target_h3":"8728d13a4ffffff"},"type":"Feature"},{"geometry":{"coordinates":[-123.1241615163475,48.62205272873166],"type":"Point"},"id":"land:8728d13a4ffffff:80:116","properties":{"kind":"raster_water_pixel_center","pixel_area_m2":10000.0,"source_type":"land","target_h3":"8728d13a4ffffff"},"type":"Feature"},{"geometry":{"coordinates":[-123.12280456315321,48.62205418357688],"type":"Point"},"id":"land:8728d13a4ffffff:80:117","properties":{"kind":"raster_water_pixel_center","pixel_area_m2":10000.0,"source_type":"land","target_h3":"8728d13a4ffffff"},"type":"Feature"},{"geometry":{"coordinates":[-123.12144760985116,48.622055622434885],"type":"Point"},"id":"land:8728d13a4ffffff:80:118","properties":{"kind":"raster_water_pixel_center","pixel_area_m2":10000.0,"source_type":"land","target_h3":"8728d13a4ffffff"},"type":"Feature"},{"geometry":{"coordinates":[-123.12009065644254,48.62205704530567],"type":"Point"},"id":"land:8728d13a4ffffff:80:119","properties":{"kind":"raster_water_pixel_center","pixel_area_m2":10000.0,"source_type":"land","target_h3":"8728d13a4ffffff"},"type":"Feature"},{"geometry":{"coordinates":[-123.11873370292857,48.622058452189236],"type":"Point"},"id":"land:8728d13a4ffffff:80:120","properties":{"kind":"raster_water_pixel_center","pixel_area_m2":10000.0,"source_type":"land","target_h3":"8728d13a4ffffff"},"type":"Feature"},{"geometry":{"coordinates":[-123.1173767493104,48.62205984308557],"type":"Point"},"id":"land:8728d13a4ffffff:80:121","properties":{"kind":"raster_water_pixel_center","pixel_area_m2":10000.0,"source_type":"land","target_h3":"8728d13a4ffffff"},"type":"Feature"},{"geometry":{"coordinates":[-123.11601979558925,48.622061217994684],"type":"Point"},"id":"land:8728d13a4ffffff:80:122","properties":{"kind":"raster_water_pixel_center","pixel_area_m2":10000.0,"source_type":"land","target_h3":"8728d13a4ffffff"},"type":"Feature"},{"geometry":{"coordinates":[-123.1146628417663,48.62206257691655],"type":"Point"},"id":"land:8728d13a4ffffff:80:123","properties":{"kind":"raster_water_pixel_center","pixel_area_m2":10000.0,"source_type":"land","target_h3":"8728d13a4ffffff"},"type":"Feature"},{"geometry":{"coordinates":[-123.11330588784273,48.622063919851186],"type":"Point"},"id":"land:8728d13a4ffffff:80:124","properties":{"kind":"raster_water_pixel_center","pixel_area_m2":10000.0,"source_type":"land","target_h3":"8728d13a4ffffff"},"type":"Feature"},{"geometry":{"coordinates":[-123.11194893381975,48.6220652467986],"type":"Point"},"id":"land:8728d13a4ffffff:80:125","properties":{"kind":"raster_water_pixel_center","pixel_area_m2":10000.0,"source_type":"land","target_h3":"8728d13a4ffffff"},"type":"Feature"},{"geometry":{"coordinates":[-123.11059197969854,48.62206655775875],"type":"Point"},"id":"land:8728d13a4ffffff:80:126","properties":{"kind":"raster_water_pixel_center","pixel_area_m2":10000.0,"source_type":"land","target_h3":"8728d13a4ffffff"},"type":"Feature"},{"geometry":{"coordinates":[-123.10923502548029,48.62206785273169],"type":"Point"},"id":"land:8728d13a4ffffff:80:127","properties":{"kind":"raster_water_pixel_center","pixel_area_m2":10000.0,"source_type":"land","target_h3":"8728d13a4ffffff"},"type":"Feature"},{"geometry":{"coordinates":[-123.13908552234048,48.62113605191895],"type":"Point"},"id":"land:8728d13a4ffffff:81:105","properties":{"kind":"raster_water_pixel_center","pixel_area_m2":10000.0,"source_type":"land","target_h3":"8728d13a4ffffff"},"type":"Feature"},{"geometry":{"coordinates":[-123.13772859452386,48.621137682572055],"type":"Point"},"id":"land:8728d13a4ffffff:81:106","properties":{"kind":"raster_water_pixel_center","pixel_area_m2":10000.0,"source_type":"land","target_h3":"8728d13a4ffffff"},"type":"Feature"},{"geometry":{"coordinates":[-123.1363716665864,48.62113929723849],"type":"Point"},"id":"land:8728d13a4ffffff:81:107","properties":{"kind":"raster_water_pixel_center","pixel_area_m2":10000.0,"source_type":"land","target_h3":"8728d13a4ffffff"},"type":"Feature"},{"geometry":{"coordinates":[-123.13501473852928,48.62114089591823],"type":"Point"},"id":"land:8728d13a4ffffff:81:108","properties":{"kind":"raster_water_pixel_center","pixel_area_m2":10000.0,"source_type":"land","target_h3":"8728d13a4ffffff"},"type":"Feature"},{"geometry":{"coordinates":[-123.13365781035371,48.62114247861129],"type":"Point"},"id":"land:8728d13a4ffffff:81:109","properties":{"kind":"raster_water_pixel_center","pixel_area_m2":10000.0,"source_type":"land","target_h3":"8728d13a4ffffff"},"type":"Feature"},{"geometry":{"coordinates":[-123.13230088206085,48.62114404531766],"type":"Point"},"id":"land:8728d13a4ffffff:81:110","properties":{"kind":"raster_water_pixel_center","pixel_area_m2":10000.0,"source_type":"land","target_h3":"8728d13a4ffffff"},"type":"Feature"},{"geometry":{"coordinates":[-123.13094395365194,48.62114559603735],"type":"Point"},"id":"land:8728d13a4ffffff:81:111","properties":{"kind":"raster_water_pixel_center","pixel_area_m2":10000.0,"source_type":"land","target_h3":"8728d13a4ffffff"},"type":"Feature"},{"geometry":{"coordinates":[-123.1295870251281,48.62114713077034],"type":"Point"},"id":"land:8728d13a4ffffff:81:112","properties":{"kind":"raster_water_pixel_center","pixel_area_m2":10000.0,"source_type":"land","target_h3":"8728d13a4ffffff"},"type":"Feature"},{"geometry":{"coordinates":[-123.1282300964906,48.621148649516634],"type":"Point"},"id":"land:8728d13a4ffffff:81:113","properties":{"kind":"raster_water_pixel_center","pixel_area_m2":10000.0,"source_type":"land","target_h3":"8728d13a4ffffff"},"type":"Feature"},{"geometry":{"coordinates":[-123.12687316774057,48.621150152276236],"type":"Point"},"id":"land:8728d13a4ffffff:81:114","properties":{"kind":"raster_water_pixel_center","pixel_area_m2":10000.0,"source_type":"land","target_h3":"8728d13a4ffffff"},"type":"Feature"},{"geometry":{"coordinates":[-123.12551623887923,48.62115163904912],"type":"Point"},"id":"land:8728d13a4ffffff:81:115","properties":{"kind":"raster_water_pixel_center","pixel_area_m2":10000.0,"source_type":"land","target_h3":"8728d13a4ffffff"},"type":"Feature"},{"geometry":{"coordinates":[-123.12415930990775,48.6211531098353],"type":"Point"},"id":"land:8728d13a4ffffff:81:116","properties":{"kind":"raster_water_pixel_center","pixel_area_m2":10000.0,"source_type":"land","target_h3":"8728d13a4ffffff"},"type":"Feature"},{"geometry":{"coordinates":[-123.12280238082737,48.62115456463478],"type":"Point"},"id":"land:8728d13a4ffffff:81:117","properties":{"kind":"raster_water_pixel_center","pixel_area_m2":10000.0,"source_type":"land","target_h3":"8728d13a4ffffff"},"type":"Feature"},{"geometry":{"coordinates":[-123.12144545163922,48.62115600344753],"type":"Point"},"id":"land:8728d13a4ffffff:81:118","properties":{"kind":"raster_water_pixel_center","pixel_area_m2":10000.0,"source_type":"land","target_h3":"8728d13a4ffffff"},"type":"Feature"},{"geometry":{"coordinates":[-123.1200885223445,48.62115742627357],"type":"Point"},"id":"land:8728d13a4ffffff:81:119","properties":{"kind":"raster_water_pixel_center","pixel_area_m2":10000.0,"source_type":"land","target_h3":"8728d13a4ffffff"},"type":"Feature"},{"geometry":{"coordinates":[-123.11873159294441,48.6211588331129],"type":"Point"},"id":"land:8728d13a4ffffff:81:120","properties":{"kind":"raster_water_pixel_center","pixel_area_m2":10000.0,"source_type":"land","target_h3":"8728d13a4ffffff"},"type":"Feature"},{"geometry":{"coordinates":[-123.11737466344017,48.62116022396548],"type":"Point"},"id":"land:8728d13a4ffffff:81:121","properties":{"kind":"raster_water_pixel_center","pixel_area_m2":10000.0,"source_type":"land","target_h3":"8728d13a4ffffff"},"type":"Feature"},{"geometry":{"coordinates":[-123.11601773383295,48.621161598831364],"type":"Point"},"id":"land:8728d13a4ffffff:81:122","properties":{"kind":"raster_water_pixel_center","pixel_area_m2":10000.0,"source_type":"land","target_h3":"8728d13a4ffffff"},"type":"Feature"},{"geometry":{"coordinates":[-123.11466080412391,48.62116295771052],"type":"Point"},"id":"land:8728d13a4ffffff:81:123","properties":{"kind":"raster_water_pixel_center","pixel_area_m2":10000.0,"source_type":"land","target_h3":"8728d13a4ffffff"},"type":"Feature"},{"geometry":{"coordinates":[-123.11330387431428,48.62116430060292],"type":"Point"},"id":"land:8728d13a4ffffff:81:124","properties":{"kind":"raster_water_pixel_center","pixel_area_m2":10000.0,"source_type":"land","target_h3":"8728d13a4ffffff"},"type":"Feature"},{"geometry":{"coordinates":[-123.11194694440525,48.621165627508596],"type":"Point"},"id":"land:8728d13a4ffffff:81:125","properties":{"kind":"raster_water_pixel_center","pixel_area_m2":10000.0,"source_type":"land","target_h3":"8728d13a4ffffff"},"type":"Feature"},{"geometry":{"coordinates":[-123.11059001439799,48.62116693842754],"type":"Point"},"id":"land:8728d13a4ffffff:81:126","properties":{"kind":"raster_water_pixel_center","pixel_area_m2":10000.0,"source_type":"land","target_h3":"8728d13a4ffffff"},"type":"Feature"},{"geometry":{"coordinates":[-123.10923308429368,48.62116823335975],"type":"Point"},"id":"land:8728d13a4ffffff:81:127","properties":{"kind":"raster_water_pixel_center","pixel_area_m2":10000.0,"source_type":"land","target_h3":"8728d13a4ffffff"},"type":"Feature"},{"geometry":{"coordinates":[-123.10787615409355,48.62116951230521],"type":"Point"},"id":"land:8728d13a4ffffff:81:128","properties":{"kind":"raster_water_pixel_center","pixel_area_m2":10000.0,"source_type":"land","target_h3":"8728d13a4ffffff"},"type":"Feature"},{"geometry":{"coordinates":[-123.13908305077047,48.620236433417666],"type":"Point"},"id":"land:8728d13a4ffffff:82:105","properties":{"kind":"raster_water_pixel_center","pixel_area_m2":10000.0,"source_type":"land","target_h3":"8728d13a4ffffff"},"type":"Feature"},{"geometry":{"coordinates":[-123.13772614706645,48.620238064019496],"type":"Point"},"id":"land:8728d13a4ffffff:82:106","properties":{"kind":"raster_water_pixel_center","pixel_area_m2":10000.0,"source_type":"land","target_h3":"8728d13a4ffffff"},"type":"Feature"},{"geometry":{"coordinates":[-123.13636924324162,48.620239678635144],"type":"Point"},"id":"land:8728d13a4ffffff:82:107","properties":{"kind":"raster_water_pixel_center","pixel_area_m2":10000.0,"source_type":"land","target_h3":"8728d13a4ffffff"},"type":"Feature"},{"geometry":{"coordinates":[-123.13501233929715,48.62024127726463],"type":"Point"},"id":"land:8728d13a4ffffff:82:108","properties":{"kind":"raster_water_pixel_center","pixel_area_m2":10000.0,"source_type":"land","target_h3":"8728d13a4ffffff"},"type":"Feature"},{"geometry":{"coordinates":[-123.1336554352342,48.62024285990792],"type":"Point"},"id":"land:8728d13a4ffffff:82:109","properties":{"kind":"raster_water_pixel_center","pixel_area_m2":10000.0,"source_type":"land","target_h3":"8728d13a4ffffff"},"type":"Feature"},{"geometry":{"coordinates":[-123.132298531054,48.62024442656502],"type":"Point"},"id":"land:8728d13a4ffffff:82:110","properties":{"kind":"raster_water_pixel_center","pixel_area_m2":10000.0,"source_type":"land","target_h3":"8728d13a4ffffff"},"type":"Feature"},{"geometry":{"coordinates":[-123.13094162675772,48.62024597723595],"type":"Point"},"id":"land:8728d13a4ffffff:82:111","properties":{"kind":"raster_water_pixel_center","pixel_area_m2":10000.0,"source_type":"land","target_h3":"8728d13a4ffffff"},"type":"Feature"},{"geometry":{"coordinates":[-123.12958472234656,48.62024751192068],"type":"Point"},"id":"land:8728d13a4ffffff:82:112","properties":{"kind":"raster_water_pixel_center","pixel_area_m2":10000.0,"source_type":"land","target_h3":"8728d13a4ffffff"},"type":"Feature"},{"geometry":{"coordinates":[-123.12822781782174,48.62024903061921],"type":"Point"},"id":"land:8728d13a4ffffff:82:113","properties":{"kind":"raster_water_pixel_center","pixel_area_m2":10000.0,"source_type":"land","target_h3":"8728d13a4ffffff"},"type":"Feature"},{"geometry":{"coordinates":[-123.12687091318439,48.62025053333156],"type":"Point"},"id":"land:8728d13a4ffffff:82:114","properties":{"kind":"raster_water_pixel_center","pixel_area_m2":10000.0,"source_type":"land","target_h3":"8728d13a4ffffff"},"type":"Feature"},{"geometry":{"coordinates":[-123.12551400843572,48.62025202005769],"type":"Point"},"id":"land:8728d13a4ffffff:82:115","properties":{"kind":"raster_water_pixel_center","pixel_area_m2":10000.0,"source_type":"land","target_h3":"8728d13a4ffffff"},"type":"Feature"},{"geometry":{"coordinates":[-123.12415710357695,48.62025349079762],"type":"Point"},"id":"land:8728d13a4ffffff:82:116","properties":{"kind":"raster_water_pixel_center","pixel_area_m2":10000.0,"source_type":"land","target_h3":"8728d13a4ffffff"},"type":"Feature"},{"geometry":{"coordinates":[-123.12280019860923,48.620254945551345],"type":"Point"},"id":"land:8728d13a4ffffff:82:117","properties":{"kind":"raster_water_pixel_center","pixel_area_m2":10000.0,"source_type":"land","target_h3":"8728d13a4ffffff"},"type":"Feature"},{"geometry":{"coordinates":[-123.12144329353379,48.620256384318864],"type":"Point"},"id":"land:8728d13a4ffffff:82:118","properties":{"kind":"raster_water_pixel_center","pixel_area_m2":10000.0,"source_type":"land","target_h3":"8728d13a4ffffff"},"type":"Feature"},{"geometry":{"coordinates":[-123.1200863883518,48.62025780710016],"type":"Point"},"id":"land:8728d13a4ffffff:82:119","properties":{"kind":"raster_water_pixel_center","pixel_area_m2":10000.0,"source_type":"land","target_h3":"8728d13a4ffffff"},"type":"Feature"},{"geometry":{"coordinates":[-123.11872948306444,48.620259213895245],"type":"Point"},"id":"land:8728d13a4ffffff:82:120","properties":{"kind":"raster_water_pixel_center","pixel_area_m2":10000.0,"source_type":"land","target_h3":"8728d13a4ffffff"},"type":"Feature"},{"geometry":{"coordinates":[-123.11737257767291,48.62026060470411],"type":"Point"},"id":"land:8728d13a4ffffff:82:121","properties":{"kind":"raster_water_pixel_center","pixel_area_m2":10000.0,"source_type":"land","target_h3":"8728d13a4ffffff"},"type":"Feature"},{"geometry":{"coordinates":[-123.11601567217842,48.620261979526745],"type":"Point"},"id":"land:8728d13a4ffffff:82:122","properties":{"kind":"raster_water_pixel_center","pixel_area_m2":10000.0,"source_type":"land","target_h3":"8728d13a4ffffff"},"type":"Feature"},{"geometry":{"coordinates":[-123.11465876658212,48.620263338363166],"type":"Point"},"id":"land:8728d13a4ffffff:82:123","properties":{"kind":"raster_water_pixel_center","pixel_area_m2":10000.0,"source_type":"land","target_h3":"8728d13a4ffffff"},"type":"Feature"},{"geometry":{"coordinates":[-123.11330186088524,48.62026468121334],"type":"Point"},"id":"land:8728d13a4ffffff:82:124","properties":{"kind":"raster_water_pixel_center","pixel_area_m2":10000.0,"source_type":"land","target_h3":"8728d13a4ffffff"},"type":"Feature"},{"geometry":{"coordinates":[-123.11194495508894,48.6202660080773],"type":"Point"},"id":"land:8728d13a4ffffff:82:125","properties":{"kind":"raster_water_pixel_center","pixel_area_m2":10000.0,"source_type":"land","target_h3":"8728d13a4ffffff"},"type":"Feature"},{"geometry":{"coordinates":[-123.11058804919443,48.62026731895503],"type":"Point"},"id":"land:8728d13a4ffffff:82:126","properties":{"kind":"raster_water_pixel_center","pixel_area_m2":10000.0,"source_type":"land","target_h3":"8728d13a4ffffff"},"type":"Feature"},{"geometry":{"coordinates":[-123.1092311432029,48.62026861384651],"type":"Point"},"id":"land:8728d13a4ffffff:82:127","properties":{"kind":"raster_water_pixel_center","pixel_area_m2":10000.0,"source_type":"land","target_h3":"8728d13a4ffffff"},"type":"Feature"},{"geometry":{"coordinates":[-123.10787423711555,48.62026989275174],"type":"Point"},"id":"land:8728d13a4ffffff:82:128","properties":{"kind":"raster_water_pixel_center","pixel_area_m2":10000.0,"source_type":"land","target_h3":"8728d13a4ffffff"},"type":"Feature"},{"geometry":{"coordinates":[-123.14043745879303,48.61933516823883],"type":"Point"},"id":"land:8728d13a4ffffff:83:104","properties":{"kind":"raster_water_pixel_center","pixel_area_m2":10000.0,"source_type":"land","target_h3":"8728d13a4ffffff"},"type":"Feature"},{"geometry":{"coordinates":[-123.13908057932247,48.619336814775046],"type":"Point"},"id":"land:8728d13a4ffffff:83:105","properties":{"kind":"raster_water_pixel_center","pixel_area_m2":10000.0,"source_type":"land","target_h3":"8728d13a4ffffff"},"type":"Feature"},{"geometry":{"coordinates":[-123.13772369972989,48.619338445325596],"type":"Point"},"id":"land:8728d13a4ffffff:83:106","properties":{"kind":"raster_water_pixel_center","pixel_area_m2":10000.0,"source_type":"land","target_h3":"8728d13a4ffffff"},"type":"Feature"},{"geometry":{"coordinates":[-123.13636682001649,48.619340059890476],"type":"Point"},"id":"land:8728d13a4ffffff:83:107","properties":{"kind":"raster_water_pixel_center","pixel_area_m2":10000.0,"source_type":"land","target_h3":"8728d13a4ffffff"},"type":"Feature"},{"geometry":{"coordinates":[-123.13500994018345,48.619341658469686],"type":"Point"},"id":"land:8728d13a4ffffff:83:108","properties":{"kind":"raster_water_pixel_center","pixel_area_m2":10000.0,"source_type":"land","target_h3":"8728d13a4ffffff"},"type":"Feature"},{"geometry":{"coordinates":[-123.13365306023196,48.61934324106321],"type":"Point"},"id":"land:8728d13a4ffffff:83:109","properties":{"kind":"raster_water_pixel_center","pixel_area_m2":10000.0,"source_type":"land","target_h3":"8728d13a4ffffff"},"type":"Feature"},{"geometry":{"coordinates":[-123.13229618016322,48.61934480767107],"type":"Point"},"id":"land:8728d13a4ffffff:83:110","properties":{"kind":"raster_water_pixel_center","pixel_area_m2":10000.0,"source_type":"land","target_h3":"8728d13a4ffffff"},"type":"Feature"},{"geometry":{"coordinates":[-123.13093929997841,48.61934635829322],"type":"Point"},"id":"land:8728d13a4ffffff:83:111","properties":{"kind":"raster_water_pixel_center","pixel_area_m2":10000.0,"source_type":"land","target_h3":"8728d13a4ffffff"},"type":"Feature"},{"geometry":{"coordinates":[-123.12822553926537,48.61934941158047],"type":"Point"},"id":"land:8728d13a4ffffff:83:113","properties":{"kind":"raster_water_pixel_center","pixel_area_m2":10000.0,"source_type":"land","target_h3":"8728d13a4ffffff"},"type":"Feature"},{"geometry":{"coordinates":[-123.1268686587395,48.61935091424556],"type":"Point"},"id":"land:8728d13a4ffffff:83:114","properties":{"kind":"raster_water_pixel_center","pixel_area_m2":10000.0,"source_type":"land","target_h3":"8728d13a4ffffff"},"type":"Feature"},{"geometry":{"coordinates":[-123.12551177810234,48.619352400924946],"type":"Point"},"id":"land:8728d13a4ffffff:83:115","properties":{"kind":"raster_water_pixel_center","pixel_area_m2":10000.0,"source_type":"land","target_h3":"8728d13a4ffffff"},"type":"Feature"},{"geometry":{"coordinates":[-123.12415489735507,48.61935387161863],"type":"Point"},"id":"land:8728d13a4ffffff:83:116","properties":{"kind":"raster_water_pixel_center","pixel_area_m2":10000.0,"source_type":"land","target_h3":"8728d13a4ffffff"},"type":"Feature"},{"geometry":{"coordinates":[-123.12279801649886,48.61935532632661],"type":"Point"},"id":"land:8728d13a4ffffff:83:117","properties":{"kind":"raster_water_pixel_center","pixel_area_m2":10000.0,"source_type":"land","target_h3":"8728d13a4ffffff"},"type":"Feature"},{"geometry":{"coordinates":[-123.12144113553494,48.61935676504888],"type":"Point"},"id":"land:8728d13a4ffffff:83:118","properties":{"kind":"raster_water_pixel_center","pixel_area_m2":10000.0,"source_type":"land","target_h3":"8728d13a4ffffff"},"type":"Feature"},{"geometry":{"coordinates":[-123.12008425446446,48.619358187785444],"type":"Point"},"id":"land:8728d13a4ffffff:83:119","properties":{"kind":"raster_water_pixel_center","pixel_area_m2":10000.0,"source_type":"land","target_h3":"8728d13a4ffffff"},"type":"Feature"},{"geometry":{"coordinates":[-123.11872737328864,48.61935959453629],"type":"Point"},"id":"land:8728d13a4ffffff:83:120","properties":{"kind":"raster_water_pixel_center","pixel_area_m2":10000.0,"source_type":"land","target_h3":"8728d13a4ffffff"},"type":"Feature"},{"geometry":{"coordinates":[-123.11737049200863,48.61936098530141],"type":"Point"},"id":"land:8728d13a4ffffff:83:121","properties":{"kind":"raster_water_pixel_center","pixel_area_m2":10000.0,"source_type":"land","target_h3":"8728d13a4ffffff"},"type":"Feature"},{"geometry":{"coordinates":[-123.11601361062567,48.61936236008082],"type":"Point"},"id":"land:8728d13a4ffffff:83:122","properties":{"kind":"raster_water_pixel_center","pixel_area_m2":10000.0,"source_type":"land","target_h3":"8728d13a4ffffff"},"type":"Feature"},{"geometry":{"coordinates":[-123.11465672914093,48.61936371887451],"type":"Point"},"id":"land:8728d13a4ffffff:83:123","properties":{"kind":"raster_water_pixel_center","pixel_area_m2":10000.0,"source_type":"land","target_h3":"8728d13a4ffffff"},"type":"Feature"},{"geometry":{"coordinates":[-123.11329984755561,48.61936506168247],"type":"Point"},"id":"land:8728d13a4ffffff:83:124","properties":{"kind":"raster_water_pixel_center","pixel_area_m2":10000.0,"source_type":"land","target_h3":"8728d13a4ffffff"},"type":"Feature"},{"geometry":{"coordinates":[-123.1119429658709,48.6193663885047],"type":"Point"},"id":"land:8728d13a4ffffff:83:125","properties":{"kind":"raster_water_pixel_center","pixel_area_m2":10000.0,"source_type":"land","target_h3":"8728d13a4ffffff"},"type":"Feature"},{"geometry":{"coordinates":[-123.11058608408794,48.6193676993412],"type":"Point"},"id":"land:8728d13a4ffffff:83:126","properties":{"kind":"raster_water_pixel_center","pixel_area_m2":10000.0,"source_type":"land","target_h3":"8728d13a4ffffff"},"type":"Feature"},{"geometry":{"coordinates":[-123.109229202208,48.619368994191966],"type":"Point"},"id":"land:8728d13a4ffffff:83:127","properties":{"kind":"raster_water_pixel_center","pixel_area_m2":10000.0,"source_type":"land","target_h3":"8728d13a4ffffff"},"type":"Feature"},{"geometry":{"coordinates":[-123.1078723202322,48.619370273056994],"type":"Point"},"id":"land:8728d13a4ffffff:83:128","properties":{"kind":"raster_water_pixel_center","pixel_area_m2":10000.0,"source_type":"land","target_h3":"8728d13a4ffffff"},"type":"Feature"},{"geometry":{"coordinates":[-123.14179181859394,48.618433887037035],"type":"Point"},"id":"land:8728d13a4ffffff:84:103","properties":{"kind":"raster_water_pixel_center","pixel_area_m2":10000.0,"source_type":"land","target_h3":"8728d13a4ffffff"},"type":"Feature"},{"geometry":{"coordinates":[-123.14043496335682,48.61843554950664],"type":"Point"},"id":"land:8728d13a4ffffff:84:104","properties":{"kind":"raster_water_pixel_center","pixel_area_m2":10000.0,"source_type":"land","target_h3":"8728d13a4ffffff"},"type":"Feature"},{"geometry":{"coordinates":[-123.1390781079965,48.618437195991085],"type":"Point"},"id":"land:8728d13a4ffffff:84:105","properties":{"kind":"raster_water_pixel_center","pixel_area_m2":10000.0,"source_type":"land","target_h3":"8728d13a4ffffff"},"type":"Feature"},{"geometry":{"coordinates":[-123.13772125251415,48.61843882649037],"type":"Point"},"id":"land:8728d13a4ffffff:84:106","properties":{"kind":"raster_water_pixel_center","pixel_area_m2":10000.0,"source_type":"land","target_h3":"8728d13a4ffffff"},"type":"Feature"},{"geometry":{"coordinates":[-123.13636439691098,48.61844044100448],"type":"Point"},"id":"land:8728d13a4ffffff:84:107","properties":{"kind":"raster_water_pixel_center","pixel_area_m2":10000.0,"source_type":"land","target_h3":"8728d13a4ffffff"},"type":"Feature"},{"geometry":{"coordinates":[-123.1350075411882,48.61844203953343],"type":"Point"},"id":"land:8728d13a4ffffff:84:108","properties":{"kind":"raster_water_pixel_center","pixel_area_m2":10000.0,"source_type":"land","target_h3":"8728d13a4ffffff"},"type":"Feature"},{"geometry":{"coordinates":[-123.12686640440593,48.61845129501825],"type":"Point"},"id":"land:8728d13a4ffffff:84:114","properties":{"kind":"raster_water_pixel_center","pixel_area_m2":10000.0,"source_type":"land","target_h3":"8728d13a4ffffff"},"type":"Feature"},{"geometry":{"coordinates":[-123.12550954787908,48.61845278165088],"type":"Point"},"id":"land:8728d13a4ffffff:84:115","properties":{"kind":"raster_water_pixel_center","pixel_area_m2":10000.0,"source_type":"land","target_h3":"8728d13a4ffffff"},"type":"Feature"},{"geometry":{"coordinates":[-123.12415269124209,48.61845425229832],"type":"Point"},"id":"land:8728d13a4ffffff:84:116","properties":{"kind":"raster_water_pixel_center","pixel_area_m2":10000.0,"source_type":"land","target_h3":"8728d13a4ffffff"},"type":"Feature"},{"geometry":{"coordinates":[-123.12279583449622,48.61845570696056],"type":"Point"},"id":"land:8728d13a4ffffff:84:117","properties":{"kind":"raster_water_pixel_center","pixel_area_m2":10000.0,"source_type":"land","target_h3":"8728d13a4ffffff"},"type":"Feature"},{"geometry":{"coordinates":[-123.12143897764263,48.61845714563759],"type":"Point"},"id":"land:8728d13a4ffffff:84:118","properties":{"kind":"raster_water_pixel_center","pixel_area_m2":10000.0,"source_type":"land","target_h3":"8728d13a4ffffff"},"type":"Feature"},{"geometry":{"coordinates":[-123.12008212068248,48.6184585683294],"type":"Point"},"id":"land:8728d13a4ffffff:84:119","properties":{"kind":"raster_water_pixel_center","pixel_area_m2":10000.0,"source_type":"land","target_h3":"8728d13a4ffffff"},"type":"Feature"},{"geometry":{"coordinates":[-123.118725263617,48.61845997503602],"type":"Point"},"id":"land:8728d13a4ffffff:84:120","properties":{"kind":"raster_water_pixel_center","pixel_area_m2":10000.0,"source_type":"land","target_h3":"8728d13a4ffffff"},"type":"Feature"},{"geometry":{"coordinates":[-123.11736840644733,48.61846136575741],"type":"Point"},"id":"land:8728d13a4ffffff:84:121","properties":{"kind":"raster_water_pixel_center","pixel_area_m2":10000.0,"source_type":"land","target_h3":"8728d13a4ffffff"},"type":"Feature"},{"geometry":{"coordinates":[-123.11601154917473,48.6184627404936],"type":"Point"},"id":"land:8728d13a4ffffff:84:122","properties":{"kind":"raster_water_pixel_center","pixel_area_m2":10000.0,"source_type":"land","target_h3":"8728d13a4ffffff"},"type":"Feature"},{"geometry":{"coordinates":[-123.11465469180034,48.61846409924455],"type":"Point"},"id":"land:8728d13a4ffffff:84:123","properties":{"kind":"raster_water_pixel_center","pixel_area_m2":10000.0,"source_type":"land","target_h3":"8728d13a4ffffff"},"type":"Feature"},{"geometry":{"coordinates":[-123.11329783432538,48.61846544201029],"type":"Point"},"id":"land:8728d13a4ffffff:84:124","properties":{"kind":"raster_water_pixel_center","pixel_area_m2":10000.0,"source_type":"land","target_h3":"8728d13a4ffffff"},"type":"Feature"},{"geometry":{"coordinates":[-123.11194097675103,48.618466768790796],"type":"Point"},"id":"land:8728d13a4ffffff:84:125","properties":{"kind":"raster_water_pixel_center","pixel_area_m2":10000.0,"source_type":"land","target_h3":"8728d13a4ffffff"},"type":"Feature"},{"geometry":{"coordinates":[-123.11058411907847,48.61846807958607],"type":"Point"},"id":"land:8728d13a4ffffff:84:126","properties":{"kind":"raster_water_pixel_center","pixel_area_m2":10000.0,"source_type":"land","target_h3":"8728d13a4ffffff"},"type":"Feature"},{"geometry":{"coordinates":[-123.10922726130887,48.61846937439612],"type":"Point"},"id":"land:8728d13a4ffffff:84:127","properties":{"kind":"raster_water_pixel_center","pixel_area_m2":10000.0,"source_type":"land","target_h3":"8728d13a4ffffff"},"type":"Feature"},{"geometry":{"coordinates":[-123.1417892991719,48.61753426821579],"type":"Point"},"id":"land:8728d13a4ffffff:85:103","properties":{"kind":"raster_water_pixel_center","pixel_area_m2":10000.0,"source_type":"land","target_h3":"8728d13a4ffffff"},"type":"Feature"},{"geometry":{"coordinates":[-123.14043246804378,48.617535930633125],"type":"Point"},"id":"land:8728d13a4ffffff:85:104","properties":{"kind":"raster_water_pixel_center","pixel_area_m2":10000.0,"source_type":"land","target_h3":"8728d13a4ffffff"},"type":"Feature"},{"geometry":{"coordinates":[-123.12415048523806,48.61755463283669],"type":"Point"},"id":"land:8728d13a4ffffff:85:116","properties":{"kind":"raster_water_pixel_center","pixel_area_m2":10000.0,"source_type":"land","target_h3":"8728d13a4ffffff"},"type":"Feature"},{"geometry":{"coordinates":[-123.1227936526013,48.61755608745319],"type":"Point"},"id":"land:8728d13a4ffffff:85:117","properties":{"kind":"raster_water_pixel_center","pixel_area_m2":10000.0,"source_type":"land","target_h3":"8728d13a4ffffff"},"type":"Feature"},{"geometry":{"coordinates":[-123.12143681985683,48.61755752608499],"type":"Point"},"id":"land:8728d13a4ffffff:85:118","properties":{"kind":"raster_water_pixel_center","pixel_area_m2":10000.0,"source_type":"land","target_h3":"8728d13a4ffffff"},"type":"Feature"},{"geometry":{"coordinates":[-123.12007998700582,48.61755894873207],"type":"Point"},"id":"land:8728d13a4ffffff:85:119","properties":{"kind":"raster_water_pixel_center","pixel_area_m2":10000.0,"source_type":"land","target_h3":"8728d13a4ffffff"},"type":"Feature"},{"geometry":{"coordinates":[-123.11872315404949,48.61756035539444],"type":"Point"},"id":"land:8728d13a4ffffff:85:120","properties":{"kind":"raster_water_pixel_center","pixel_area_m2":10000.0,"source_type":"land","target_h3":"8728d13a4ffffff"},"type":"Feature"},{"geometry":{"coordinates":[-123.117366320989,48.61756174607211],"type":"Point"},"id":"land:8728d13a4ffffff:85:121","properties":{"kind":"raster_water_pixel_center","pixel_area_m2":10000.0,"source_type":"land","target_h3":"8728d13a4ffffff"},"type":"Feature"},{"geometry":{"coordinates":[-123.11600948782556,48.61756312076506],"type":"Point"},"id":"land:8728d13a4ffffff:85:122","properties":{"kind":"raster_water_pixel_center","pixel_area_m2":10000.0,"source_type":"land","target_h3":"8728d13a4ffffff"},"type":"Feature"},{"geometry":{"coordinates":[-123.11465265456035,48.61756447947329],"type":"Point"},"id":"land:8728d13a4ffffff:85:123","properties":{"kind":"raster_water_pixel_center","pixel_area_m2":10000.0,"source_type":"land","target_h3":"8728d13a4ffffff"},"type":"Feature"},{"geometry":{"coordinates":[-123.11329582119454,48.6175658221968],"type":"Point"},"id":"land:8728d13a4ffffff:85:124","properties":{"kind":"raster_water_pixel_center","pixel_area_m2":10000.0,"source_type":"land","target_h3":"8728d13a4ffffff"},"type":"Feature"},{"geometry":{"coordinates":[-123.11193898772936,48.61756714893559],"type":"Point"},"id":"land:8728d13a4ffffff:85:125","properties":{"kind":"raster_water_pixel_center","pixel_area_m2":10000.0,"source_type":"land","target_h3":"8728d13a4ffffff"},"type":"Feature"},{"geometry":{"coordinates":[-123.11058215416598,48.61756845968966],"type":"Point"},"id":"land:8728d13a4ffffff:85:126","properties":{"kind":"raster_water_pixel_center","pixel_area_m2":10000.0,"source_type":"land","target_h3":"8728d13a4ffffff"},"type":"Feature"},{"geometry":{"coordinates":[-123.1092253205056,48.617569754458984],"type":"Point"},"id":"land:8728d13a4ffffff:85:127","properties":{"kind":"raster_water_pixel_center","pixel_area_m2":10000.0,"source_type":"land","target_h3":"8728d13a4ffffff"},"type":"Feature"},{"geometry":{"coordinates":[-123.12143466217759,48.616657906391055],"type":"Point"},"id":"land:8728d13a4ffffff:86:118","properties":{"kind":"raster_water_pixel_center","pixel_area_m2":10000.0,"source_type":"land","target_h3":"8728d13a4ffffff"},"type":"Feature"},{"geometry":{"coordinates":[-123.12007785343452,48.61665932899341],"type":"Point"},"id":"land:8728d13a4ffffff:86:119","properties":{"kind":"raster_water_pixel_center","pixel_area_m2":10000.0,"source_type":"land","target_h3":"8728d13a4ffffff"},"type":"Feature"},{"geometry":{"coordinates":[-123.11872104458614,48.616660735611546],"type":"Point"},"id":"land:8728d13a4ffffff:86:120","properties":{"kind":"raster_water_pixel_center","pixel_area_m2":10000.0,"source_type":"land","target_h3":"8728d13a4ffffff"},"type":"Feature"},{"geometry":{"coordinates":[-123.11736423563362,48.61666212624548],"type":"Point"},"id":"land:8728d13a4ffffff:86:121","properties":{"kind":"raster_water_pixel_center","pixel_area_m2":10000.0,"source_type":"land","target_h3":"8728d13a4ffffff"},"type":"Feature"},{"geometry":{"coordinates":[-123.11600742657815,48.61666350089521],"type":"Point"},"id":"land:8728d13a4ffffff:86:122","properties":{"kind":"raster_water_pixel_center","pixel_area_m2":10000.0,"source_type":"land","target_h3":"8728d13a4ffffff"},"type":"Feature"},{"geometry":{"coordinates":[-123.11465061742089,48.616664859560714],"type":"Point"},"id":"land:8728d13a4ffffff:86:123","properties":{"kind":"raster_water_pixel_center","pixel_area_m2":10000.0,"source_type":"land","target_h3":"8728d13a4ffffff"},"type":"Feature"},{"geometry":{"coordinates":[-123.11329380816309,48.616666202242],"type":"Point"},"id":"land:8728d13a4ffffff:86:124","properties":{"kind":"raster_water_pixel_center","pixel_area_m2":10000.0,"source_type":"land","target_h3":"8728d13a4ffffff"},"type":"Feature"},{"geometry":{"coordinates":[-123.11193699880589,48.616667528939075],"type":"Point"},"id":"land:8728d13a4ffffff:86:125","properties":{"kind":"raster_water_pixel_center","pixel_area_m2":10000.0,"source_type":"land","target_h3":"8728d13a4ffffff"},"type":"Feature"},{"geometry":{"coordinates":[-123.11058018935051,48.61666883965191],"type":"Point"},"id":"land:8728d13a4ffffff:86:126","properties":{"kind":"raster_water_pixel_center","pixel_area_m2":10000.0,"source_type":"land","target_h3":"8728d13a4ffffff"},"type":"Feature"},{"geometry":{"coordinates":[-123.12007571996854,48.61575970911343],"type":"Point"},"id":"land:8728d13a4ffffff:87:119","properties":{"kind":"raster_water_pixel_center","pixel_area_m2":10000.0,"source_type":"land","target_h3":"8728d13a4ffffff"},"type":"Feature"},{"geometry":{"coordinates":[-123.11871893522694,48.61576111568735],"type":"Point"},"id":"land:8728d13a4ffffff:87:120","properties":{"kind":"raster_water_pixel_center","pixel_area_m2":10000.0,"source_type":"land","target_h3":"8728d13a4ffffff"},"type":"Feature"},{"geometry":{"coordinates":[-123.11736215038118,48.615762506277555],"type":"Point"},"id":"land:8728d13a4ffffff:87:121","properties":{"kind":"raster_water_pixel_center","pixel_area_m2":10000.0,"source_type":"land","target_h3":"8728d13a4ffffff"},"type":"Feature"},{"geometry":{"coordinates":[-123.11600536543249,48.61576388088406],"type":"Point"},"id":"land:8728d13a4ffffff:87:122","properties":{"kind":"raster_water_pixel_center","pixel_area_m2":10000.0,"source_type":"land","target_h3":"8728d13a4ffffff"},"type":"Feature"},{"geometry":{"coordinates":[-123.11464858038202,48.61576523950684],"type":"Point"},"id":"land:8728d13a4ffffff:87:123","properties":{"kind":"raster_water_pixel_center","pixel_area_m2":10000.0,"source_type":"land","target_h3":"8728d13a4ffffff"},"type":"Feature"},{"geometry":{"coordinates":[-123.11329179523102,48.61576658214591],"type":"Point"},"id":"land:8728d13a4ffffff:87:124","properties":{"kind":"raster_water_pixel_center","pixel_area_m2":10000.0,"source_type":"land","target_h3":"8728d13a4ffffff"},"type":"Feature"},{"geometry":{"coordinates":[-123.11193500998063,48.61576790880127],"type":"Point"},"id":"land:8728d13a4ffffff:87:125","properties":{"kind":"raster_water_pixel_center","pixel_area_m2":10000.0,"source_type":"land","target_h3":"8728d13a4ffffff"},"type":"Feature"},{"geometry":{"coordinates":[-123.11057822463204,48.615769219472895],"type":"Point"},"id":"land:8728d13a4ffffff:87:126","properties":{"kind":"raster_water_pixel_center","pixel_area_m2":10000.0,"source_type":"land","target_h3":"8728d13a4ffffff"},"type":"Feature"},{"geometry":{"coordinates":[-123.1173600652317,48.61486288616831],"type":"Point"},"id":"land:8728d13a4ffffff:88:121","properties":{"kind":"raster_water_pixel_center","pixel_area_m2":10000.0,"source_type":"land","target_h3":"8728d13a4ffffff"},"type":"Feature"},{"geometry":{"coordinates":[-123.1160033043886,48.61486426073159],"type":"Point"},"id":"land:8728d13a4ffffff:88:122","properties":{"kind":"raster_water_pixel_center","pixel_area_m2":10000.0,"source_type":"land","target_h3":"8728d13a4ffffff"},"type":"Feature"},{"geometry":{"coordinates":[-123.11464654344374,48.61486561931166],"type":"Point"},"id":"land:8728d13a4ffffff:88:123","properties":{"kind":"raster_water_pixel_center","pixel_area_m2":10000.0,"source_type":"land","target_h3":"8728d13a4ffffff"},"type":"Feature"},{"geometry":{"coordinates":[-123.11328978239831,48.614866961908504],"type":"Point"},"id":"land:8728d13a4ffffff:88:124","properties":{"kind":"raster_water_pixel_center","pixel_area_m2":10000.0,"source_type":"land","target_h3":"8728d13a4ffffff"},"type":"Feature"},{"geometry":{"coordinates":[-123.11193302125355,48.61486828852213],"type":"Point"},"id":"land:8728d13a4ffffff:88:125","properties":{"kind":"raster_water_pixel_center","pixel_area_m2":10000.0,"source_type":"land","target_h3":"8728d13a4ffffff"},"type":"Feature"},{"geometry":{"coordinates":[-123.114644506606,48.613965998975175],"type":"Point"},"id":"land:8728d13a4ffffff:89:123","properties":{"kind":"raster_water_pixel_center","pixel_area_m2":10000.0,"source_type":"land","target_h3":"8728d13a4ffffff"},"type":"Feature"},{"geometry":{"coordinates":[-123.11328776966499,48.6139673415298],"type":"Point"},"id":"land:8728d13a4ffffff:89:124","properties":{"kind":"raster_water_pixel_center","pixel_area_m2":10000.0,"source_type":"land","target_h3":"8728d13a4ffffff"},"type":"Feature"},{"geometry":{"coordinates":[-123.11193103262463,48.61396866810172],"type":"Point"},"id":"land:8728d13a4ffffff:89:125","properties":{"kind":"raster_water_pixel_center","pixel_area_m2":10000.0,"source_type":"land","target_h3":"8728d13a4ffffff"},"type":"Feature"},{"geometry":{"coordinates":[-123.11328575703104,48.61306772100979],"type":"Point"},"id":"land:8728d13a4ffffff:90:124","properties":{"kind":"raster_water_pixel_center","pixel_area_m2":10000.0,"source_type":"land","target_h3":"8728d13a4ffffff"},"type":"Feature"},{"geometry":{"coordinates":[-123.12398179065326,48.62405333660098],"type":"Point"},"id":"water:8728d13a4ffffff:0","properties":{"kind":"opaque_land_mask_target_sample","source_type":"water","target_h3":"8728d13a4ffffff"},"type":"Feature"},{"geometry":{"coordinates":[-123.11191889272239,48.61366550814442],"type":"Point"},"id":"water:8728d13a4ffffff:1","properties":{"kind":"opaque_land_mask_target_sample","source_type":"water","target_h3":"8728d13a4ffffff"},"type":"Feature"},{"geometry":{"coordinates":[-123.14142290236369,48.61805918709723],"type":"Point"},"id":"water:8728d13a4ffffff:2","properties":{"kind":"opaque_land_mask_target_sample","source_type":"water","target_h3":"8728d13a4ffffff"},"type":"Feature"}],"type":"FeatureCollection"}
